n_observations,repeat,method,global_error_analytic_sigma,local_rmse_analytic_sigma,joint_mahalanobis_per_dimension,map_runtime_seconds,sampling_runtime_seconds
2,0,analytic,0.0,0.0,0.0,0.0,0.5880275659728795
2,0,old_score,0.003316693939268589,0.006681797560304403,0.00914085004478693,0.1608767369762063,0.5880275659728795
2,0,joint_score,0.008028966374695301,0.009044532664120197,0.009984713047742844,0.2428082670085132,0.5880275659728795
2,1,analytic,0.0,0.0,0.0,0.0,0.2870997739955783
2,1,old_score,0.1172037124633789,0.10059265792369843,0.0687166228890419,0.1561483631376177,0.2870997739955783
2,1,joint_score,0.17522886395454407,0.14799270033836365,0.10181912034749985,0.20599456480704248,0.2870997739955783
2,2,analytic,0.0,0.0,0.0,0.0,0.2973972479812801
2,2,old_score,0.00897127017378807,0.007767954841256142,0.005859034601598978,0.15463765803724527,0.2973972479812801
2,2,joint_score,0.043515000492334366,0.035896629095077515,0.025266053155064583,0.19826883007772267,0.2973972479812801
2,3,analytic,0.0,0.0,0.0,0.0,0.2854786179959774
2,3,old_score,0.08749552816152573,0.0728209987282753,0.050525516271591187,0.15580589300952852,0.2854786179959774
2,3,joint_score,0.049660611897706985,0.03963032737374306,0.028757940977811813,0.1887710359878838,0.2854786179959774
2,4,analytic,0.0,0.0,0.0,0.0,0.2899942498188466
2,4,old_score,0.01947801560163498,0.01898697391152382,0.014398026280105114,0.1570935861673206,0.2899942498188466
2,4,joint_score,0.2597816288471222,0.2150639146566391,0.15021851658821106,0.18617069395259023,0.2899942498188466
2,5,analytic,0.0,0.0,0.0,0.0,0.28573309211060405
2,5,old_score,0.008396542631089687,0.007268785499036312,0.00898578017950058,0.1598927858285606,0.28573309211060405
2,5,joint_score,0.025384506210684776,0.01988181285560131,0.0164438895881176,0.20031210081651807,0.28573309211060405
2,6,analytic,0.0,0.0,0.0,0.0,0.2856386990752071
2,6,old_score,0.052165206521749496,0.042974330484867096,0.030468393117189407,0.15501449210569263,0.2856386990752071
2,6,joint_score,0.1631651073694229,0.13388174772262573,0.09432432800531387,0.2000349231529981,0.2856386990752071
2,7,analytic,0.0,0.0,0.0,0.0,0.28673913492821157
2,7,old_score,0.13015037775039673,0.11177989095449448,0.07680940628051758,0.15567756816744804,0.28673913492821157
2,7,joint_score,0.26835164427757263,0.2247045785188675,0.15565678477287292,0.19301746902056038,0.28673913492821157
2,8,analytic,0.0,0.0,0.0,0.0,0.28737278981134295
2,8,old_score,0.11994817107915878,0.10178297013044357,0.06941311061382294,0.15668669785372913,0.28737278981134295
2,8,joint_score,0.22163037955760956,0.18507683277130127,0.1280161738395691,0.19743194989860058,0.28737278981134295
2,9,analytic,0.0,0.0,0.0,0.0,0.28598100505769253
2,9,old_score,0.07354898005723953,0.061511702835559845,0.042541634291410446,0.1539155209902674,0.28598100505769253
2,9,joint_score,0.01844327338039875,0.01637832634150982,0.011004814878106117,0.19955227407626808,0.28598100505769253
2,10,analytic,0.0,0.0,0.0,0.0,0.2865154859609902
2,10,old_score,0.03345201164484024,0.029310250654816628,0.01968935877084732,0.1550446420442313,0.2865154859609902
2,10,joint_score,0.07737372070550919,0.06523820012807846,0.04480796679854393,0.21892145089805126,0.2865154859609902
2,11,analytic,0.0,0.0,0.0,0.0,0.2929438780993223
2,11,old_score,0.006151995621621609,0.00882923323661089,0.010392322205007076,0.15478382795117795,0.2929438780993223
2,11,joint_score,0.11938776075839996,0.09878033399581909,0.06957393884658813,0.19183508795686066,0.2929438780993223
2,12,analytic,0.0,0.0,0.0,0.0,0.283040267881006
2,12,old_score,0.10630620270967484,0.08980520069599152,0.061437755823135376,0.15348822018131614,0.283040267881006
2,12,joint_score,0.22131943702697754,0.18403734266757965,0.12778738141059875,0.24776667589321733,0.283040267881006
2,13,analytic,0.0,0.0,0.0,0.0,0.2863757011946291
2,13,old_score,0.02156081609427929,0.017988214269280434,0.013248330913484097,0.15484131686389446,0.2863757011946291
2,13,joint_score,0.11291723698377609,0.09256795048713684,0.06535511463880539,0.19165000412613153,0.2863757011946291
2,14,analytic,0.0,0.0,0.0,0.0,0.2872218079864979
2,14,old_score,0.022912662476301193,0.019873110577464104,0.014711830765008926,0.1557297499384731,0.2872218079864979
2,14,joint_score,0.2839308977127075,0.23337849974632263,0.16405968368053436,0.19351991801522672,0.2872218079864979
2,15,analytic,0.0,0.0,0.0,0.0,0.2900046019349247
2,15,old_score,0.02843552641570568,0.024270083755254745,0.016453949734568596,0.15594959701411426,0.2900046019349247
2,15,joint_score,0.35315296053886414,0.2885410785675049,0.20395809412002563,0.19173271395266056,0.2900046019349247
2,16,analytic,0.0,0.0,0.0,0.0,0.28750299382954836
2,16,old_score,0.020416628569364548,0.017358291894197464,0.012616803869605064,0.15546403196640313,0.28750299382954836
2,16,joint_score,0.127266988158226,0.10402889549732208,0.07363066077232361,0.1991667419206351,0.28750299382954836
2,17,analytic,0.0,0.0,0.0,0.0,0.28685990604572
2,17,old_score,0.07804173231124878,0.0673735961318016,0.04563345015048981,0.15559908701106906,0.28685990604572
2,17,joint_score,0.0944562777876854,0.08074522018432617,0.0549793466925621,0.19244786887429655,0.28685990604572
2,18,analytic,0.0,0.0,0.0,0.0,0.28681989619508386
2,18,old_score,0.037951502948999405,0.032398153096437454,0.02240345999598503,0.15532823302783072,0.28681989619508386
2,18,joint_score,0.10478934645652771,0.08482778072357178,0.060722604393959045,0.18870879686437547,0.28681989619508386
2,19,analytic,0.0,0.0,0.0,0.0,0.28804595908150077
2,19,old_score,0.032498836517333984,0.026949141174554825,0.018835758790373802,0.15744725591503084,0.28804595908150077
2,19,joint_score,0.036729637533426285,0.0304125789552927,0.021267468109726906,0.19030994502827525,0.28804595908150077
5,0,analytic,0.0,0.0,0.0,0.0,0.2876807670108974
5,0,old_score,0.1915503293275833,0.1379472315311432,0.07847517728805542,0.15538486000150442,0.2876807670108974
5,0,joint_score,0.10746531933546066,0.07280971854925156,0.04453730583190918,0.17987561807967722,0.2876807670108974
5,1,analytic,0.0,0.0,0.0,0.0,0.2886138679459691
5,1,old_score,0.04153939709067345,0.030334578827023506,0.019739404320716858,0.1556179579347372,0.2886138679459691
5,1,joint_score,0.28793925046920776,0.20291754603385925,0.11799518764019012,0.17844128608703613,0.2886138679459691
5,2,analytic,0.0,0.0,0.0,0.0,0.2859588039573282
5,2,old_score,0.0004066284454893321,0.004171960987150669,0.005332093685865402,0.15571352816186845,0.2859588039573282
5,2,joint_score,0.07564368844032288,0.05266645550727844,0.031348567456007004,0.23277804790996015,0.2859588039573282
5,3,analytic,0.0,0.0,0.0,0.0,0.2851756310556084
5,3,old_score,0.1156025230884552,0.08278489112854004,0.0483730286359787,0.1561539419926703,0.2851756310556084
5,3,joint_score,0.2778518497943878,0.19675877690315247,0.11391974985599518,0.20122772688046098,0.2851756310556084
5,4,analytic,0.0,0.0,0.0,0.0,0.28749956702813506
5,4,old_score,0.10051977634429932,0.07510910928249359,0.043601736426353455,0.1547573448624462,0.28749956702813506
5,4,joint_score,0.066628597676754,0.044733818620443344,0.031048350036144257,0.1752079981379211,0.28749956702813506
5,5,analytic,0.0,0.0,0.0,0.0,0.2868465769570321
5,5,old_score,0.8260325193405151,0.5959431529045105,0.3374476134777069,0.15589310694485903,0.2868465769570321
5,5,joint_score,0.6914002299308777,0.5009915828704834,0.28256502747535706,0.19021252915263176,0.2868465769570321
5,6,analytic,0.0,0.0,0.0,0.0,0.2874526239465922
5,6,old_score,0.06843465566635132,0.05236459895968437,0.03347069025039673,0.1556231789290905,0.2874526239465922
5,6,joint_score,0.04591839015483856,0.03315984085202217,0.026253793388605118,0.19890990387648344,0.2874526239465922
5,7,analytic,0.0,0.0,0.0,0.0,0.2852522369939834
5,7,old_score,0.17835834622383118,0.12797348201274872,0.0732017531991005,0.15591242699883878,0.2852522369939834
5,7,joint_score,0.17369282245635986,0.12467700988054276,0.07129968702793121,0.2320947169791907,0.2852522369939834
5,8,analytic,0.0,0.0,0.0,0.0,0.28827845491468906
5,8,old_score,0.09969059377908707,0.07205361872911453,0.04272794350981712,0.15638630604371428,0.28827845491468906
5,8,joint_score,0.26140066981315613,0.1854431927204132,0.10748342424631119,0.20059453905560076,0.28827845491468906
5,9,analytic,0.0,0.0,0.0,0.0,0.2867374720517546
5,9,old_score,0.15029200911521912,0.10859924554824829,0.06243911385536194,0.15514677413739264,0.2867374720517546
5,9,joint_score,0.37629812955856323,0.267459899187088,0.15403541922569275,0.19563010102137923,0.2867374720517546
5,10,analytic,0.0,0.0,0.0,0.0,0.29061241005547345
5,10,old_score,0.169597789645195,0.12217114865779877,0.06949102133512497,0.15652673388831317,0.29061241005547345
5,10,joint_score,0.34470507502555847,0.24537701904773712,0.14083200693130493,0.1819073969963938,0.29061241005547345
5,11,analytic,0.0,0.0,0.0,0.0,0.28604115010239184
5,11,old_score,0.11232653260231018,0.08271007239818573,0.04844275861978531,0.15546785504557192,0.28604115010239184
5,11,joint_score,0.3100298345088959,0.22131076455116272,0.12748576700687408,0.17971946392208338,0.28604115010239184
5,12,analytic,0.0,0.0,0.0,0.0,0.2872635880485177
5,12,old_score,0.4024776816368103,0.29107868671417236,0.1649574190378189,0.1566947940737009,0.2872635880485177
5,12,joint_score,0.2841495871543884,0.20779013633728027,0.11695444583892822,0.22131090494804084,0.2872635880485177
5,13,analytic,0.0,0.0,0.0,0.0,0.28524062992073596
5,13,old_score,0.31584060192108154,0.22870273888111115,0.1296362280845642,0.15623452397994697,0.28524062992073596
5,13,joint_score,0.4570980370044708,0.3280107080936432,0.18704573810100555,0.17588505987077951,0.28524062992073596
5,14,analytic,0.0,0.0,0.0,0.0,0.2857038259971887
5,14,old_score,0.4319133162498474,0.31177252531051636,0.17652447521686554,0.16142941219732165,0.2857038259971887
5,14,joint_score,0.4759346544742584,0.34269869327545166,0.1944623440504074,0.1794467600993812,0.2857038259971887
5,15,analytic,0.0,0.0,0.0,0.0,0.2848259031306952
5,15,old_score,0.3324063718318939,0.24008846282958984,0.13587377965450287,0.15473155910149217,0.2848259031306952
5,15,joint_score,0.30628156661987305,0.22165115177631378,0.1252272129058838,0.25789533485658467,0.2848259031306952
5,16,analytic,0.0,0.0,0.0,0.0,0.28549490799196064
5,16,old_score,0.1908453404903412,0.1381538361310959,0.07916117459535599,0.15474511520005763,0.28549490799196064
5,16,joint_score,0.16965113580226898,0.12324441969394684,0.07063409686088562,0.21946995193138719,0.28549490799196064
5,17,analytic,0.0,0.0,0.0,0.0,0.2897680029273033
5,17,old_score,0.13831889629364014,0.10048618167638779,0.057047899812459946,0.15790211502462626,0.2897680029273033
5,17,joint_score,0.5233644843101501,0.37138229608535767,0.21379731595516205,0.17945261392742395,0.2897680029273033
5,18,analytic,0.0,0.0,0.0,0.0,0.28749025287106633
5,18,old_score,0.3190373480319977,0.23089338839054108,0.13066504895687103,0.15643416089005768,0.28749025287106633
5,18,joint_score,0.25914594531059265,0.1886788159608841,0.10631899535655975,0.17725336202420294,0.28749025287106633
5,19,analytic,0.0,0.0,0.0,0.0,0.2897846410050988
5,19,old_score,0.649799644947052,0.4694371819496155,0.2659132182598114,0.1563551570288837,0.2897846410050988
5,19,joint_score,0.7656367421150208,0.5508230328559875,0.31306129693984985,0.17950962600298226,0.2897846410050988
10,0,analytic,0.0,0.0,0.0,0.0,0.292917168000713
10,0,old_score,0.6613568663597107,0.3955047130584717,0.19987289607524872,0.15739264315925539,0.292917168000713
10,0,joint_score,0.8858587741851807,0.5272536277770996,0.26742175221443176,0.18141591898165643,0.292917168000713
10,1,analytic,0.0,0.0,0.0,0.0,0.29211676004342735
10,1,old_score,0.5999509692192078,0.3591488301753998,0.18124006688594818,0.15839996980503201,0.29211676004342735
10,1,joint_score,0.512260913848877,0.3076450228691101,0.15486836433410645,0.20242161792702973,0.29211676004342735
10,2,analytic,0.0,0.0,0.0,0.0,0.2909707638900727
10,2,old_score,1.3605684041976929,0.8126552700996399,0.4104214012622833,0.15728292800486088,0.2909707638900727
10,2,joint_score,1.1736584901809692,0.7028996348381042,0.3541231155395508,0.18389960192143917,0.2909707638900727
10,3,analytic,0.0,0.0,0.0,0.0,0.2922062068246305
10,3,old_score,0.5144999623298645,0.30758556723594666,0.15604139864444733,0.15852309111505747,0.2922062068246305
10,3,joint_score,0.48472967743873596,0.2901323735713959,0.14712804555892944,0.20138794998638332,0.2922062068246305
10,4,analytic,0.0,0.0,0.0,0.0,0.29142461298033595
10,4,old_score,0.6574960947036743,0.3927592635154724,0.19858314096927643,0.15780539088882506,0.29142461298033595
10,4,joint_score,0.7292536497116089,0.4348283112049103,0.2201688289642334,0.19432956096716225,0.29142461298033595
10,5,analytic,0.0,0.0,0.0,0.0,0.2938178600743413
10,5,old_score,0.6647319793701172,0.3976454734802246,0.2007863074541092,0.15822453401051462,0.2938178600743413
10,5,joint_score,0.8095434904098511,0.48262593150138855,0.24436596035957336,0.18178426497615874,0.2938178600743413
10,6,analytic,0.0,0.0,0.0,0.0,0.2926504148636013
10,6,old_score,0.030436305329203606,0.021260349079966545,0.016288110986351967,0.15735268406569958,0.2926504148636013
10,6,joint_score,0.13014578819274902,0.07715068012475967,0.04146355390548706,0.1818483229726553,0.2926504148636013
10,7,analytic,0.0,0.0,0.0,0.0,0.29146606707945466
10,7,old_score,0.7113697528839111,0.42455682158470154,0.21471941471099854,0.15803083800710738,0.29146606707945466
10,7,joint_score,0.7233546376228333,0.43155625462532043,0.21832294762134552,0.18034332804381847,0.29146606707945466
10,8,analytic,0.0,0.0,0.0,0.0,0.2945700229611248
10,8,old_score,0.40216729044914246,0.24023829400539398,0.12178271263837814,0.1578296620864421,0.2945700229611248
10,8,joint_score,0.45912501215934753,0.27362966537475586,0.13887359201908112,0.1804132340475917,0.2945700229611248
10,9,analytic,0.0,0.0,0.0,0.0,0.29147551697678864
10,9,old_score,0.35989487171173096,0.21608878672122955,0.10904615372419357,0.15750185400247574,0.29147551697678864
10,9,joint_score,0.23868590593338013,0.14497758448123932,0.07279054820537567,0.18350518005900085,0.29147551697678864
10,10,analytic,0.0,0.0,0.0,0.0,0.2943486871663481
10,10,old_score,0.7773058414459229,0.46450021862983704,0.23450395464897156,0.1582392300479114,0.2943486871663481
10,10,joint_score,0.5142932534217834,0.3100573420524597,0.15532709658145905,0.18210263992659748,0.2943486871663481
10,11,analytic,0.0,0.0,0.0,0.0,0.2903997600078583
10,11,old_score,0.04867127537727356,0.029756393283605576,0.017170866951346397,0.15706304390914738,0.2903997600078583
10,11,joint_score,0.016941452398896217,0.012289044447243214,0.010246220976114273,0.19135668990202248,0.2903997600078583
10,12,analytic,0.0,0.0,0.0,0.0,0.29379439912736416
10,12,old_score,0.5247172117233276,0.31340405344963074,0.15844707190990448,0.16684144991450012,0.29379439912736416
10,12,joint_score,0.8195155262947083,0.48644572496414185,0.24723029136657715,0.19328091200441122,0.29379439912736416
10,13,analytic,0.0,0.0,0.0,0.0,0.2851844939868897
10,13,old_score,0.5360652804374695,0.3202125132083893,0.1622646301984787,0.1538243198301643,0.2851844939868897
10,13,joint_score,0.6811156272888184,0.4053095281124115,0.2058463990688324,0.17780187190510333,0.2851844939868897
10,14,analytic,0.0,0.0,0.0,0.0,0.2884177251253277
10,14,old_score,0.7241297960281372,0.4323795735836029,0.2186857908964157,0.15670719998888671,0.2884177251253277
10,14,joint_score,0.8259696364402771,0.4921185374259949,0.24933205544948578,0.2170238879043609,0.2884177251253277
10,15,analytic,0.0,0.0,0.0,0.0,0.28892491897568107
10,15,old_score,0.20399558544158936,0.12242170423269272,0.06303340196609497,0.15906136413104832,0.28892491897568107
10,15,joint_score,0.06490831822156906,0.04178400710225105,0.02388169802725315,0.2498944301623851,0.28892491897568107
10,16,analytic,0.0,0.0,0.0,0.0,0.28806384606286883
10,16,old_score,0.29746219515800476,0.17827671766281128,0.09003271907567978,0.1563389280345291,0.28806384606286883
10,16,joint_score,0.444091796875,0.2643088698387146,0.13411223888397217,0.2588125020265579,0.28806384606286883
10,17,analytic,0.0,0.0,0.0,0.0,0.28759054793044925
10,17,old_score,0.27748239040374756,0.16572679579257965,0.08449093997478485,0.15540749090723693,0.28759054793044925
10,17,joint_score,0.37681081891059875,0.22393906116485596,0.11419147253036499,0.26583325606770813,0.28759054793044925
10,18,analytic,0.0,0.0,0.0,0.0,0.28697629109956324
10,18,old_score,0.19326314330101013,0.11597030609846115,0.05927681177854538,0.1573218428529799,0.28697629109956324
10,18,joint_score,0.11549816280603409,0.07052484899759293,0.03647281602025032,0.2072744679171592,0.28697629109956324
10,19,analytic,0.0,0.0,0.0,0.0,0.28688646806403995
10,19,old_score,1.2188011407852173,0.7284111976623535,0.36777472496032715,0.15456882980652153,0.28688646806403995
10,19,joint_score,1.4598588943481445,0.8698906302452087,0.44038230180740356,0.19388287421315908,0.28688646806403995
25,0,analytic,0.0,0.0,0.0,0.0,0.2937407100107521
25,0,old_score,1.614193081855774,0.6952272653579712,0.31682005524635315,0.1562935879919678,0.2937407100107521
25,0,joint_score,1.390467643737793,0.6002814173698425,0.27300089597702026,0.2637859669048339,0.2937407100107521
25,1,analytic,0.0,0.0,0.0,0.0,0.2945938599295914
25,1,old_score,1.231244683265686,0.5306522250175476,0.2417663335800171,0.15641101589426398,0.2945938599295914
25,1,joint_score,0.962192714214325,0.4164385497570038,0.18910221755504608,0.1830299289431423,0.2945938599295914
25,2,analytic,0.0,0.0,0.0,0.0,0.2942148018628359
25,2,old_score,1.6631158590316772,0.7166520953178406,0.32640936970710754,0.15738134807907045,0.2942148018628359
25,2,joint_score,1.9942424297332764,0.8571727871894836,0.39129137992858887,0.2206353701185435,0.2942148018628359
25,3,analytic,0.0,0.0,0.0,0.0,0.2929122089408338
25,3,old_score,0.17630226910114288,0.0760604590177536,0.03667439892888069,0.1558152490761131,0.2929122089408338
25,3,joint_score,0.04061063751578331,0.020850492641329765,0.0144839221611619,0.1863043641205877,0.2929122089408338
25,4,analytic,0.0,0.0,0.0,0.0,0.2946040730457753
25,4,old_score,0.191676065325737,0.0832451730966568,0.03912593796849251,0.15752047393471003,0.2946040730457753
25,4,joint_score,0.2511140704154968,0.10832557082176208,0.050409235060214996,0.18526236689649522,0.2946040730457753
25,5,analytic,0.0,0.0,0.0,0.0,0.29506560298614204
25,5,old_score,0.016768136993050575,0.012395351193845272,0.011791246943175793,0.1561978249810636,0.29506560298614204
25,5,joint_score,0.3655622899532318,0.1559368520975113,0.0725744292140007,0.19095476903021336,0.29506560298614204
25,6,analytic,0.0,0.0,0.0,0.0,0.29284903104417026
25,6,old_score,0.40613049268722534,0.17473755776882172,0.08004122972488403,0.15601725480519235,0.29284903104417026
25,6,joint_score,0.5199366211891174,0.22301062941551208,0.10226848721504211,0.19103709794580936,0.29284903104417026
25,7,analytic,0.0,0.0,0.0,0.0,0.30111328698694706
25,7,old_score,3.082937240600586,1.3287372589111328,0.6048165559768677,0.15719678695313632,0.30111328698694706
25,7,joint_score,2.995074987411499,1.2913531064987183,0.5875928997993469,0.26837679790332913,0.30111328698694706
25,8,analytic,0.0,0.0,0.0,0.0,0.29382249410264194
25,8,old_score,1.143226981163025,0.49224719405174255,0.224516823887825,0.15627711894921958,0.29382249410264194
25,8,joint_score,1.242125153541565,0.5342045426368713,0.24388018250465393,0.1883104369044304,0.29382249410264194
25,9,analytic,0.0,0.0,0.0,0.0,0.3009678591042757
25,9,old_score,2.432687282562256,1.0486851930618286,0.4772794544696808,0.1552806010004133,0.3009678591042757
25,9,joint_score,2.4594969749450684,1.0600277185440063,0.48253166675567627,0.2284665210172534,0.3009678591042757
25,10,analytic,0.0,0.0,0.0,0.0,0.29523279308341444
25,10,old_score,0.09181684255599976,0.04141227900981903,0.02129632607102394,0.15615397808142006,0.29523279308341444
25,10,joint_score,0.053630344569683075,0.024026697501540184,0.015454445965588093,0.2027194951660931,0.29523279308341444
25,11,analytic,0.0,0.0,0.0,0.0,0.3013355939183384
25,11,old_score,1.0371137857437134,0.44651827216148376,0.20371794700622559,0.15607782802544534,0.3013355939183384
25,11,joint_score,1.2583847045898438,0.5404087901115417,0.24704396724700928,0.24143239296972752,0.3013355939183384
25,12,analytic,0.0,0.0,0.0,0.0,0.29417626187205315
25,12,old_score,0.6738372445106506,0.29034098982810974,0.13304027915000916,0.1558047600556165,0.29417626187205315
25,12,joint_score,0.9066342711448669,0.3890625834465027,0.17845392227172852,0.18454128107987344,0.29417626187205315
25,13,analytic,0.0,0.0,0.0,0.0,0.3024602250661701
25,13,old_score,2.2647533416748047,0.9757654070854187,0.44430866837501526,0.1603122460655868,0.3024602250661701
25,13,joint_score,2.2723443508148193,0.9789459109306335,0.44579434394836426,0.19374441192485392,0.3024602250661701
25,14,analytic,0.0,0.0,0.0,0.0,0.2942156989593059
25,14,old_score,1.7145252227783203,0.7389981746673584,0.33647915720939636,0.1559064311441034,0.2942156989593059
25,14,joint_score,1.437056303024292,0.6212127208709717,0.28212887048721313,0.1835867608897388,0.2942156989593059
25,15,analytic,0.0,0.0,0.0,0.0,0.30240247095935047
25,15,old_score,2.0501325130462646,0.8835253715515137,0.4022841453552246,0.1585968998260796,0.30240247095935047
25,15,joint_score,2.1302173137664795,0.9174882173538208,0.4179752767086029,0.18134134798310697,0.30240247095935047
25,16,analytic,0.0,0.0,0.0,0.0,0.29376858100295067
25,16,old_score,1.1826136112213135,0.509788990020752,0.23232893645763397,0.15595501707866788,0.29376858100295067
25,16,joint_score,1.165932536125183,0.5026785731315613,0.22905723750591278,0.18943523615598679,0.29376858100295067
25,17,analytic,0.0,0.0,0.0,0.0,0.29372265189886093
25,17,old_score,1.1322791576385498,0.48816585540771484,0.22236427664756775,0.15775735001079738,0.29372265189886093
25,17,joint_score,0.8252199292182922,0.35784444212913513,0.16228623688220978,0.26175310416147113,0.29372265189886093
25,18,analytic,0.0,0.0,0.0,0.0,0.29375899699516594
25,18,old_score,0.1361617147922516,0.059983231127262115,0.029279937967658043,0.15551947383210063,0.29375899699516594
25,18,joint_score,0.01972704567015171,0.01314187329262495,0.012597443535923958,0.18344014300964773,0.29375899699516594
25,19,analytic,0.0,0.0,0.0,0.0,0.2943813649471849
25,19,old_score,2.2674012184143066,0.9770585298538208,0.44490477442741394,0.15670930896885693,0.2943813649471849
25,19,joint_score,2.5255579948425293,1.0865918397903442,0.49549391865730286,0.2416294631548226,0.2943813649471849
50,0,analytic,0.0,0.0,0.0,0.0,0.3127710558474064
50,0,old_score,1.8737660646438599,0.6026700735092163,0.262708455324173,0.15809070691466331,0.3127710558474064
50,0,joint_score,1.2978631258010864,0.4202708303928375,0.18225407600402832,0.2635378111153841,0.3127710558474064
50,1,analytic,0.0,0.0,0.0,0.0,0.30340391700156033
50,1,old_score,1.071280837059021,0.3450506627559662,0.1505989134311676,0.16100544203072786,0.30340391700156033
50,1,joint_score,1.2535834312438965,0.4027634263038635,0.176031231880188,0.2764411799144,0.30340391700156033
50,2,analytic,0.0,0.0,0.0,0.0,0.30464403005316854
50,2,old_score,1.3066319227218628,0.4204394817352295,0.18340341746807098,0.1596248911228031,0.30464403005316854
50,2,joint_score,1.6301637887954712,0.522895336151123,0.228608638048172,0.1912265350110829,0.30464403005316854
50,3,analytic,0.0,0.0,0.0,0.0,0.3036960850004107
50,3,old_score,1.3602977991104126,0.4378295838832855,0.19083087146282196,0.1567877100314945,0.3036960850004107
50,3,joint_score,1.0227577686309814,0.3309321403503418,0.14370357990264893,0.18788944906555116,0.3036960850004107
50,4,analytic,0.0,0.0,0.0,0.0,0.3052953330334276
50,4,old_score,1.8361071348190308,0.5905104279518127,0.25740811228752136,0.15921961795538664,0.3052953330334276
50,4,joint_score,2.1443932056427,0.6881256103515625,0.3005183935165405,0.1954859639517963,0.3052953330334276
50,5,analytic,0.0,0.0,0.0,0.0,0.3025523000396788
50,5,old_score,0.8259907960891724,0.2655908465385437,0.11628545820713043,0.1563183779362589,0.3025523000396788
50,5,joint_score,0.22748036682605743,0.07657428830862045,0.03414280340075493,0.2500938610173762,0.3025523000396788
50,6,analytic,0.0,0.0,0.0,0.0,0.3075793271418661
50,6,old_score,1.4045674800872803,0.451824426651001,0.1970599740743637,0.15781388594768941,0.3075793271418661
50,6,joint_score,1.4297308921813965,0.4597804546356201,0.20057258009910583,0.19472613115794957,0.3075793271418661
50,7,analytic,0.0,0.0,0.0,0.0,0.30237226793542504
50,7,old_score,0.3852978050708771,0.1243412122130394,0.054805830121040344,0.1561519280076027,0.30237226793542504
50,7,joint_score,0.11198578029870987,0.038490522652864456,0.018409712240099907,0.28836444090120494,0.30237226793542504
50,8,analytic,0.0,0.0,0.0,0.0,0.3114139880053699
50,8,old_score,0.6216188669204712,0.2002975344657898,0.0879928320646286,0.15531508019194007,0.3114139880053699
50,8,joint_score,0.3762049973011017,0.12275342643260956,0.05421851575374603,0.28910100692883134,0.3114139880053699
50,9,analytic,0.0,0.0,0.0,0.0,0.30154897598549724
50,9,old_score,0.27125176787376404,0.0880553126335144,0.039933063089847565,0.15757861617021263,0.30154897598549724
50,9,joint_score,0.4695056974887848,0.1505252867937088,0.06687260419130325,0.2632514259312302,0.30154897598549724
50,10,analytic,0.0,0.0,0.0,0.0,0.30471893516369164
50,10,old_score,3.9997169971466064,1.2860896587371826,0.5602656602859497,0.15696216910146177,0.30471893516369164
50,10,joint_score,3.9834482669830322,1.2808713912963867,0.5579862594604492,0.1826613531447947,0.30471893516369164
50,11,analytic,0.0,0.0,0.0,0.0,0.3036296109203249
50,11,old_score,1.8746752738952637,0.6030068397521973,0.2627285122871399,0.15695285703986883,0.3036296109203249
50,11,joint_score,1.6899075508117676,0.5444461107254028,0.23688580095767975,0.2114888010546565,0.3036296109203249
50,12,analytic,0.0,0.0,0.0,0.0,0.3099602828733623
50,12,old_score,2.420727252960205,0.7791520357131958,0.33934926986694336,0.15622729808092117,0.3099602828733623
50,12,joint_score,2.742724657058716,0.8810970187187195,0.3843748867511749,0.1914043719880283,0.3099602828733623
50,13,analytic,0.0,0.0,0.0,0.0,0.30319177405908704
50,13,old_score,1.986722707748413,0.6386993527412415,0.27850884199142456,0.15741557721048594,0.30319177405908704
50,13,joint_score,2.2014615535736084,0.7067022323608398,0.30853840708732605,0.2631796458736062,0.30319177405908704
50,14,analytic,0.0,0.0,0.0,0.0,0.31241393904201686
50,14,old_score,1.1149489879608154,0.3589160144329071,0.15656279027462006,0.15650669299066067,0.31241393904201686
50,14,joint_score,1.046290397644043,0.3371516168117523,0.14697331190109253,0.22578293085098267,0.31241393904201686
50,15,analytic,0.0,0.0,0.0,0.0,0.30325521901249886
50,15,old_score,1.2993245124816895,0.41795095801353455,0.18229138851165771,0.1556366679724306,0.30325521901249886
50,15,joint_score,0.9872930645942688,0.3191346824169159,0.1387270838022232,0.18293529888615012,0.30325521901249886
50,16,analytic,0.0,0.0,0.0,0.0,0.31197793991304934
50,16,old_score,0.8313769102096558,0.2674042582511902,0.11709301918745041,0.15745254699140787,0.31197793991304934
50,16,joint_score,1.0811066627502441,0.3464449644088745,0.15189136564731598,0.1835767631419003,0.31197793991304934
50,17,analytic,0.0,0.0,0.0,0.0,0.30312659218907356
50,17,old_score,1.7249231338500977,0.5544293522834778,0.2419470250606537,0.15602971008047462,0.30312659218907356
50,17,joint_score,1.4499316215515137,0.46732014417648315,0.20352673530578613,0.1853700140491128,0.30312659218907356
50,18,analytic,0.0,0.0,0.0,0.0,0.30934776295907795
50,18,old_score,2.5806899070739746,0.8296568393707275,0.3615996837615967,0.1562467149924487,0.30934776295907795
50,18,joint_score,2.2237792015075684,0.7165354490280151,0.3116716146469116,0.18351203692145646,0.30934776295907795
50,19,analytic,0.0,0.0,0.0,0.0,0.30444898805581033
50,19,old_score,4.207665920257568,1.353182077407837,0.5894015431404114,0.15594427799806,0.30444898805581033
50,19,joint_score,4.322763442993164,1.3895864486694336,0.6055054664611816,0.1871687879320234,0.30444898805581033
