correction,inference_time_grid,label,mean_error_sigma,method,n_observations,repeat,runtime_seconds,sample_mean,sample_std,std_ratio,training_time_sampling,variant
gauss,log_sigma,"DPM-2 + Gaussian, log σ",0.3177184462547302,dpm,1,0,1.397802340972703,1.0087649822235107,0.7909485101699829,1.11857008934021,uniform,dpm_gauss_log_sigma
gauss,uniform_t,"DPM-2 + Gaussian, uniform t",0.33522626757621765,dpm,1,0,1.4307539889705367,0.9963850975036621,0.7698144316673279,1.0886820554733276,uniform,dpm_gauss_uniform_t
gauss,log_sigma,"Langevin + Gaussian, log σ",0.3376692533493042,langevin,1,0,3.289790135982912,0.9946576356887817,0.7933999300003052,1.1220369338989258,uniform,langevin_gauss_log_sigma
gauss,uniform_t,"Langevin + Gaussian, uniform t",0.31946316361427307,langevin,1,0,3.2957309279590845,1.0075312852859497,0.7869789004325867,1.1129562854766846,uniform,langevin_gauss_uniform_t
fnpe,log_sigma,"Langevin + F-NPSE, log σ",0.10562203079462051,langevin,1,0,3.1787795730051585,1.1587398052215576,0.5806981921195984,0.8212312459945679,uniform,langevin_fnpe_log_sigma
fnpe,uniform_t,"Langevin + F-NPSE, uniform t",0.16725875437259674,langevin,1,0,3.1581261309911497,1.1151560544967651,0.7840656638145447,1.10883629322052,uniform,langevin_fnpe_uniform_t
gauss,log_sigma,"DPM-2 + Gaussian, log σ",0.3279936909675598,dpm,1,0,1.4024512229952961,1.0014992952346802,0.7753929495811462,1.0965712070465088,log_sigma,dpm_gauss_log_sigma
gauss,uniform_t,"DPM-2 + Gaussian, uniform t",0.3069445490837097,dpm,1,0,1.3991375569603406,1.0163832902908325,0.7786461114883423,1.101171851158142,log_sigma,dpm_gauss_uniform_t
gauss,log_sigma,"Langevin + Gaussian, log σ",0.2924347221851349,langevin,1,0,3.2876931340433657,1.0266432762145996,0.7600842118263245,1.0749213695526123,log_sigma,langevin_gauss_log_sigma
gauss,uniform_t,"Langevin + Gaussian, uniform t",0.35094669461250305,langevin,1,0,3.290937240992207,0.9852690696716309,0.7932510375976562,1.121826410293579,log_sigma,langevin_gauss_uniform_t
fnpe,log_sigma,"Langevin + F-NPSE, log σ",0.1012500524520874,langevin,1,0,3.1722139609628357,1.3050204515457153,0.732799232006073,1.0363346338272095,log_sigma,langevin_fnpe_log_sigma
fnpe,uniform_t,"Langevin + F-NPSE, uniform t",0.008780031464993954,langevin,1,0,3.187753950012848,1.227217435836792,0.7821298837661743,1.1060986518859863,log_sigma,langevin_fnpe_uniform_t
gauss,log_sigma,"DPM-2 + Gaussian, log σ",0.2566154897212982,dpm,1,0,1.4025364040280692,1.0519713163375854,0.746365487575531,1.0555201768875122,mixture,dpm_gauss_log_sigma
gauss,uniform_t,"DPM-2 + Gaussian, uniform t",0.2869392931461334,dpm,1,0,1.3932575400103815,1.0305291414260864,0.738399863243103,1.0442551374435425,mixture,dpm_gauss_uniform_t
gauss,log_sigma,"Langevin + Gaussian, log σ",0.29618141055107117,langevin,1,0,3.281354464008473,1.023993968963623,0.7285822629928589,1.0303709506988525,mixture,langevin_gauss_log_sigma
gauss,uniform_t,"Langevin + Gaussian, uniform t",0.2713806927204132,langevin,1,0,3.282792494050227,1.041530728340149,0.7528867125511169,1.0647425651550293,mixture,langevin_gauss_uniform_t
fnpe,log_sigma,"Langevin + F-NPSE, log σ",0.051633261144161224,langevin,1,0,3.178686926024966,1.196915626525879,0.7218469977378845,1.020845890045166,mixture,langevin_fnpe_log_sigma
fnpe,uniform_t,"Langevin + F-NPSE, uniform t",0.008160809986293316,langevin,1,0,3.1672057259711437,1.227655291557312,0.8270123600959778,1.169572114944458,mixture,langevin_fnpe_uniform_t
gauss,log_sigma,"DPM-2 + Gaussian, log σ",0.20734189450740814,dpm,2,0,2.215767408022657,1.0548954010009766,0.6606294512748718,1.144243836402893,uniform,dpm_gauss_log_sigma
gauss,uniform_t,"DPM-2 + Gaussian, uniform t",0.21705186367034912,dpm,2,0,2.200837216048967,1.049289345741272,0.6643632650375366,1.150710940361023,uniform,dpm_gauss_uniform_t
gauss,log_sigma,"Langevin + Gaussian, log σ",0.1796649545431137,langevin,2,0,5.1476828689919785,1.0708746910095215,0.6549522876739502,1.1344106197357178,uniform,langevin_gauss_log_sigma
gauss,uniform_t,"Langevin + Gaussian, uniform t",0.19948814809322357,langevin,2,0,5.165276565006934,1.0594297647476196,0.6511293649673462,1.1277891397476196,uniform,langevin_gauss_uniform_t
fnpe,log_sigma,"Langevin + F-NPSE, log σ",0.2450122982263565,langevin,2,0,4.986651781015098,1.0331463813781738,0.4525257647037506,0.7837976217269897,uniform,langevin_fnpe_log_sigma
fnpe,uniform_t,"Langevin + F-NPSE, uniform t",0.14787375926971436,langevin,2,0,5.004947363981046,1.0892293453216553,0.6520017385482788,1.1293001174926758,uniform,langevin_fnpe_uniform_t
gauss,log_sigma,"DPM-2 + Gaussian, log σ",0.2349071353673935,dpm,2,0,2.2043293390306644,1.0389806032180786,0.623369038105011,1.0797069072723389,log_sigma,dpm_gauss_log_sigma
gauss,uniform_t,"DPM-2 + Gaussian, uniform t",0.2169186919927597,dpm,2,0,2.213847375009209,1.0493662357330322,0.6282362341880798,1.088137149810791,log_sigma,dpm_gauss_uniform_t
gauss,log_sigma,"Langevin + Gaussian, log σ",0.20761403441429138,langevin,2,0,5.164956962980796,1.0547382831573486,0.6415461897850037,1.1111905574798584,log_sigma,langevin_gauss_log_sigma
gauss,uniform_t,"Langevin + Gaussian, uniform t",0.230605810880661,langevin,2,0,5.1478425720124505,1.0414639711380005,0.6459876894950867,1.118883490562439,log_sigma,langevin_gauss_uniform_t
fnpe,log_sigma,"Langevin + F-NPSE, log σ",0.06817132979631424,langevin,2,0,4.987420321034733,1.2139630317687988,0.6196039915084839,1.0731855630874634,log_sigma,langevin_fnpe_log_sigma
fnpe,uniform_t,"Langevin + F-NPSE, uniform t",0.0060615320689976215,langevin,2,0,4.988108823017683,1.1711046695709229,0.6694939732551575,1.159597635269165,log_sigma,langevin_fnpe_uniform_t
gauss,log_sigma,"DPM-2 + Gaussian, log σ",0.12357456237077713,dpm,2,0,2.2156245359801687,1.103258490562439,0.6142125129699707,1.063847303390503,mixture,dpm_gauss_log_sigma
gauss,uniform_t,"DPM-2 + Gaussian, uniform t",0.1617194563150406,dpm,2,0,2.2180002740351483,1.0812355279922485,0.5970513224601746,1.0341233015060425,mixture,dpm_gauss_uniform_t
gauss,log_sigma,"Langevin + Gaussian, log σ",0.1808197796344757,langevin,2,0,5.164839909994043,1.070207953453064,0.6183398962020874,1.0709961652755737,mixture,langevin_gauss_log_sigma
gauss,uniform_t,"Langevin + Gaussian, uniform t",0.13469374179840088,langevin,2,0,5.148678606026806,1.0968388319015503,0.613081693649292,1.0618886947631836,mixture,langevin_gauss_uniform_t
fnpe,log_sigma,"Langevin + F-NPSE, log σ",0.05693797394633293,langevin,2,0,5.001693582045846,1.1417311429977417,0.5942118167877197,1.029205083847046,mixture,langevin_fnpe_log_sigma
fnpe,uniform_t,"Langevin + F-NPSE, uniform t",0.023703301325440407,langevin,2,0,5.003331427986268,1.1882894039154053,0.7292851805686951,1.2631590366363525,mixture,langevin_fnpe_uniform_t
gauss,log_sigma,"DPM-2 + Gaussian, log σ",0.0785093903541565,dpm,5,0,4.764536535018124,1.3758870363235474,0.4663134217262268,1.1422299146652222,uniform,dpm_gauss_log_sigma
gauss,uniform_t,"DPM-2 + Gaussian, uniform t",0.04186752811074257,dpm,5,0,4.744051077985205,1.3908460140228271,0.4744066596031189,1.162054181098938,uniform,dpm_gauss_uniform_t
gauss,log_sigma,"Langevin + Gaussian, log σ",0.04541885480284691,langevin,5,0,11.02029689901974,1.3893961906433105,0.4668050706386566,1.1434341669082642,uniform,langevin_gauss_log_sigma
gauss,uniform_t,"Langevin + Gaussian, uniform t",0.0561186820268631,langevin,5,0,10.975476513034664,1.3850280046463013,0.4710367023944855,1.1537995338439941,uniform,langevin_gauss_uniform_t
fnpe,log_sigma,"Langevin + F-NPSE, log σ",0.5459025502204895,langevin,5,0,10.853164119005669,1.1850745677947998,0.32026052474975586,0.7844748497009277,uniform,langevin_fnpe_log_sigma
fnpe,uniform_t,"Langevin + F-NPSE, uniform t",0.18928849697113037,langevin,5,0,10.862330864008982,1.330661654472351,0.4668239653110504,1.1434804201126099,uniform,langevin_fnpe_uniform_t
gauss,log_sigma,"DPM-2 + Gaussian, log σ",0.04986487701535225,dpm,5,0,4.7748027999768965,1.3875811100006104,0.42276808619499207,1.0355660915374756,log_sigma,dpm_gauss_log_sigma
gauss,uniform_t,"DPM-2 + Gaussian, uniform t",0.08471997827291489,dpm,5,0,4.7706504730158485,1.3733515739440918,0.42309877276420593,1.0363761186599731,log_sigma,dpm_gauss_uniform_t
gauss,log_sigma,"Langevin + Gaussian, log σ",0.07776711881160736,langevin,5,0,11.058019621996209,1.3761900663375854,0.43121862411499023,1.0562655925750732,log_sigma,langevin_gauss_log_sigma
gauss,uniform_t,"Langevin + Gaussian, uniform t",0.09623215347528458,langevin,5,0,11.020595417008735,1.3686517477035522,0.4261039197444916,1.0437371730804443,log_sigma,langevin_gauss_uniform_t
fnpe,log_sigma,"Langevin + F-NPSE, log σ",0.21308518946170807,langevin,5,0,10.930214063962922,1.4949300289154053,0.4513506293296814,1.1055786609649658,log_sigma,langevin_fnpe_log_sigma
fnpe,uniform_t,"Langevin + F-NPSE, uniform t",0.0036383438855409622,langevin,5,0,10.935560518992133,1.406453013420105,0.4727497398853302,1.157995581626892,log_sigma,langevin_fnpe_uniform_t
gauss,log_sigma,"DPM-2 + Gaussian, log σ",0.32535290718078613,dpm,5,0,4.82216951996088,1.5407631397247314,0.5004199147224426,1.2257734537124634,mixture,dpm_gauss_log_sigma
gauss,uniform_t,"DPM-2 + Gaussian, uniform t",0.277581125497818,dpm,5,0,4.732371875026729,1.521260380744934,0.4959806203842163,1.2148994207382202,mixture,dpm_gauss_uniform_t
gauss,log_sigma,"Langevin + Gaussian, log σ",0.2766534388065338,langevin,5,0,10.976936277991626,1.5208816528320312,0.4945002496242523,1.211273193359375,mixture,langevin_gauss_log_sigma
gauss,uniform_t,"Langevin + Gaussian, uniform t",0.2351216971874237,langevin,5,0,11.006770031002816,1.503926396369934,0.5044273734092712,1.235589623451233,mixture,langevin_gauss_uniform_t
fnpe,log_sigma,"Langevin + F-NPSE, log σ",0.01337836030870676,langevin,5,0,10.894632528012153,1.4134000539779663,0.4350803792476654,1.0657248497009277,mixture,langevin_fnpe_log_sigma
fnpe,uniform_t,"Langevin + F-NPSE, uniform t",0.1968221366405487,langevin,5,0,10.850566915993113,1.4882906675338745,0.5300763249397278,1.2984164953231812,mixture,langevin_fnpe_uniform_t
gauss,log_sigma,"DPM-2 + Gaussian, log σ",0.018052708357572556,dpm,10,0,9.084849547012709,1.5303043127059937,0.32669126987457275,1.083512306213379,uniform,dpm_gauss_log_sigma
gauss,uniform_t,"DPM-2 + Gaussian, uniform t",0.002684974577277899,dpm,10,0,9.103350271994714,1.5365569591522217,0.3370276391506195,1.117794156074524,uniform,dpm_gauss_uniform_t
gauss,log_sigma,"Langevin + Gaussian, log σ",0.012951216660439968,langevin,10,0,20.909602536994498,1.5396523475646973,0.333117812871933,1.104826807975769,uniform,langevin_gauss_log_sigma
gauss,uniform_t,"Langevin + Gaussian, uniform t",0.05007866770029068,langevin,10,0,20.903627030958887,1.5508466958999634,0.3313131332397461,1.0988413095474243,uniform,langevin_gauss_uniform_t
fnpe,log_sigma,"Langevin + F-NPSE, log σ",0.8671388626098633,langevin,10,0,20.740350970008876,1.2742952108383179,0.23815134167671204,0.7898586392402649,uniform,langevin_fnpe_log_sigma
fnpe,uniform_t,"Langevin + F-NPSE, uniform t",0.20389635860919952,langevin,10,0,20.78954743797658,1.4742703437805176,0.34531766176223755,1.1452890634536743,uniform,langevin_fnpe_uniform_t
gauss,log_sigma,"DPM-2 + Gaussian, log σ",0.38712185621261597,dpm,10,0,9.081205594993662,1.6524690389633179,0.3285900950431824,1.0898100137710571,log_sigma,dpm_gauss_log_sigma
gauss,uniform_t,"DPM-2 + Gaussian, uniform t",0.38684508204460144,dpm,10,0,9.087474611995276,1.6523855924606323,0.3219303786754608,1.0677223205566406,log_sigma,dpm_gauss_uniform_t
gauss,log_sigma,"Langevin + Gaussian, log σ",0.35652753710746765,langevin,10,0,20.90185265499167,1.6432445049285889,0.3208116292953491,1.064011812210083,log_sigma,langevin_gauss_log_sigma
gauss,uniform_t,"Langevin + Gaussian, uniform t",0.2880822420120239,langevin,10,0,20.93401453702245,1.6226074695587158,0.32805219292640686,1.0880260467529297,log_sigma,langevin_gauss_uniform_t
fnpe,log_sigma,"Langevin + F-NPSE, log σ",0.3300964832305908,langevin,10,0,20.803592550975736,1.6352752447128296,0.33544519543647766,1.1125458478927612,log_sigma,langevin_fnpe_log_sigma
fnpe,uniform_t,"Langevin + F-NPSE, uniform t",0.04594425857067108,langevin,10,0,20.8524902559584,1.5496001243591309,0.3593934178352356,1.191973090171814,log_sigma,langevin_fnpe_uniform_t
gauss,log_sigma,"DPM-2 + Gaussian, log σ",1.2904605865478516,dpm,10,0,9.11389587901067,1.9248359203338623,0.42408132553100586,1.406518578529358,mixture,dpm_gauss_log_sigma
gauss,uniform_t,"DPM-2 + Gaussian, uniform t",1.2240676879882812,dpm,10,0,9.102570090035442,1.9048177003860474,0.42157575488090515,1.3982086181640625,mixture,dpm_gauss_uniform_t
gauss,log_sigma,"Langevin + Gaussian, log σ",1.311070203781128,langevin,10,0,20.90838261198951,1.9310499429702759,0.42581620812416077,1.412272572517395,mixture,langevin_gauss_log_sigma
gauss,uniform_t,"Langevin + Gaussian, uniform t",1.1884422302246094,langevin,10,0,20.881033803976607,1.8940762281417847,0.42595165967941284,1.412721872329712,mixture,langevin_gauss_uniform_t
fnpe,log_sigma,"Langevin + F-NPSE, log σ",0.12324195355176926,langevin,10,0,20.724553740990814,1.572906255722046,0.32792943716049194,1.0876189470291138,mixture,langevin_fnpe_log_sigma
fnpe,uniform_t,"Langevin + F-NPSE, uniform t",0.3610873520374298,langevin,10,0,20.751591968990397,1.644619345664978,0.40425798296928406,1.340772032737732,mixture,langevin_fnpe_uniform_t
gauss,log_sigma,"DPM-2 + Gaussian, log σ",0.9360089302062988,dpm,25,0,22.084124455985148,1.6879222393035889,0.1645774394273758,0.8391835689544678,uniform,dpm_gauss_log_sigma
gauss,uniform_t,"DPM-2 + Gaussian, uniform t",0.9185793995857239,dpm,25,0,22.039917363028508,1.691340446472168,0.17044495046138763,0.8691021203994751,uniform,dpm_gauss_uniform_t
gauss,log_sigma,"Langevin + Gaussian, log σ",0.8833842873573303,langevin,25,0,50.77324286598014,1.6982427835464478,0.16929292678833008,0.8632279634475708,uniform,langevin_gauss_log_sigma
gauss,uniform_t,"Langevin + Gaussian, uniform t",0.8171547055244446,langevin,25,0,50.80824476695852,1.7112314701080322,0.16435645520687103,0.8380568027496338,uniform,langevin_gauss_uniform_t
fnpe,log_sigma,"Langevin + F-NPSE, log σ",1.5444854497909546,langevin,25,0,50.75988836801844,1.5685901641845703,0.14875714480876923,0.7585155963897705,uniform,langevin_fnpe_log_sigma
fnpe,uniform_t,"Langevin + F-NPSE, uniform t",0.3718124330043793,langevin,25,0,50.83785775396973,1.7985702753067017,0.22002440690994263,1.1219087839126587,uniform,langevin_fnpe_uniform_t
gauss,log_sigma,"DPM-2 + Gaussian, log σ",2.3253047466278076,dpm,25,0,22.07093669596361,2.3275184631347656,0.21607254445552826,1.1017581224441528,log_sigma,dpm_gauss_log_sigma
gauss,uniform_t,"DPM-2 + Gaussian, uniform t",2.2197015285491943,dpm,25,0,22.046201333985664,2.3068079948425293,0.2231130450963974,1.1376577615737915,log_sigma,dpm_gauss_uniform_t
gauss,log_sigma,"Langevin + Gaussian, log σ",2.3098506927490234,langevin,25,0,50.65187630604487,2.3244876861572266,0.21800312399864197,1.1116021871566772,log_sigma,langevin_gauss_log_sigma
gauss,uniform_t,"Langevin + Gaussian, uniform t",1.9660736322402954,langevin,25,0,50.8025021229987,2.2570674419403076,0.23577114939689636,1.2022017240524292,log_sigma,langevin_gauss_uniform_t
fnpe,log_sigma,"Langevin + F-NPSE, log σ",0.4312942326068878,langevin,25,0,50.56773687398527,1.956072449684143,0.21242520213127136,1.0831602811813354,log_sigma,langevin_fnpe_log_sigma
fnpe,uniform_t,"Langevin + F-NPSE, uniform t",0.008160392753779888,langevin,25,0,50.621626164997,1.8698883056640625,0.2340412586927414,1.1933809518814087,log_sigma,langevin_fnpe_uniform_t
gauss,log_sigma,"DPM-2 + Gaussian, log σ",2.265145778656006,dpm,25,0,22.098207778995857,2.315720319747925,0.25316503643989563,1.2908934354782104,mixture,dpm_gauss_log_sigma
gauss,uniform_t,"DPM-2 + Gaussian, uniform t",2.2311620712280273,dpm,25,0,22.194131516036578,2.3090555667877197,0.24514555931091309,1.2500020265579224,mixture,dpm_gauss_uniform_t
gauss,log_sigma,"Langevin + Gaussian, log σ",2.4491541385650635,langevin,25,0,50.81434021698078,2.3518073558807373,0.2456633299589157,1.2526421546936035,mixture,langevin_gauss_log_sigma
gauss,uniform_t,"Langevin + Gaussian, uniform t",2.463069200515747,langevin,25,0,50.858340091013815,2.354536294937134,0.2631002962589264,1.3415535688400269,mixture,langevin_gauss_uniform_t
fnpe,log_sigma,"Langevin + F-NPSE, log σ",0.17812754213809967,langevin,25,0,50.719783395994455,1.9064223766326904,0.21599100530147552,1.1013423204421997,mixture,langevin_fnpe_log_sigma
fnpe,uniform_t,"Langevin + F-NPSE, uniform t",0.5551103353500366,langevin,25,0,50.575643285003025,1.9803547859191895,0.25208261609077454,1.2853741645812988,mixture,langevin_fnpe_uniform_t
gauss,log_sigma,"DPM-2 + Gaussian, log σ",2.7942821979522705,dpm,50,0,43.34905327600427,1.4236197471618652,0.10309356451034546,0.7362352609634399,uniform,dpm_gauss_log_sigma
gauss,uniform_t,"DPM-2 + Gaussian, uniform t",2.776416301727295,dpm,50,0,43.350603513012175,1.426121473312378,0.10187719017267227,0.7275485992431641,uniform,dpm_gauss_uniform_t
gauss,log_sigma,"Langevin + Gaussian, log σ",2.741551160812378,langevin,50,0,99.71370559302159,1.4310035705566406,0.10140789300203323,0.7241971492767334,uniform,langevin_gauss_log_sigma
gauss,uniform_t,"Langevin + Gaussian, uniform t",2.6909866333007812,langevin,50,0,99.5476784640341,1.4380840063095093,0.10167038440704346,0.7260717153549194,uniform,langevin_gauss_uniform_t
fnpe,log_sigma,"Langevin + F-NPSE, log σ",2.1062357425689697,langevin,50,0,99.2909897720092,1.5199655294418335,0.10879408568143845,0.7769451141357422,uniform,langevin_fnpe_log_sigma
fnpe,uniform_t,"Langevin + F-NPSE, uniform t",0.44259512424468994,langevin,50,0,99.62569434096804,1.7529218196868896,0.15732134878635406,1.1234991550445557,uniform,langevin_fnpe_uniform_t
gauss,log_sigma,"DPM-2 + Gaussian, log σ",3.337270736694336,dpm,50,0,43.27346846397268,2.2822089195251465,0.14989905059337616,1.0704933404922485,log_sigma,dpm_gauss_log_sigma
gauss,uniform_t,"DPM-2 + Gaussian, uniform t",3.2853381633758545,dpm,50,0,43.08275968302041,2.2749369144439697,0.15145114064216614,1.0815774202346802,log_sigma,dpm_gauss_uniform_t
gauss,log_sigma,"Langevin + Gaussian, log σ",3.407562732696533,langevin,50,0,99.26765224803239,2.2920517921447754,0.1524219661951065,1.088510513305664,log_sigma,langevin_gauss_log_sigma
gauss,uniform_t,"Langevin + Gaussian, uniform t",3.117497682571411,langevin,50,0,99.15787008899497,2.251434564590454,0.16190439462661743,1.1562285423278809,log_sigma,langevin_gauss_uniform_t
fnpe,log_sigma,"Langevin + F-NPSE, log σ",0.5690380930900574,langevin,50,0,99.39523181901313,1.8945788145065308,0.15290454030036926,1.0919567346572876,log_sigma,langevin_fnpe_log_sigma
fnpe,uniform_t,"Langevin + F-NPSE, uniform t",0.03748467192053795,langevin,50,0,99.2945567870047,1.8201464414596558,0.16455666720867157,1.175169587135315,log_sigma,langevin_fnpe_uniform_t
gauss,log_sigma,"DPM-2 + Gaussian, log σ",0.22586321830749512,dpm,50,0,43.41798876703251,1.846524715423584,0.14504891633987427,1.0358563661575317,mixture,dpm_gauss_log_sigma
gauss,uniform_t,"DPM-2 + Gaussian, uniform t",0.3842836618423462,dpm,50,0,43.302618412999436,1.8687080144882202,0.1415976583957672,1.011209487915039,mixture,dpm_gauss_uniform_t
gauss,log_sigma,"Langevin + Gaussian, log σ",0.4084135890007019,langevin,50,0,99.47735253500286,1.8720868825912476,0.14359019696712494,1.0254390239715576,mixture,langevin_gauss_log_sigma
gauss,uniform_t,"Langevin + Gaussian, uniform t",1.1107537746429443,langevin,50,0,99.52773795998655,1.9704341888427734,0.15005996823310852,1.071642518043518,mixture,langevin_gauss_uniform_t
fnpe,log_sigma,"Langevin + F-NPSE, log σ",0.13308757543563843,langevin,50,0,99.4079403890064,1.833533525466919,0.14961957931518555,1.0684974193572998,mixture,langevin_fnpe_log_sigma
fnpe,uniform_t,"Langevin + F-NPSE, uniform t",0.7416518330574036,langevin,50,0,99.37083738902584,1.9187495708465576,0.18535445630550385,1.3236955404281616,mixture,langevin_fnpe_uniform_t
gauss,log_sigma,"DPM-2 + Gaussian, log σ",0.0018867668695747852,dpm,1,1,1.3821871969848871,-0.20675207674503326,0.7507386207580566,1.0617047548294067,uniform,dpm_gauss_log_sigma
gauss,uniform_t,"DPM-2 + Gaussian, uniform t",0.013565047644078732,dpm,1,1,1.377386824984569,-0.19849428534507751,0.7507987022399902,1.0617897510528564,uniform,dpm_gauss_uniform_t
gauss,log_sigma,"Langevin + Gaussian, log σ",0.034017544239759445,langevin,1,1,3.23572898801649,-0.18403218686580658,0.7472406625747681,1.056757926940918,uniform,langevin_gauss_log_sigma
gauss,uniform_t,"Langevin + Gaussian, uniform t",0.030101805925369263,langevin,1,1,3.2341632829629816,-0.1868010312318802,0.7533022165298462,1.0653302669525146,uniform,langevin_gauss_uniform_t
fnpe,log_sigma,"Langevin + F-NPSE, log σ",0.0076886387541890144,langevin,1,1,3.1235998409683816,-0.21352291107177734,0.6063527464866638,0.8575122952461243,uniform,langevin_fnpe_log_sigma
fnpe,uniform_t,"Langevin + F-NPSE, uniform t",0.00927645806223154,langevin,1,1,3.123421552008949,-0.21464566886425018,0.7926345467567444,1.1209545135498047,uniform,langevin_fnpe_uniform_t
gauss,log_sigma,"DPM-2 + Gaussian, log σ",0.025773493573069572,dpm,1,1,1.3745595950167626,-0.18986161053180695,0.7610130906105042,1.076235055923462,log_sigma,dpm_gauss_log_sigma
gauss,uniform_t,"DPM-2 + Gaussian, uniform t",0.06432340294122696,dpm,1,1,1.3708511019940488,-0.16260270774364471,0.7685999870300293,1.08696448802948,log_sigma,dpm_gauss_uniform_t
gauss,log_sigma,"Langevin + Gaussian, log σ",0.05060159042477608,langevin,1,1,3.225967119971756,-0.17230549454689026,0.7866183519363403,1.1124463081359863,log_sigma,langevin_gauss_log_sigma
gauss,uniform_t,"Langevin + Gaussian, uniform t",0.03836008161306381,langevin,1,1,3.2306665770011023,-0.18096154928207397,0.7708830833435059,1.090193271636963,log_sigma,langevin_gauss_uniform_t
fnpe,log_sigma,"Langevin + F-NPSE, log σ",0.01236063800752163,langevin,1,1,3.1261479390086606,-0.1993459314107895,0.7543210983276367,1.066771149635315,log_sigma,langevin_fnpe_log_sigma
fnpe,uniform_t,"Langevin + F-NPSE, uniform t",0.04679457098245621,langevin,1,1,3.1158214529859833,-0.1749974638223648,0.8050289750099182,1.138482928276062,log_sigma,langevin_fnpe_uniform_t
gauss,log_sigma,"DPM-2 + Gaussian, log σ",0.02877340093255043,dpm,1,1,1.3729053090210073,-0.18774035573005676,0.7455435395240784,1.0543577671051025,mixture,dpm_gauss_log_sigma
gauss,uniform_t,"DPM-2 + Gaussian, uniform t",0.017124202102422714,dpm,1,1,1.3695504979696125,-0.195977583527565,0.7511315941810608,1.0622605085372925,mixture,dpm_gauss_uniform_t
gauss,log_sigma,"Langevin + Gaussian, log σ",0.021098986268043518,langevin,1,1,3.230895883985795,-0.19316698610782623,0.7331122756004333,1.036777377128601,mixture,langevin_gauss_log_sigma
gauss,uniform_t,"Langevin + Gaussian, uniform t",0.01828494668006897,langevin,1,1,3.2225276780081913,-0.19515681266784668,0.750364363193512,1.0611754655838013,mixture,langevin_gauss_uniform_t
fnpe,log_sigma,"Langevin + F-NPSE, log σ",0.011864064261317253,langevin,1,1,3.121271031035576,-0.19969706237316132,0.6817680597305298,0.9641656279563904,mixture,langevin_fnpe_log_sigma
fnpe,uniform_t,"Langevin + F-NPSE, uniform t",0.020500291138887405,langevin,1,1,3.108962533005979,-0.19359032809734344,0.8180638551712036,1.1569169759750366,mixture,langevin_fnpe_uniform_t
gauss,log_sigma,"DPM-2 + Gaussian, log σ",0.012939732521772385,dpm,2,1,2.1659370330162346,-0.011414707638323307,0.6273594498634338,1.086618423461914,uniform,dpm_gauss_log_sigma
gauss,uniform_t,"DPM-2 + Gaussian, uniform t",0.0026376855093985796,dpm,2,1,2.1732479209895246,-0.00546681834384799,0.62308269739151,1.079210877418518,uniform,dpm_gauss_uniform_t
gauss,log_sigma,"Langevin + Gaussian, log σ",0.04452712461352348,langevin,2,1,5.077874626033008,-0.029651697725057602,0.636014997959137,1.1016103029251099,uniform,langevin_gauss_log_sigma
gauss,uniform_t,"Langevin + Gaussian, uniform t",0.01794435642659664,langevin,2,1,5.101817994029261,-0.014304128475487232,0.6410391330718994,1.1103123426437378,uniform,langevin_gauss_uniform_t
fnpe,log_sigma,"Langevin + F-NPSE, log σ",0.0481564886868,langevin,2,1,4.9327949049766175,-0.031747110188007355,0.5014894008636475,0.8686051368713379,uniform,langevin_fnpe_log_sigma
fnpe,uniform_t,"Langevin + F-NPSE, uniform t",0.045199524611234665,langevin,2,1,4.931175125006121,-0.03003990650177002,0.6872820258140564,1.190407395362854,uniform,langevin_fnpe_uniform_t
gauss,log_sigma,"DPM-2 + Gaussian, log σ",0.025423472747206688,dpm,2,1,2.188159487035591,0.010734298266470432,0.6334274411201477,1.0971285104751587,log_sigma,dpm_gauss_log_sigma
gauss,uniform_t,"DPM-2 + Gaussian, uniform t",0.027240106835961342,dpm,2,1,2.190539497998543,0.011783132329583168,0.6307019591331482,1.0924078226089478,log_sigma,dpm_gauss_uniform_t
gauss,log_sigma,"Langevin + Gaussian, log σ",0.018784314393997192,langevin,2,1,5.075515948003158,0.006901178974658251,0.6295258402824402,1.090370774269104,log_sigma,langevin_gauss_log_sigma
gauss,uniform_t,"Langevin + Gaussian, uniform t",0.014160105027258396,langevin,2,1,5.072379204968456,0.004231390543282032,0.6287645101547241,1.0890520811080933,log_sigma,langevin_gauss_uniform_t
fnpe,log_sigma,"Langevin + F-NPSE, log σ",0.04181007668375969,langevin,2,1,4.921331185963936,0.02019510790705681,0.6424701809883118,1.1127910614013672,log_sigma,langevin_fnpe_log_sigma
fnpe,uniform_t,"Langevin + F-NPSE, uniform t",0.03371643275022507,langevin,2,1,4.938214652007446,0.015522242523729801,0.6676955819129944,1.1564826965332031,log_sigma,langevin_fnpe_uniform_t
gauss,log_sigma,"DPM-2 + Gaussian, log σ",0.008167670108377934,dpm,2,1,2.200270247994922,-0.00865955650806427,0.5951011180877686,1.0307453870773315,mixture,dpm_gauss_log_sigma
gauss,uniform_t,"DPM-2 + Gaussian, uniform t",0.016928981989622116,dpm,2,1,2.1866839100257494,0.005830002017319202,0.6005674004554749,1.0402132272720337,mixture,dpm_gauss_uniform_t
gauss,log_sigma,"Langevin + Gaussian, log σ",0.00645394716411829,langevin,2,1,5.098814333963674,-0.007670138031244278,0.6090852618217468,1.054966688156128,mixture,langevin_gauss_log_sigma
gauss,uniform_t,"Langevin + Gaussian, uniform t",0.020249858498573303,langevin,2,1,5.0787264670361765,-0.015635211020708084,0.590793788433075,1.023284912109375,mixture,langevin_gauss_uniform_t
fnpe,log_sigma,"Langevin + F-NPSE, log σ",0.03650304675102234,langevin,2,1,4.9387365450384095,-0.025018993765115738,0.601294755935669,1.0414730310440063,mixture,langevin_fnpe_log_sigma
fnpe,uniform_t,"Langevin + F-NPSE, uniform t",0.01877523772418499,langevin,2,1,4.938471344998106,0.006895939353853464,0.7064540386199951,1.2236143350601196,mixture,langevin_fnpe_uniform_t
gauss,log_sigma,"DPM-2 + Gaussian, log σ",0.024536555632948875,dpm,5,1,4.702177822007798,-0.11587908864021301,0.48786452412605286,1.1950191259384155,uniform,dpm_gauss_log_sigma
gauss,uniform_t,"DPM-2 + Gaussian, uniform t",0.029343437403440475,dpm,5,1,4.717881661024876,-0.11784148961305618,0.48482605814933777,1.187576413154602,uniform,dpm_gauss_uniform_t
gauss,log_sigma,"Langevin + Gaussian, log σ",0.04182182997465134,langevin,5,1,10.931546010018792,-0.12293577194213867,0.49553826451301575,1.2138158082962036,uniform,langevin_gauss_log_sigma
gauss,uniform_t,"Langevin + Gaussian, uniform t",0.04453345015645027,langevin,5,1,10.941954130015802,-0.12404278665781021,0.48567840456962585,1.1896642446517944,uniform,langevin_gauss_uniform_t
fnpe,log_sigma,"Langevin + F-NPSE, log σ",0.0032635778188705444,langevin,5,1,10.83735493302811,-0.1045297309756279,0.36769232153892517,0.9006585478782654,uniform,langevin_fnpe_log_sigma
fnpe,uniform_t,"Langevin + F-NPSE, uniform t",0.00653834268450737,langevin,5,1,10.778213302022777,-0.10853134840726852,0.48669177293777466,1.1921464204788208,uniform,langevin_fnpe_uniform_t
gauss,log_sigma,"DPM-2 + Gaussian, log σ",0.061945341527462006,dpm,5,1,4.70050540799275,-0.08057300001382828,0.4204603135585785,1.0299131870269775,log_sigma,dpm_gauss_log_sigma
gauss,uniform_t,"DPM-2 + Gaussian, uniform t",0.06621110439300537,dpm,5,1,4.703237189969514,-0.0788315087556839,0.42041733860969543,1.0298079252243042,log_sigma,dpm_gauss_uniform_t
gauss,log_sigma,"Langevin + Gaussian, log σ",0.06648612022399902,langevin,5,1,10.953713031020015,-0.07871923595666885,0.41903942823410034,1.026432752609253,log_sigma,langevin_gauss_log_sigma
gauss,uniform_t,"Langevin + Gaussian, uniform t",0.06033851206302643,langevin,5,1,10.907043160987087,-0.08122898638248444,0.4341678321361542,1.063489556312561,log_sigma,langevin_gauss_uniform_t
fnpe,log_sigma,"Langevin + F-NPSE, log σ",0.07388792932033539,langevin,5,1,10.716061318002176,-0.07569745928049088,0.46892988681793213,1.1486389636993408,log_sigma,langevin_fnpe_log_sigma
fnpe,uniform_t,"Langevin + F-NPSE, uniform t",0.038579657673835754,langevin,5,1,10.751372800965328,-0.09011200070381165,0.47853517532348633,1.1721669435501099,log_sigma,langevin_fnpe_uniform_t
gauss,log_sigma,"DPM-2 + Gaussian, log σ",0.13107597827911377,dpm,5,1,4.718596391030587,-0.05235053598880768,0.45851075649261475,1.1231173276901245,mixture,dpm_gauss_log_sigma
gauss,uniform_t,"DPM-2 + Gaussian, uniform t",0.10943741351366043,dpm,5,1,4.704349526029546,-0.06118444353342056,0.47750815749168396,1.1696512699127197,mixture,dpm_gauss_uniform_t
gauss,log_sigma,"Langevin + Gaussian, log σ",0.08312942832708359,langevin,5,1,10.890181939001195,-0.07192463427782059,0.48105624318122864,1.178342342376709,mixture,langevin_gauss_log_sigma
gauss,uniform_t,"Langevin + Gaussian, uniform t",0.06612376123666763,langevin,5,1,10.886286721972283,-0.07886716723442078,0.46953776478767395,1.15012788772583,mixture,langevin_gauss_uniform_t
fnpe,log_sigma,"Langevin + F-NPSE, log σ",0.05146672576665878,langevin,5,1,10.75148023798829,-0.12687328457832336,0.4454303979873657,1.091077208518982,mixture,langevin_fnpe_log_sigma
fnpe,uniform_t,"Langevin + F-NPSE, uniform t",0.030473776161670685,langevin,5,1,10.766735924989916,-0.09342121332883835,0.5261163711547852,1.2887165546417236,mixture,langevin_fnpe_uniform_t
gauss,log_sigma,"DPM-2 + Gaussian, log σ",0.07143708318471909,dpm,10,1,9.041600156982895,0.09807527810335159,0.3518736660480499,1.1670329570770264,uniform,dpm_gauss_log_sigma
gauss,uniform_t,"DPM-2 + Gaussian, uniform t",0.053056489676237106,dpm,10,1,9.021352062001824,0.10361723601818085,0.3500330150127411,1.1609281301498413,uniform,dpm_gauss_uniform_t
gauss,log_sigma,"Langevin + Gaussian, log σ",0.07335866987705231,langevin,10,1,20.868496659968514,0.097495898604393,0.362143337726593,1.2010935544967651,uniform,langevin_gauss_log_sigma
gauss,uniform_t,"Langevin + Gaussian, uniform t",0.09095753729343414,langevin,10,1,20.8384681030293,0.09218963980674744,0.35745054483413696,1.185529351234436,uniform,langevin_gauss_uniform_t
fnpe,log_sigma,"Langevin + F-NPSE, log σ",0.053141865879297256,langevin,10,1,20.63775373599492,0.10359149426221848,0.2585045397281647,0.8573625683784485,uniform,langevin_fnpe_log_sigma
fnpe,uniform_t,"Langevin + F-NPSE, uniform t",0.03694061562418938,langevin,10,1,20.633296109968796,0.10847635567188263,0.3629429042339325,1.2037453651428223,uniform,langevin_fnpe_uniform_t
gauss,log_sigma,"DPM-2 + Gaussian, log σ",0.15137618780136108,dpm,10,1,8.992356325965375,0.16525600850582123,0.3237113952636719,1.0736292600631714,log_sigma,dpm_gauss_log_sigma
gauss,uniform_t,"DPM-2 + Gaussian, uniform t",0.1683638095855713,dpm,10,1,9.049632544978522,0.1703779697418213,0.32105758786201477,1.064827561378479,log_sigma,dpm_gauss_uniform_t
gauss,log_sigma,"Langevin + Gaussian, log σ",0.1811830699443817,langevin,10,1,20.806233421026263,0.17424312233924866,0.3298656940460205,1.0940407514572144,log_sigma,langevin_gauss_log_sigma
gauss,uniform_t,"Langevin + Gaussian, uniform t",0.1042066216468811,langevin,10,1,20.8002430810011,0.15103384852409363,0.330264151096344,1.0953623056411743,log_sigma,langevin_gauss_uniform_t
fnpe,log_sigma,"Langevin + F-NPSE, log σ",0.16311994194984436,langevin,10,1,20.69467509596143,0.16879688203334808,0.3509935438632965,1.1641138792037964,log_sigma,langevin_fnpe_log_sigma
fnpe,uniform_t,"Langevin + F-NPSE, uniform t",0.08374129980802536,langevin,10,1,20.730379026965238,0.1448633223772049,0.3688550293445587,1.2233537435531616,log_sigma,langevin_fnpe_uniform_t
gauss,log_sigma,"DPM-2 + Gaussian, log σ",0.1181325763463974,dpm,10,1,9.0307234399952,0.15523268282413483,0.41622182726860046,1.3804515600204468,mixture,dpm_gauss_log_sigma
gauss,uniform_t,"DPM-2 + Gaussian, uniform t",0.1389119178056717,dpm,10,1,9.01324535900494,0.16149789094924927,0.40291085839271545,1.3363041877746582,mixture,dpm_gauss_uniform_t
gauss,log_sigma,"Langevin + Gaussian, log σ",0.15161725878715515,langevin,10,1,20.796006771968678,0.16532869637012482,0.40561142563819885,1.3452608585357666,mixture,langevin_gauss_log_sigma
gauss,uniform_t,"Langevin + Gaussian, uniform t",0.13644050061702728,langevin,10,1,20.858720046002418,0.16075272858142853,0.41557538509368896,1.378307580947876,mixture,langevin_gauss_uniform_t
fnpe,log_sigma,"Langevin + F-NPSE, log σ",0.0765392929315567,langevin,10,1,20.664394712948706,0.09653690457344055,0.3297867178916931,1.0937788486480713,mixture,langevin_fnpe_log_sigma
fnpe,uniform_t,"Langevin + F-NPSE, uniform t",0.0174956526607275,langevin,10,1,20.668949717015494,0.11433923244476318,0.38299357891082764,1.2702460289001465,mixture,langevin_fnpe_uniform_t
gauss,log_sigma,"DPM-2 + Gaussian, log σ",0.02981392666697502,dpm,25,1,22.080676421988755,0.18256469070911407,0.19065921008586884,0.9721750617027283,uniform,dpm_gauss_log_sigma
gauss,uniform_t,"DPM-2 + Gaussian, uniform t",0.03156651183962822,dpm,25,1,21.982079471985344,0.18222098052501678,0.19045472145080566,0.9711323380470276,uniform,dpm_gauss_uniform_t
gauss,log_sigma,"Langevin + Gaussian, log σ",0.05392492562532425,langevin,25,1,50.525539780035615,0.17783613502979279,0.1922348290681839,0.9802091717720032,uniform,langevin_gauss_log_sigma
gauss,uniform_t,"Langevin + Gaussian, uniform t",0.07189366966485977,langevin,25,1,50.559354637051,0.17431217432022095,0.1958039551973343,0.9984081983566284,uniform,langevin_gauss_uniform_t
fnpe,log_sigma,"Langevin + F-NPSE, log σ",0.10201843827962875,langevin,25,1,50.42939918697812,0.168404221534729,0.1658405363559723,0.8456241488456726,uniform,langevin_fnpe_log_sigma
fnpe,uniform_t,"Langevin + F-NPSE, uniform t",0.015909727662801743,langevin,25,1,50.43530670698965,0.18529152870178223,0.23571234941482544,1.201901912689209,uniform,langevin_fnpe_uniform_t
gauss,log_sigma,"DPM-2 + Gaussian, log σ",0.681100606918335,dpm,25,1,22.031794901005924,0.32198649644851685,0.26194900274276733,1.3356831073760986,log_sigma,dpm_gauss_log_sigma
gauss,uniform_t,"DPM-2 + Gaussian, uniform t",0.694073498249054,dpm,25,1,22.015123896999285,0.324530690908432,0.25763046741485596,1.3136627674102783,log_sigma,dpm_gauss_uniform_t
gauss,log_sigma,"Langevin + Gaussian, log σ",0.7100140452384949,langevin,25,1,50.60671430500224,0.32765689492225647,0.26373404264450073,1.3447849750518799,log_sigma,langevin_gauss_log_sigma
gauss,uniform_t,"Langevin + Gaussian, uniform t",0.6010015606880188,langevin,25,1,50.66630849096691,0.3062777817249298,0.27131086587905884,1.383419394493103,log_sigma,langevin_gauss_uniform_t
fnpe,log_sigma,"Langevin + F-NPSE, log σ",0.2353605479001999,langevin,25,1,50.50742350902874,0.23456968367099762,0.23202690482139587,1.1831097602844238,log_sigma,langevin_fnpe_log_sigma
fnpe,uniform_t,"Langevin + F-NPSE, uniform t",0.06174309924244881,langevin,25,1,50.39037846098654,0.20052050054073334,0.23870377242565155,1.2171552181243896,log_sigma,langevin_fnpe_uniform_t
gauss,log_sigma,"DPM-2 + Gaussian, log σ",0.1227034330368042,dpm,25,1,22.01168749399949,0.21247580647468567,0.2733381390571594,1.3937565088272095,mixture,dpm_gauss_log_sigma
gauss,uniform_t,"DPM-2 + Gaussian, uniform t",0.13767631351947784,dpm,25,1,22.024504197994247,0.2154122292995453,0.2797054946422577,1.4262237548828125,mixture,dpm_gauss_uniform_t
gauss,log_sigma,"Langevin + Gaussian, log σ",0.12156637758016586,langevin,25,1,50.53384951496264,0.21225281059741974,0.2793361246585846,1.4243403673171997,mixture,langevin_gauss_log_sigma
gauss,uniform_t,"Langevin + Gaussian, uniform t",0.13671796023845673,langevin,25,1,50.75948657502886,0.2152242809534073,0.28955110907554626,1.4764267206192017,mixture,langevin_gauss_uniform_t
fnpe,log_sigma,"Langevin + F-NPSE, log σ",0.0944211408495903,langevin,25,1,50.553947146981955,0.16989417374134064,0.21249690651893616,1.0835258960723877,mixture,langevin_fnpe_log_sigma
fnpe,uniform_t,"Langevin + F-NPSE, uniform t",0.03952266648411751,langevin,25,1,50.570705282036215,0.19616271555423737,0.2518663704395294,1.2842715978622437,mixture,langevin_fnpe_uniform_t
gauss,log_sigma,"DPM-2 + Gaussian, log σ",0.024120904505252838,dpm,50,1,43.31331140099792,0.005526580847799778,0.10804837942123413,0.7716197371482849,uniform,dpm_gauss_log_sigma
gauss,uniform_t,"DPM-2 + Gaussian, uniform t",0.02220374159514904,dpm,50,1,43.20426154800225,0.0057950373739004135,0.11255409568548203,0.8037970066070557,uniform,dpm_gauss_uniform_t
gauss,log_sigma,"Langevin + Gaussian, log σ",0.053151171654462814,langevin,50,1,99.27510063594673,0.0014615298714488745,0.1064576506614685,0.7602596879005432,uniform,langevin_gauss_log_sigma
gauss,uniform_t,"Langevin + Gaussian, uniform t",0.07482140511274338,langevin,50,1,99.3309458019794,-0.0015729099977761507,0.11121533066034317,0.7942363023757935,uniform,langevin_gauss_uniform_t
fnpe,log_sigma,"Langevin + F-NPSE, log σ",0.020623164251446724,langevin,50,1,98.89192527101841,0.0060163624584674835,0.12152491509914398,0.8678614497184753,uniform,langevin_fnpe_log_sigma
fnpe,uniform_t,"Langevin + F-NPSE, uniform t",0.07633397728204727,langevin,50,1,99.13923552795313,-0.0017847117269411683,0.16787071526050568,1.1988366842269897,uniform,langevin_fnpe_uniform_t
gauss,log_sigma,"DPM-2 + Gaussian, log σ",0.8563717007637024,dpm,50,1,43.19270453200443,0.12882021069526672,0.2048514038324356,1.462931513786316,log_sigma,dpm_gauss_log_sigma
gauss,uniform_t,"DPM-2 + Gaussian, uniform t",0.7973329424858093,dpm,50,1,43.3475805449998,0.12055312842130661,0.19715556502342224,1.4079723358154297,log_sigma,dpm_gauss_uniform_t
gauss,log_sigma,"Langevin + Gaussian, log σ",0.8724820613861084,langevin,50,1,99.32422479300294,0.13107611238956451,0.20268993079662323,1.4474955797195435,log_sigma,langevin_gauss_log_sigma
gauss,uniform_t,"Langevin + Gaussian, uniform t",0.7149686217308044,langevin,50,1,99.42022994498257,0.10901981592178345,0.21235844492912292,1.5165425539016724,log_sigma,langevin_gauss_uniform_t
fnpe,log_sigma,"Langevin + F-NPSE, log σ",0.3011592626571655,langevin,50,1,99.13098316203104,0.05107491463422775,0.16703179478645325,1.1928455829620361,log_sigma,langevin_fnpe_log_sigma
fnpe,uniform_t,"Langevin + F-NPSE, uniform t",0.14426113665103912,langevin,50,1,99.31930787098827,0.02910478413105011,0.16794973611831665,1.1994010210037231,log_sigma,langevin_fnpe_uniform_t
gauss,log_sigma,"DPM-2 + Gaussian, log σ",0.4031084477901459,dpm,50,1,43.061122764018364,-0.04754229635000229,0.1550082117319107,1.1069799661636353,mixture,dpm_gauss_log_sigma
gauss,uniform_t,"DPM-2 + Gaussian, uniform t",0.3992599546909332,dpm,50,1,43.232917854969855,-0.04700339585542679,0.15581941604614258,1.1127731800079346,mixture,dpm_gauss_uniform_t
gauss,log_sigma,"Langevin + Gaussian, log σ",0.43826019763946533,langevin,50,1,99.29924653097987,-0.05246451869606972,0.15836645662784576,1.130962610244751,mixture,langevin_gauss_log_sigma
gauss,uniform_t,"Langevin + Gaussian, uniform t",0.35896772146224976,langevin,50,1,99.29639263096033,-0.041361354291439056,0.17374181747436523,1.2407647371292114,mixture,langevin_gauss_uniform_t
fnpe,log_sigma,"Langevin + F-NPSE, log σ",0.1276918202638626,langevin,50,1,99.53980209497968,-0.00897624995559454,0.1600399762392044,1.1429139375686646,mixture,langevin_fnpe_log_sigma
fnpe,uniform_t,"Langevin + F-NPSE, uniform t",0.0036511647049337626,langevin,50,1,99.50172460498288,0.008392917923629284,0.18596534430980682,1.328058123588562,mixture,langevin_fnpe_uniform_t
gauss,log_sigma,"DPM-2 + Gaussian, log σ",0.3980822265148163,dpm,1,2,1.3877290150267072,1.0731579065322876,0.8167666792869568,1.1550825834274292,uniform,dpm_gauss_log_sigma
gauss,uniform_t,"DPM-2 + Gaussian, uniform t",0.3485124707221985,dpm,1,2,1.3808995739673264,1.1082090139389038,0.7905651330947876,1.118027925491333,uniform,dpm_gauss_uniform_t
gauss,log_sigma,"Langevin + Gaussian, log σ",0.3689059913158417,langevin,1,2,3.24581097997725,1.0937886238098145,0.799836277961731,1.1311392784118652,uniform,langevin_gauss_log_sigma
gauss,uniform_t,"Langevin + Gaussian, uniform t",0.3371279239654541,langevin,1,2,3.2479831750388257,1.1162590980529785,0.8006784319877625,1.132330298423767,uniform,langevin_gauss_uniform_t
fnpe,log_sigma,"Langevin + F-NPSE, log σ",0.06137323006987572,langevin,1,2,3.127663864986971,1.3112471103668213,0.5481566190719604,0.7752105593681335,uniform,langevin_fnpe_log_sigma
fnpe,uniform_t,"Langevin + F-NPSE, uniform t",0.15395046770572662,langevin,1,2,3.1281602130038664,1.245785117149353,0.7721876502037048,1.0920382738113403,uniform,langevin_fnpe_uniform_t
gauss,log_sigma,"DPM-2 + Gaussian, log σ",0.35951751470565796,dpm,1,2,1.3805239300127141,1.100427269935608,0.793936550617218,1.122795820236206,log_sigma,dpm_gauss_log_sigma
gauss,uniform_t,"DPM-2 + Gaussian, uniform t",0.32541415095329285,dpm,1,2,1.3732460939791054,1.124541997909546,0.7899308204650879,1.1171308755874634,log_sigma,dpm_gauss_uniform_t
gauss,log_sigma,"Langevin + Gaussian, log σ",0.3419950306415558,langevin,1,2,3.2384970069979317,1.1128175258636475,0.7826789617538452,1.1068751811981201,log_sigma,langevin_gauss_log_sigma
gauss,uniform_t,"Langevin + Gaussian, uniform t",0.35303160548210144,langevin,1,2,3.237317029037513,1.1050134897232056,0.7927536368370056,1.12112295627594,log_sigma,langevin_gauss_uniform_t
fnpe,log_sigma,"Langevin + F-NPSE, log σ",0.04717361927032471,langevin,1,2,3.128862392040901,1.3880013227462769,0.7350762486457825,1.0395548343658447,log_sigma,langevin_fnpe_log_sigma
fnpe,uniform_t,"Langevin + F-NPSE, uniform t",0.035394079983234406,langevin,1,2,3.1207678060163744,1.3296171426773071,0.7834879755973816,1.1080193519592285,log_sigma,langevin_fnpe_uniform_t
gauss,log_sigma,"DPM-2 + Gaussian, log σ",0.3433868885040283,dpm,1,2,1.3779175559757277,1.1118333339691162,0.7549952864646912,1.067724585533142,mixture,dpm_gauss_log_sigma
gauss,uniform_t,"DPM-2 + Gaussian, uniform t",0.31161290407180786,dpm,1,2,1.3745903150411323,1.134300947189331,0.7407070994377136,1.047518014907837,mixture,dpm_gauss_uniform_t
gauss,log_sigma,"Langevin + Gaussian, log σ",0.2912578284740448,langevin,1,2,3.235732603003271,1.1486941576004028,0.7390970587730408,1.045241117477417,mixture,langevin_gauss_log_sigma
gauss,uniform_t,"Langevin + Gaussian, uniform t",0.327770471572876,langevin,1,2,3.236902385018766,1.1228758096694946,0.7507302165031433,1.0616928339004517,mixture,langevin_gauss_uniform_t
fnpe,log_sigma,"Langevin + F-NPSE, log σ",0.05145152658224106,langevin,1,2,3.1225404479773715,1.3182628154754639,0.7051853537559509,0.9972826838493347,mixture,langevin_fnpe_log_sigma
fnpe,uniform_t,"Langevin + F-NPSE, uniform t",0.08618491142988205,langevin,1,2,3.1341489070327953,1.2937026023864746,0.8689696192741394,1.228908658027649,mixture,langevin_fnpe_uniform_t
gauss,log_sigma,"DPM-2 + Gaussian, log σ",0.22391432523727417,dpm,2,2,2.1631115279742517,1.2390367984771729,0.6570972204208374,1.1381257772445679,uniform,dpm_gauss_log_sigma
gauss,uniform_t,"DPM-2 + Gaussian, uniform t",0.22435535490512848,dpm,2,2,2.1933559580356814,1.2387821674346924,0.6593801379203796,1.1420799493789673,uniform,dpm_gauss_uniform_t
gauss,log_sigma,"Langevin + Gaussian, log σ",0.18041013181209564,langevin,2,2,5.087457810994238,1.2641539573669434,0.6635706424713135,1.1493381261825562,uniform,langevin_gauss_log_sigma
gauss,uniform_t,"Langevin + Gaussian, uniform t",0.2510313093662262,langevin,2,2,5.10257205698872,1.2233808040618896,0.6599632501602173,1.1430898904800415,uniform,langevin_gauss_uniform_t
fnpe,log_sigma,"Langevin + F-NPSE, log σ",0.278911828994751,langevin,2,2,4.924201463989448,1.2072839736938477,0.4624929428100586,0.8010612726211548,uniform,langevin_fnpe_log_sigma
fnpe,uniform_t,"Langevin + F-NPSE, uniform t",0.11694584041833878,langevin,2,2,4.930682994017843,1.300795078277588,0.6466010808944702,1.119946002960205,uniform,langevin_fnpe_uniform_t
gauss,log_sigma,"DPM-2 + Gaussian, log σ",0.21209044754505157,dpm,2,2,2.1848988130223006,1.2458633184432983,0.6358869075775146,1.1013884544372559,log_sigma,dpm_gauss_log_sigma
gauss,uniform_t,"DPM-2 + Gaussian, uniform t",0.2518629729747772,dpm,2,2,2.1839246849995106,1.222900629043579,0.632705807685852,1.0958786010742188,log_sigma,dpm_gauss_uniform_t
gauss,log_sigma,"Langevin + Gaussian, log σ",0.2448539286851883,langevin,2,2,5.116030264005531,1.22694730758667,0.6300629377365112,1.0913010835647583,log_sigma,langevin_gauss_log_sigma
gauss,uniform_t,"Langevin + Gaussian, uniform t",0.31645381450653076,langevin,2,2,5.107658572960645,1.1856091022491455,0.6392480731010437,1.1072101593017578,log_sigma,langevin_gauss_uniform_t
fnpe,log_sigma,"Langevin + F-NPSE, log σ",0.0757702887058258,langevin,2,2,4.933371321996674,1.4120597839355469,0.6181305646896362,1.0706335306167603,log_sigma,langevin_fnpe_log_sigma
fnpe,uniform_t,"Langevin + F-NPSE, uniform t",0.027401503175497055,langevin,2,2,4.935435580031481,1.3524935245513916,0.647824227809906,1.122064471244812,log_sigma,langevin_fnpe_uniform_t
gauss,log_sigma,"DPM-2 + Gaussian, log σ",0.17021183669567108,dpm,2,2,2.1893780189566314,1.2700419425964355,0.6069661974906921,1.051296353340149,mixture,dpm_gauss_log_sigma
gauss,uniform_t,"DPM-2 + Gaussian, uniform t",0.1476544737815857,dpm,2,2,2.178732189000584,1.2830654382705688,0.607938826084137,1.052980899810791,mixture,dpm_gauss_uniform_t
gauss,log_sigma,"Langevin + Gaussian, log σ",0.14747174084186554,langevin,2,2,5.110093991970643,1.2831709384918213,0.6235998272895813,1.0801066160202026,mixture,langevin_gauss_log_sigma
gauss,uniform_t,"Langevin + Gaussian, uniform t",0.20081207156181335,langevin,2,2,5.084934198006522,1.2523748874664307,0.6169120669364929,1.0685230493545532,mixture,langevin_gauss_uniform_t
fnpe,log_sigma,"Langevin + F-NPSE, log σ",0.002604908077046275,langevin,2,2,4.931443209992722,1.3698177337646484,0.5934610962867737,1.027904748916626,mixture,langevin_fnpe_log_sigma
fnpe,uniform_t,"Langevin + F-NPSE, uniform t",0.011636605486273766,langevin,2,2,4.942361742025241,1.3750321865081787,0.7189401388168335,1.2452409267425537,mixture,langevin_fnpe_uniform_t
gauss,log_sigma,"DPM-2 + Gaussian, log σ",0.003217277117073536,dpm,5,2,4.69210657000076,1.2775779962539673,0.4705025255680084,1.1524910926818848,uniform,dpm_gauss_log_sigma
gauss,uniform_t,"DPM-2 + Gaussian, uniform t",0.025576448068022728,dpm,5,2,4.701836803986225,1.2684499025344849,0.4724089503288269,1.1571608781814575,uniform,dpm_gauss_uniform_t
gauss,log_sigma,"Langevin + Gaussian, log σ",0.04363705962896347,langevin,5,2,10.8876994199818,1.2610766887664795,0.4762042462825775,1.1664574146270752,uniform,langevin_gauss_log_sigma
gauss,uniform_t,"Langevin + Gaussian, uniform t",0.0668850839138031,langevin,5,2,10.874307859048713,1.2515857219696045,0.48296260833740234,1.1830118894577026,uniform,langevin_gauss_uniform_t
fnpe,log_sigma,"Langevin + F-NPSE, log σ",0.46737974882125854,langevin,5,2,10.730244857957587,1.0880844593048096,0.3297816216945648,0.8077966570854187,uniform,langevin_fnpe_log_sigma
fnpe,uniform_t,"Langevin + F-NPSE, uniform t",0.14875133335590363,langevin,5,2,10.769273776968475,1.2181639671325684,0.46497032046318054,1.1389399766921997,uniform,langevin_fnpe_uniform_t
gauss,log_sigma,"DPM-2 + Gaussian, log σ",0.07051379233598709,dpm,5,2,4.698619859991595,1.250104308128357,0.42077356576919556,1.030680537223816,log_sigma,dpm_gauss_log_sigma
gauss,uniform_t,"DPM-2 + Gaussian, uniform t",0.09430552273988724,dpm,5,2,4.702619278046768,1.2403913736343384,0.4298340082168579,1.052873969078064,log_sigma,dpm_gauss_uniform_t
gauss,log_sigma,"Langevin + Gaussian, log σ",0.07300223410129547,langevin,5,2,10.888609991001431,1.2490884065628052,0.433165043592453,1.0610332489013672,log_sigma,langevin_gauss_log_sigma
gauss,uniform_t,"Langevin + Gaussian, uniform t",0.03929353132843971,langevin,5,2,10.905257625039667,1.2628499269485474,0.43422606587409973,1.0636322498321533,log_sigma,langevin_gauss_uniform_t
fnpe,log_sigma,"Langevin + F-NPSE, log σ",0.18753939867019653,langevin,5,2,10.757202717999462,1.3554540872573853,0.460405558347702,1.1277586221694946,log_sigma,langevin_fnpe_log_sigma
fnpe,uniform_t,"Langevin + F-NPSE, uniform t",0.006415866315364838,langevin,5,2,10.743776294984855,1.2815107107162476,0.4751822352409363,1.1639540195465088,log_sigma,langevin_fnpe_uniform_t
gauss,log_sigma,"DPM-2 + Gaussian, log σ",0.2645820677280426,dpm,5,2,4.708734563027974,1.386906623840332,0.4949406385421753,1.21235191822052,mixture,dpm_gauss_log_sigma
gauss,uniform_t,"DPM-2 + Gaussian, uniform t",0.28006255626678467,dpm,5,2,4.707857250003144,1.3932265043258667,0.4918476939201355,1.2047758102416992,mixture,dpm_gauss_uniform_t
gauss,log_sigma,"Langevin + Gaussian, log σ",0.2728387117385864,langevin,5,2,10.895089215016924,1.39027738571167,0.5014417171478271,1.228276252746582,mixture,langevin_gauss_log_sigma
gauss,uniform_t,"Langevin + Gaussian, uniform t",0.24730782210826874,langevin,5,2,10.874205042026006,1.379854440689087,0.5008420348167419,1.2268073558807373,mixture,langevin_gauss_uniform_t
fnpe,log_sigma,"Langevin + F-NPSE, log σ",0.035797975957393646,langevin,5,2,10.752334890014026,1.2935059070587158,0.4391621947288513,1.0757232904434204,mixture,langevin_fnpe_log_sigma
fnpe,uniform_t,"Langevin + F-NPSE, uniform t",0.1622237116098404,langevin,5,2,10.756864805996884,1.3451189994812012,0.5354768633842468,1.3116450309753418,mixture,langevin_fnpe_uniform_t
gauss,log_sigma,"DPM-2 + Gaussian, log σ",0.02729789912700653,dpm,10,2,8.998886674002279,0.9024175405502319,0.3477819859981537,1.153462290763855,uniform,dpm_gauss_log_sigma
gauss,uniform_t,"DPM-2 + Gaussian, uniform t",0.0822078213095665,dpm,10,2,9.01180924201617,0.8858615756034851,0.3481261730194092,1.1546038389205933,uniform,dpm_gauss_uniform_t
gauss,log_sigma,"Langevin + Gaussian, log σ",0.011800089851021767,langevin,10,2,20.742638918978628,0.9070903062820435,0.3387153148651123,1.1233916282653809,uniform,langevin_gauss_log_sigma
gauss,uniform_t,"Langevin + Gaussian, uniform t",0.04056304320693016,langevin,10,2,20.763574002019595,0.8984179496765137,0.34625741839408875,1.148405909538269,uniform,langevin_gauss_uniform_t
fnpe,log_sigma,"Langevin + F-NPSE, log σ",0.5627862215042114,langevin,10,2,20.68168679100927,0.7409617304801941,0.2489713579416275,0.8257445693016052,uniform,langevin_fnpe_log_sigma
fnpe,uniform_t,"Langevin + F-NPSE, uniform t",0.17951571941375732,langevin,10,2,20.622131571988575,0.8565221428871155,0.3623950183391571,1.2019282579421997,uniform,langevin_fnpe_uniform_t
gauss,log_sigma,"DPM-2 + Gaussian, log σ",0.25274285674095154,dpm,10,2,8.9787862089579,0.9868530035018921,0.3196818232536316,1.0602647066116333,log_sigma,dpm_gauss_log_sigma
gauss,uniform_t,"DPM-2 + Gaussian, uniform t",0.25240558385849,dpm,10,2,9.026241126004606,0.9867513179779053,0.32583412528038025,1.0806695222854614,log_sigma,dpm_gauss_uniform_t
gauss,log_sigma,"Langevin + Gaussian, log σ",0.2617705762386322,langevin,10,2,20.75014583999291,0.9895749688148499,0.3211313784122467,1.0650722980499268,log_sigma,langevin_gauss_log_sigma
gauss,uniform_t,"Langevin + Gaussian, uniform t",0.20033977925777435,langevin,10,2,20.771195954992436,0.971052885055542,0.31799277663230896,1.0546627044677734,log_sigma,langevin_gauss_uniform_t
fnpe,log_sigma,"Langevin + F-NPSE, log σ",0.19493623077869415,langevin,10,2,20.60751971596619,0.9694236516952515,0.33675912022590637,1.1169036626815796,log_sigma,langevin_fnpe_log_sigma
fnpe,uniform_t,"Langevin + F-NPSE, uniform t",0.04362935200333595,langevin,10,2,20.6007935529924,0.92380291223526,0.3508235514163971,1.1635500192642212,log_sigma,langevin_fnpe_uniform_t
gauss,log_sigma,"DPM-2 + Gaussian, log σ",0.5841583013534546,dpm,10,2,9.028368371014949,1.0867785215377808,0.4291433095932007,1.4233072996139526,mixture,dpm_gauss_log_sigma
gauss,uniform_t,"DPM-2 + Gaussian, uniform t",0.5994430184364319,dpm,10,2,8.990253093012143,1.0913870334625244,0.4148571789264679,1.3759255409240723,mixture,dpm_gauss_uniform_t
gauss,log_sigma,"Langevin + Gaussian, log σ",0.6510652303695679,langevin,10,2,20.73103780200472,1.1069517135620117,0.4322810173034668,1.4337139129638672,mixture,langevin_gauss_log_sigma
gauss,uniform_t,"Langevin + Gaussian, uniform t",0.5994536876678467,langevin,10,2,20.81079666898586,1.0913902521133423,0.423537939786911,1.4047163724899292,mixture,langevin_gauss_uniform_t
fnpe,log_sigma,"Langevin + F-NPSE, log σ",0.08689417690038681,langevin,10,2,20.626727739989292,0.8844485878944397,0.3197149336338043,1.0603744983673096,mixture,langevin_fnpe_log_sigma
fnpe,uniform_t,"Langevin + F-NPSE, uniform t",0.16705258190631866,langevin,10,2,20.59789695998188,0.9610164165496826,0.39531686902046204,1.3111177682876587,mixture,langevin_fnpe_uniform_t
gauss,log_sigma,"DPM-2 + Gaussian, log σ",0.5331739187240601,dpm,25,2,22.086619104957208,0.6996341943740845,0.17834614217281342,0.9093904495239258,uniform,dpm_gauss_log_sigma
gauss,uniform_t,"DPM-2 + Gaussian, uniform t",0.46982070803642273,dpm,25,2,21.98737078200793,0.7120587825775146,0.17926955223083496,0.9140989184379578,uniform,dpm_gauss_uniform_t
gauss,log_sigma,"Langevin + Gaussian, log σ",0.48022255301475525,langevin,25,2,50.46564886398846,0.7100188136100769,0.1784505695104599,0.9099229574203491,uniform,langevin_gauss_log_sigma
gauss,uniform_t,"Langevin + Gaussian, uniform t",0.4378076493740082,langevin,25,2,50.506543417985085,0.7183370590209961,0.18417511880397797,0.9391125440597534,uniform,langevin_gauss_uniform_t
fnpe,log_sigma,"Langevin + F-NPSE, log σ",0.697749137878418,langevin,25,2,50.44074539496796,0.6673583388328552,0.15681810677051544,0.7996186017990112,uniform,langevin_fnpe_log_sigma
fnpe,uniform_t,"Langevin + F-NPSE, uniform t",0.1671369969844818,langevin,25,2,50.28185625997139,0.7714199423789978,0.22586090862751007,1.1516691446304321,uniform,langevin_fnpe_uniform_t
gauss,log_sigma,"DPM-2 + Gaussian, log σ",1.4235351085662842,dpm,25,2,21.962511519959662,1.083376407623291,0.25009310245513916,1.275229573249817,log_sigma,dpm_gauss_log_sigma
gauss,uniform_t,"DPM-2 + Gaussian, uniform t",1.3434289693832397,dpm,25,2,21.942452259012498,1.0676662921905518,0.25238093733787537,1.2868952751159668,log_sigma,dpm_gauss_uniform_t
gauss,log_sigma,"Langevin + Gaussian, log σ",1.4304250478744507,langevin,25,2,50.635082564956974,1.0847276449203491,0.25457459688186646,1.2980808019638062,log_sigma,langevin_gauss_log_sigma
gauss,uniform_t,"Langevin + Gaussian, uniform t",1.1575148105621338,langevin,25,2,50.43361902696779,1.0312055349349976,0.2572195827960968,1.3115676641464233,log_sigma,langevin_gauss_uniform_t
fnpe,log_sigma,"Langevin + F-NPSE, log σ",0.38462772965431213,langevin,25,2,50.433333726017736,0.879629909992218,0.222185879945755,1.1329301595687866,log_sigma,langevin_fnpe_log_sigma
fnpe,uniform_t,"Langevin + F-NPSE, uniform t",0.1018909364938736,langevin,25,2,50.3548208650318,0.8241806626319885,0.23863840103149414,1.2168219089508057,log_sigma,langevin_fnpe_uniform_t
gauss,log_sigma,"DPM-2 + Gaussian, log σ",0.8088499307632446,dpm,25,2,22.007156801002566,0.9628267288208008,0.2739822268486023,1.3970407247543335,mixture,dpm_gauss_log_sigma
gauss,uniform_t,"DPM-2 + Gaussian, uniform t",0.749631941318512,dpm,25,2,22.020187685033306,0.9512131214141846,0.26829198002815247,1.3680260181427002,mixture,dpm_gauss_uniform_t
gauss,log_sigma,"Langevin + Gaussian, log σ",0.9080471992492676,langevin,25,2,50.629208443977404,0.9822809100151062,0.27513229846954346,1.402904987335205,mixture,langevin_gauss_log_sigma
gauss,uniform_t,"Langevin + Gaussian, uniform t",0.9158191680908203,langevin,25,2,50.529813906992786,0.9838051199913025,0.29052555561065674,1.4813954830169678,mixture,langevin_gauss_uniform_t
fnpe,log_sigma,"Langevin + F-NPSE, log σ",0.01151208020746708,langevin,25,2,50.16196522599785,0.8064559102058411,0.2176756113767624,1.1099321842193604,mixture,langevin_fnpe_log_sigma
fnpe,uniform_t,"Langevin + F-NPSE, uniform t",0.2533721327781677,langevin,25,2,50.26012325100601,0.8538885712623596,0.26266375184059143,1.3393275737762451,mixture,langevin_fnpe_uniform_t
gauss,log_sigma,"DPM-2 + Gaussian, log σ",1.4410055875778198,dpm,50,2,43.00249819399323,0.5745264887809753,0.10578540712594986,0.7554588913917542,uniform,dpm_gauss_log_sigma
gauss,uniform_t,"DPM-2 + Gaussian, uniform t",1.4109184741973877,dpm,50,2,43.12313756602816,0.5787395238876343,0.10217025130987167,0.7296414971351624,uniform,dpm_gauss_uniform_t
gauss,log_sigma,"Langevin + Gaussian, log σ",1.4071696996688843,langevin,50,2,99.15425820299424,0.5792644619941711,0.10306078940629959,0.736001193523407,uniform,langevin_gauss_log_sigma
gauss,uniform_t,"Langevin + Gaussian, uniform t",1.3576269149780273,langevin,50,2,99.03840141301043,0.5862018465995789,0.1047915369272232,0.7483612298965454,uniform,langevin_gauss_uniform_t
fnpe,log_sigma,"Langevin + F-NPSE, log σ",1.0014837980270386,langevin,50,2,98.98208167799748,0.6360718607902527,0.11215274780988693,0.8009307980537415,uniform,langevin_fnpe_log_sigma
fnpe,uniform_t,"Langevin + F-NPSE, uniform t",0.1998429149389267,langevin,50,2,99.0140194449923,0.7483240365982056,0.16433855891227722,1.1736119985580444,uniform,langevin_fnpe_uniform_t
gauss,log_sigma,"DPM-2 + Gaussian, log σ",2.3453075885772705,dpm,50,2,42.994085623999126,1.104716420173645,0.17874816060066223,1.2765171527862549,log_sigma,dpm_gauss_log_sigma
gauss,uniform_t,"DPM-2 + Gaussian, uniform t",2.288681745529175,dpm,50,2,43.18311344698304,1.0967872142791748,0.17998933792114258,1.2853809595108032,log_sigma,dpm_gauss_uniform_t
gauss,log_sigma,"Langevin + Gaussian, log σ",2.4210643768310547,langevin,50,2,99.03557375300443,1.1153244972229004,0.17952688038349152,1.2820782661437988,log_sigma,langevin_gauss_log_sigma
gauss,uniform_t,"Langevin + Gaussian, uniform t",2.0813212394714355,langevin,50,2,98.996048822999,1.0677509307861328,0.1980230063199997,1.414167046546936,log_sigma,langevin_gauss_uniform_t
fnpe,log_sigma,"Langevin + F-NPSE, log σ",0.5316458344459534,langevin,50,2,98.96758418902755,0.8507529497146606,0.16115999221801758,1.1509125232696533,log_sigma,langevin_fnpe_log_sigma
fnpe,uniform_t,"Langevin + F-NPSE, uniform t",0.1497863084077835,langevin,50,2,98.82366925704991,0.7972819209098816,0.17056408524513245,1.2180711030960083,log_sigma,langevin_fnpe_uniform_t
gauss,log_sigma,"DPM-2 + Gaussian, log σ",0.14949600398540497,dpm,50,2,43.1235666279681,0.755374014377594,0.152779221534729,1.0910618305206299,mixture,dpm_gauss_log_sigma
gauss,uniform_t,"DPM-2 + Gaussian, uniform t",0.06994312256574631,dpm,50,2,43.27353249595035,0.7665136456489563,0.15398818254470825,1.0996955633163452,mixture,dpm_gauss_uniform_t
gauss,log_sigma,"Langevin + Gaussian, log σ",0.09831862151622772,langevin,50,2,99.2628562230384,0.7625402808189392,0.15183144807815552,1.0842933654785156,mixture,langevin_gauss_log_sigma
gauss,uniform_t,"Langevin + Gaussian, uniform t",0.24708248674869537,langevin,50,2,99.1485772029846,0.8109061121940613,0.16755975782871246,1.1966159343719482,mixture,langevin_gauss_uniform_t
fnpe,log_sigma,"Langevin + F-NPSE, log σ",0.024117600172758102,langevin,50,2,99.28494772396516,0.7729305028915405,0.1564306914806366,1.1171385049819946,mixture,langevin_fnpe_log_sigma
fnpe,uniform_t,"Langevin + F-NPSE, uniform t",0.33369752764701843,langevin,50,2,99.13420612999471,0.8230346441268921,0.1833842247724533,1.309625267982483,mixture,langevin_fnpe_uniform_t
