training_scheme,variant,variant_label,family,timesteps,runtime_s_median,mean_error_median,mean_error_lo,mean_error_hi,covariance_error_median,covariance_error_lo,covariance_error_hi,posterior_width_ratio_median,posterior_width_ratio_lo,posterior_width_ratio_hi,sliced_wasserstein_median,sliced_wasserstein_lo,sliced_wasserstein_hi,theta_map_squared_error_median,theta_map_squared_error_lo,theta_map_squared_error_hi,observation_map_squared_error_median,observation_map_squared_error_lo,observation_map_squared_error_hi
log_sigma,dpm2_log,"DPM-2 + corrector, log sigma",Overall sampler,5,0.16463138803374022,0.19170677661895752,0.14992930144071578,0.39537469744682313,0.20745661854743958,0.17116657197475432,0.2654718324542045,1.3482904434204102,1.1371063590049744,1.601624071598053,0.1614973098039627,0.11136117801070214,0.267993175983429,13.426741860806942,0.006057923054322601,2596.0212890625,0.9150997698307037,0.03494058288633824,69.68738021850587
log_sigma,dpm2_log,"DPM-2 + corrector, log sigma",Overall sampler,10,0.23372589703649282,0.21093536913394928,0.15522925853729247,0.4161172419786453,0.22317025065422058,0.17901827096939088,0.27758940458297726,1.344150722026825,1.1562440872192383,1.5763295769691468,0.16156123578548431,0.13202438801527022,0.2829659223556519,13.61998176574707,0.010077041387557984,2610.34111328125,0.7904593795537949,0.022848393954336643,68.67361221313476
log_sigma,dpm2_log,"DPM-2 + corrector, log sigma",Overall sampler,20,0.3730527585139498,0.15242666006088257,0.07812781184911728,0.38082076907157897,0.19747116416692734,0.1705493614077568,0.2938169986009598,1.338046669960022,1.1419698238372802,1.5394814491271973,0.12833082675933838,0.10457146763801575,0.2532950878143311,14.311571955680847,0.02348486408591271,2592.5788818359374,0.6609678529202938,0.015771417692303658,68.61235809326172
log_sigma,dpm2_log,"DPM-2 + corrector, log sigma",Overall sampler,50,0.7998803890077397,0.09893199801445007,0.06106618009507657,0.2475046455860138,0.19457271695137024,0.13393846452236174,0.3253473937511444,1.291456699371338,1.157530176639557,1.4020937085151672,0.11658410355448723,0.09128296449780464,0.17641099989414216,13.821018114686012,0.022164420597255236,2563.0292724609376,0.5107878297567368,0.005225944612175226,69.64569854736328
log_sigma,dpm2_log,"DPM-2 + corrector, log sigma",Overall sampler,100,1.527966452529654,0.09486991167068481,0.02282872311770916,0.19993196129798887,0.11083244904875755,0.081712706387043,0.26152891516685484,1.1868217587471008,1.0803816080093385,1.3037680864334107,0.09302647784352303,0.06575452461838723,0.14618219584226605,13.315730634145439,0.0019821903668344023,2572.857177734375,0.39615436270833015,0.0008534393971785904,69.64479293823243
log_sigma,dpm2_uniform,"DPM-2 + corrector, uniform t",Overall sampler,5,0.16559368453454226,0.18240994960069656,0.14575692564249038,0.37122831046581267,0.3246803283691406,0.2788838356733322,0.3581094741821289,1.5384694337844849,1.21126788854599,1.888319718837738,0.21288909763097763,0.1379163667559624,0.2866223633289337,14.603219218552113,0.01427233535796404,2586.3255859375,1.0185327976942062,0.019235679134726527,69.59457473754883
log_sigma,dpm2_uniform,"DPM-2 + corrector, uniform t",Overall sampler,10,0.23210285091772676,0.1710420474410057,0.1220709204673767,0.340634748339653,0.23333866149187088,0.19895325899124144,0.311921164393425,1.3844881653785706,1.1477210879325868,1.6543610453605653,0.1638440415263176,0.11613759845495224,0.24377598911523818,16.01542629301548,0.02414147686213255,2596.1664306640623,0.7266727387905121,0.03950503170490265,69.3577392578125
log_sigma,dpm2_uniform,"DPM-2 + corrector, uniform t",Overall sampler,20,0.3700034084613435,0.12169848382472992,0.042124292999506,0.2973684072494507,0.21204476058483124,0.19117991626262665,0.35907042026519775,1.36903977394104,1.1561495780944824,1.5560724496841432,0.1274082064628601,0.09985835701227189,0.21415537744760513,14.945458021014929,0.0015992781147360806,2595.280712890625,0.5029342621564865,0.0025888849748298528,68.65471496582032
log_sigma,dpm2_uniform,"DPM-2 + corrector, uniform t",Overall sampler,50,0.7950926880002953,0.09893650189042091,0.012535362038761377,0.22688598781824112,0.221802718937397,0.1505806565284729,0.367866113781929,1.3099485039710999,1.170354998111725,1.523675537109375,0.1220240443944931,0.09118799641728402,0.1637251302599907,14.104867368936539,0.01269701598212123,2580.0095703125,0.4817309472709894,0.013332226034253837,70.1192527770996
log_sigma,dpm2_uniform,"DPM-2 + corrector, uniform t",Overall sampler,100,1.4975235959864222,0.07586944103240967,0.02187188006937504,0.21578647345304489,0.15855810791254044,0.12011570930480957,0.2924684911966324,1.2632755041122437,1.1147578477859497,1.4373440861701965,0.10489026084542274,0.08169297501444817,0.1583950579166412,13.309799134731293,0.014512412715703249,2584.447900390625,0.4414534159004688,0.008810510393232107,69.65027770996093
log_sigma,em_log,"Euler--Maruyama, log sigma",Euler update,5,0.024860939534846693,0.3759308010339737,0.11432419568300249,0.5267207145690918,0.9309027194976807,0.7695509612560272,1.241175901889801,2.221696376800537,1.6758669018745422,2.6418071508407595,0.40437543392181396,0.35159631371498107,0.4619075983762741,14.403270807117224,0.012534362822771077,2603.59677734375,1.2580715343356133,0.026442992314696316,70.5794059753418
log_sigma,em_log,"Euler--Maruyama, log sigma",Euler update,10,0.048217625997494906,0.21194592118263245,0.10771574378013611,0.3508970230817795,0.40555037558078766,0.33312077820301056,0.5591580212116241,1.6184609532356262,1.3308888912200927,1.9013769984245301,0.2107980102300644,0.1754707485437393,0.2870129346847534,14.930969186127186,0.02440593019127846,2591.5874755859377,0.660805381834507,0.008346641156822444,70.26634826660155
log_sigma,em_log,"Euler--Maruyama, log sigma",Euler update,20,0.09630104649113491,0.15708421915769577,0.0678309965878725,0.344588702917099,0.24887898564338684,0.2177949845790863,0.40986444950103756,1.4259691834449768,1.2061810612678527,1.662408995628357,0.146409809589386,0.12320872023701668,0.24286171495914458,14.868417505174875,0.01023540860041976,2591.086572265625,0.5482941493391991,0.006856128107756376,67.87055358886718
log_sigma,em_log,"Euler--Maruyama, log sigma",Euler update,50,0.23939725797390565,0.1273055262863636,0.08962387219071388,0.300575053691864,0.23657414317131042,0.17726324647665023,0.35431548953056335,1.3576335906982422,1.1837034702301026,1.5215352177619934,0.13861434161663055,0.10783396661281586,0.20945658236742018,15.632124096155167,0.004211583622964102,2581.2320556640625,0.6634487360715866,0.00557561912573874,69.03974533081055
log_sigma,em_log,"Euler--Maruyama, log sigma",Euler update,100,0.47937577549600974,0.13036299496889114,0.08298595175147057,0.289308288693428,0.19291427731513977,0.14829621315002442,0.2974752694368362,1.2992714047431946,1.1163005828857422,1.5247533082962037,0.1258326731622219,0.09796434193849564,0.20446209162473677,14.65022724121809,0.012143158819526434,2578.3934326171875,0.5670549049973488,0.005378578230738641,69.8638702392578
log_sigma,em_uniform,"Euler--Maruyama, uniform t",Euler update,5,0.025925890950020403,0.3458559364080429,0.16186149269342423,0.46266967356204985,0.7422895431518555,0.6979059934616089,0.8681455969810485,2.049100697040558,1.551501739025116,2.610896277427673,0.37670060992240906,0.3354919731616974,0.4417058378458023,13.782989859580994,0.040288070589303976,2596.94375,1.9095560312271118,0.03962342664599419,69.46495132446289
log_sigma,em_uniform,"Euler--Maruyama, uniform t",Euler update,10,0.04904387245187536,0.21773089468479156,0.15403642356395722,0.38615981638431546,0.3973718732595444,0.33701987862586974,0.4899760872125625,1.6584580540657043,1.2782769799232483,2.0286206007003784,0.24540814757347107,0.19298830926418306,0.3134461402893066,15.244501680135727,0.02641513021662833,2596.457666015625,0.597217857837677,0.009751962125301362,69.27413177490234
log_sigma,em_uniform,"Euler--Maruyama, uniform t",Euler update,20,0.09674636099953204,0.1597529724240303,0.07586647570133209,0.35064677000045774,0.2914830446243286,0.22666099667549133,0.3957313865423202,1.5151181817054749,1.1925410389900208,1.7580061554908752,0.1763588860630989,0.14291744381189347,0.26377859413623805,15.343744032084942,0.008202218823134901,2578.93662109375,0.6614961698651314,0.005932704638689757,70.7296531677246
log_sigma,em_uniform,"Euler--Maruyama, uniform t",Euler update,50,0.24129616253776476,0.12891785800457,0.05643272809684277,0.29605554342269896,0.2411331757903099,0.1783304452896118,0.34026788771152494,1.350127100944519,1.187328565120697,1.6237013697624207,0.15376796573400497,0.11272237449884415,0.20667776614427566,15.92694915831089,0.028546621836721898,2581.6031982421873,0.6357943415641785,0.012174792774021627,70.9191390991211
log_sigma,em_uniform,"Euler--Maruyama, uniform t",Euler update,100,0.4752862275345251,0.14499029517173767,0.06680799387395382,0.3101970642805099,0.1991109922528267,0.1444239541888237,0.26249357163906095,1.2898951172828674,1.1121259570121764,1.5519559621810912,0.12970294058322906,0.09980146288871765,0.21445986926555632,14.222019407898188,0.014544077962636948,2591.99765625,0.5434815399348736,0.003842540550976993,69.51306915283203
log_sigma,sigma_log_dpm,"Sigma-space DPM-1, log sigma",DPM predictor,5,0.02517975546652451,0.5157015323638916,0.23712555170059205,0.7293377995491027,0.2369985431432724,0.1169811174273491,0.662507551908493,1.2535854578018188,1.0747568368911744,1.4166862487792968,0.33666278421878815,0.16393034309148788,0.4690099835395813,14.546893045306206,0.03678142363205554,2600.1638671875,2.976547598838806,0.034980665985494874,69.09340744018554
log_sigma,sigma_log_dpm,"Sigma-space DPM-1, log sigma",DPM predictor,10,0.04789419553708285,0.48144884407520294,0.2261544182896614,0.6166284918785095,0.21195834875106812,0.1493753269314766,0.4525525331497192,1.2952019572257996,1.1056534886360168,1.4514522671699523,0.3169260770082474,0.156754931807518,0.39665827453136443,14.32850020751357,0.06036030501127243,2599.835595703125,2.675621658563614,0.05613564588129521,69.02729034423828
log_sigma,sigma_log_dpm,"Sigma-space DPM-1, log sigma",DPM predictor,20,0.09381088148802519,0.46412235498428345,0.1587925836443901,0.6196245372295379,0.20688267052173615,0.1681998372077942,0.4753372400999069,1.342216968536377,1.1187288403511046,1.544021236896515,0.30441704392433167,0.14818647205829621,0.3961609840393066,15.064331904053688,0.03797519095242024,2596.34501953125,2.567661315202713,0.04420645907521248,69.65726013183594
log_sigma,sigma_log_dpm,"Sigma-space DPM-1, log sigma",DPM predictor,50,0.23585982696386054,0.4499664157629013,0.18948894143104553,0.5692339241504669,0.20818136632442474,0.171116504073143,0.43878696262836453,1.3230483531951904,1.1439219474792481,1.542369830608368,0.2942451983690262,0.16147336065769197,0.36683854162693025,13.648904576897621,0.06589545346796513,2601.064599609375,2.4159146547317505,0.10720159411430359,69.35697631835937
log_sigma,sigma_log_dpm,"Sigma-space DPM-1, log sigma",DPM predictor,100,0.4705824874690734,0.416946217417717,0.21103656589984893,0.5436416864395142,0.1919490322470665,0.1570313200354576,0.34270471930503843,1.3278292417526245,1.1047784805297851,1.5353076696395873,0.27148863673210144,0.16041457206010817,0.35234635770320893,15.321015536785126,0.03908365853130817,2599.849267578125,2.588187336921692,0.041319537162780764,69.19072036743164
log_sigma,sigma_uniform_dpm,"Sigma-space DPM-1, uniform t",DPM predictor,5,0.0251567869563587,0.4814363121986389,0.2287509709596634,0.6540928423404694,0.22302315384149551,0.1320365622639656,0.5708804011344909,1.244183599948883,1.070975649356842,1.402156138420105,0.3167780935764313,0.16013137698173524,0.4224167704582214,14.316201880574226,0.030859123449772614,2597.5356201171876,2.5702027082443237,0.029298104718327538,68.72475128173828
log_sigma,sigma_uniform_dpm,"Sigma-space DPM-1, uniform t",DPM predictor,10,0.047377860988490283,0.42170387506484985,0.21838904023170472,0.5613629817962646,0.19201218336820602,0.1395909458398819,0.39158035814762115,1.2479966282844543,1.0987272381782531,1.385596787929535,0.27563950419425964,0.1492798864841461,0.36328521072864534,14.348090033978224,0.04437943994998932,2598.7863525390626,1.9135527610778809,0.051950220391154295,68.916748046875
log_sigma,sigma_uniform_dpm,"Sigma-space DPM-1, uniform t",DPM predictor,20,0.09421767148887739,0.41572505235671997,0.1500755086541176,0.5654435813426971,0.19305315613746643,0.14968491941690446,0.439302533864975,1.2955479621887207,1.1012690186500549,1.468384003639221,0.2700125128030777,0.13425452411174774,0.3641414016485214,14.781611561775208,0.026366918534040454,2595.0002197265626,1.75103297829628,0.040870492160320286,69.61259002685547
log_sigma,sigma_uniform_dpm,"Sigma-space DPM-1, uniform t",DPM predictor,50,0.23680569150019437,0.425324484705925,0.18212277293205262,0.5301275014877319,0.19070202112197876,0.15544566363096238,0.41411156356334683,1.294371485710144,1.1361862540245056,1.4861598253250121,0.27765341103076935,0.1504034623503685,0.34318007826805114,13.630713760852814,0.05500518791377545,2599.726953125,2.0201805233955383,0.09878146871924401,69.41364135742188
log_sigma,sigma_uniform_dpm,"Sigma-space DPM-1, uniform t",DPM predictor,100,0.46720102400286123,0.39641667902469635,0.2073281779885292,0.525140768289566,0.18328380584716797,0.1495910108089447,0.33392907977104186,1.311187207698822,1.1003845095634461,1.5068490028381347,0.2586745247244835,0.15466363430023194,0.3407047837972641,15.31163415312767,0.037872640416026115,2599.091650390625,2.327364146709442,0.03952077776193619,69.24336242675781
mixture,dpm2_log,"DPM-2 + corrector, log sigma",Overall sampler,5,0.1638411789899692,0.1822589859366417,0.11463551372289658,0.3548756033182144,0.19921815395355225,0.14678510874509812,0.2341448947787285,1.335862934589386,1.114799165725708,1.579869568347931,0.15540891885757446,0.09589608460664749,0.24409411847591397,14.356809075921774,0.00577400759793818,2591.064453125,0.8965729437768459,0.03474801704287529,70.56359786987305
mixture,dpm2_log,"DPM-2 + corrector, log sigma",Overall sampler,10,0.23364135948941112,0.17924241721630096,0.14390659481287002,0.38487786948680874,0.1990373134613037,0.16312093287706375,0.24639982134103774,1.3317589163780212,1.1294625997543335,1.5622844576835633,0.1424008086323738,0.1172945186495781,0.2614870220422745,14.010082185268402,0.009162143245339394,2579.3027587890624,0.8211140036582947,0.012614833377301697,69.73394546508788
mixture,dpm2_log,"DPM-2 + corrector, log sigma",Overall sampler,20,0.37192159454571083,0.12721166759729385,0.07369661331176758,0.3498527228832245,0.1901913657784462,0.14874852448701859,0.2334941655397415,1.3385947942733765,1.1225473403930664,1.505067729949951,0.11557480692863464,0.09079818800091743,0.23546362221240996,14.72860512882471,0.015092470683157447,2581.3519775390623,0.674424085766077,0.010103782918304206,68.84783630371093
mixture,dpm2_log,"DPM-2 + corrector, log sigma",Overall sampler,50,0.7931915110093541,0.08881254494190216,0.052007715404033664,0.2203413516283035,0.1802251636981964,0.1291431576013565,0.329062408208847,1.2802006006240845,1.1478487730026246,1.3957072734832763,0.10738999769091606,0.08771459683775902,0.15732966512441635,13.762449122965336,0.014886168483644725,2556.17763671875,0.4968872144818306,0.007451142556965352,69.96310424804688
mixture,dpm2_log,"DPM-2 + corrector, log sigma",Overall sampler,100,1.5012041964801028,0.08964326977729797,0.017960466630756858,0.18114289045333862,0.11288420483469963,0.07864692509174347,0.29495289623737336,1.1893560290336609,1.097555649280548,1.286502969264984,0.08734563365578651,0.06032563671469689,0.13340166360139846,16.289460748434067,0.0030978823080658915,2571.4288330078125,0.4291556621901691,0.0012742828810587527,70.25106506347656
mixture,dpm2_uniform,"DPM-2 + corrector, uniform t",Overall sampler,5,0.16137039655586705,0.16072338074445724,0.12253363281488419,0.323324254155159,0.31712839007377625,0.26275214850902556,0.33895583152770997,1.518961787223816,1.2003199696540832,1.8729434609413147,0.19206275045871735,0.12969680726528168,0.26689024865627287,14.692878358066082,0.011360585037618876,2577.9394287109376,0.7237381860613823,0.011498502362519503,69.97289352416992
mixture,dpm2_uniform,"DPM-2 + corrector, uniform t",Overall sampler,10,0.23221321101300418,0.13951703906059265,0.1116165690124035,0.3079569101333618,0.22266552597284317,0.19617110788822173,0.28032541573047637,1.3792622685432434,1.1464733719825744,1.627742874622345,0.1476639360189438,0.10913798809051514,0.2241839125752449,16.2476893812418,0.003929234994575382,2583.29912109375,0.6672847643494606,0.014749307930469514,70.05805969238281
mixture,dpm2_uniform,"DPM-2 + corrector, uniform t",Overall sampler,20,0.3730809845146723,0.08789506927132607,0.03922361545264721,0.2656420201063156,0.2107316181063652,0.17745137512683867,0.32882976830005645,1.3476786613464355,1.1528433918952943,1.54223712682724,0.11904384195804596,0.08914804384112358,0.19747445434331892,14.995508968830109,0.0007060710922814906,2590.18525390625,0.47916104458272457,0.0007360640622209758,68.752001953125
mixture,dpm2_uniform,"DPM-2 + corrector, uniform t",Overall sampler,50,0.7976786949438974,0.08368705958127975,0.018417587690055373,0.1936473697423935,0.19504322111606598,0.14970068782567977,0.3154212713241577,1.3034874200820923,1.1589598774909973,1.4820032596588135,0.11667976900935173,0.08777379691600799,0.1426421135663986,14.967566817998886,0.009816842898726464,2572.6971435546875,0.4928915202617645,0.0066445771604776395,70.47066345214844
mixture,dpm2_uniform,"DPM-2 + corrector, uniform t",Overall sampler,100,1.5042778885108419,0.05549823306500912,0.01742905089631677,0.1958283558487892,0.14999686926603317,0.11887957602739334,0.3101499527692795,1.2407564520835876,1.1250028133392334,1.4120178461074828,0.10004283860325813,0.07831970229744911,0.14485310614109037,13.693569131195545,0.012259576655924321,2578.904541015625,0.454884372651577,0.007953959610313177,70.04496231079102
mixture,em_log,"Euler--Maruyama, log sigma",Euler update,5,0.024127564451191574,0.31484749913215637,0.09463850259780884,0.4735590934753418,0.920917421579361,0.7581654548645019,1.1190662026405334,2.1391120553016663,1.629911518096924,2.626747250556946,0.35731570422649384,0.3208171874284744,0.439230290055275,14.923761568963528,0.020985392574220905,2592.949658203125,1.4409177750349045,0.01970592215657235,70.61351089477539
mixture,em_log,"Euler--Maruyama, log sigma",Euler update,10,0.04759882052894682,0.15871261805295944,0.09899742752313614,0.31984515190124513,0.4038248807191849,0.33156232833862304,0.48664815127849576,1.5601612329483032,1.301606583595276,1.895850908756256,0.1961943358182907,0.1544663205742836,0.2663457632064819,14.93044413626194,0.04145097434520722,2580.0021484375,0.7186960801482201,0.01826743148267269,70.60157089233398
mixture,em_log,"Euler--Maruyama, log sigma",Euler update,20,0.09573269251268357,0.11132684350013733,0.06459383741021156,0.3177447021007538,0.2375662699341774,0.2124822109937668,0.3655902475118637,1.4158891439437866,1.184048581123352,1.627888596057892,0.13650815188884735,0.10139925330877304,0.22622699737548826,15.253664832562208,0.011227444373071193,2582.0886474609374,0.6150516718626022,0.010891126655042173,68.20804824829102
mixture,em_log,"Euler--Maruyama, log sigma",Euler update,50,0.23784949345281348,0.108859121799469,0.0801974393427372,0.27499803006649015,0.21663564443588257,0.17098791003227234,0.33688434362411496,1.3357725143432617,1.1746803402900696,1.508535623550415,0.12595230340957642,0.10613057166337966,0.19472989439964294,16.154748678207397,0.003930370952002706,2574.2252685546873,0.569181278347969,0.007181109068915248,69.64208450317383
mixture,em_log,"Euler--Maruyama, log sigma",Euler update,100,0.47360189800383523,0.1189836785197258,0.06252968311309814,0.2649445965886116,0.1824217140674591,0.14336172342300416,0.2562823355197906,1.2861388325691223,1.1095115184783935,1.4952311158180236,0.11427648738026619,0.10138585716485977,0.18597959429025648,14.708675190806389,0.0058259022887796165,2570.91162109375,0.5339674800634384,0.0049866973888129,70.22135925292969
mixture,em_uniform,"Euler--Maruyama, uniform t",Euler update,5,0.025676210469100624,0.30594563484191895,0.1426265835762024,0.4129243582487106,0.7193055152893066,0.6876026034355164,0.773118406534195,2.021295189857483,1.5126198649406433,2.5829766988754272,0.3556157052516937,0.3126501053571701,0.4240737676620483,14.393675148487091,0.03669680319726467,2595.2720947265625,1.878860056400299,0.04028411656618119,69.08397521972657
mixture,em_uniform,"Euler--Maruyama, uniform t",Euler update,10,0.04835707048187032,0.17591962963342667,0.1387110248208046,0.34868436753749843,0.3835650384426117,0.3182412624359131,0.42762480676174164,1.6398605108261108,1.252325463294983,1.9940929412841797,0.2303449511528015,0.1705359101295471,0.29745884239673615,15.630969725549221,0.005337077344302092,2590.952294921875,0.686615839600563,0.016994420439004898,70.01043395996093
mixture,em_uniform,"Euler--Maruyama, uniform t",Euler update,20,0.09477418701862916,0.1348530426621437,0.07413621693849565,0.32107579410076137,0.2854200005531311,0.21603263318538665,0.35442619025707245,1.4656040668487549,1.181058895587921,1.7562382221221924,0.16839317232370377,0.12870849072933196,0.2489901065826416,15.691123865544796,0.0036460399394854905,2572.463671875,0.7903772369027138,0.003262128192000091,71.27486267089844
mixture,em_uniform,"Euler--Maruyama, uniform t",Euler update,50,0.23833212698809803,0.1221311129629612,0.05436037257313729,0.26892014443874357,0.22261150181293488,0.18567375540733339,0.30309354066848754,1.3347015976905823,1.181770658493042,1.597904586791992,0.1416703462600708,0.10210766270756721,0.1912920519709587,16.407278303056955,0.025235458090901376,2571.0946533203123,0.6560409814119339,0.011821085028350355,71.3217903137207
mixture,em_uniform,"Euler--Maruyama, uniform t",Euler update,100,0.47402800602139905,0.12785346806049347,0.05366182737052441,0.2840872406959533,0.18769223988056183,0.1374746784567833,0.2255759432911873,1.274430513381958,1.1079468131065369,1.5319778203964234,0.11748002842068672,0.09814321175217629,0.19744898825883864,14.632404388859868,0.009734330885112285,2586.40107421875,0.5477725956588984,0.0031982215587049727,69.61673049926758
mixture,sigma_log_dpm,"Sigma-space DPM-1, log sigma",DPM predictor,5,0.02327031351160258,0.4618162512779236,0.20517662167549133,0.6809380173683166,0.22443844377994537,0.1163048192858696,0.6447310149669647,1.2351030111312866,1.046487069129944,1.3774184942245482,0.30423688888549805,0.14293150305747987,0.4417596638202667,14.837730273604393,0.021260575205087673,2590.2717041015626,3.352295219898224,0.020803065318614256,70.05137176513672
mixture,sigma_log_dpm,"Sigma-space DPM-1, log sigma",DPM predictor,10,0.04741509148152545,0.42993441224098206,0.20584954917430878,0.5599801659584045,0.20383226871490479,0.1332984521985054,0.4284749686717987,1.2409140467643738,1.0753666877746582,1.4419176578521729,0.28569841384887695,0.14016742408275604,0.36060870885849,14.509676393121481,0.025835290737450126,2586.4856689453127,2.855113297700882,0.023168294504284863,70.03316726684571
mixture,sigma_log_dpm,"Sigma-space DPM-1, log sigma",DPM predictor,20,0.09608300600666553,0.41903117299079895,0.14591852873563765,0.5503705680370331,0.20721185952425003,0.16111812442541124,0.44536247253417965,1.3186461925506592,1.090995466709137,1.5213306903839112,0.27710820734500885,0.13585686981678008,0.3544187992811203,15.548304259777069,0.026374704949557782,2583.973291015625,2.74161234498024,0.02347936481237412,70.99484634399414
mixture,sigma_log_dpm,"Sigma-space DPM-1, log sigma",DPM predictor,50,0.2358451799955219,0.40997718274593353,0.17787646353244782,0.5266465902328491,0.19144225120544434,0.17066662162542343,0.3869512617588043,1.3051506876945496,1.114426589012146,1.511177408695221,0.26959019899368286,0.14784225523471833,0.33966365158557893,13.92893297970295,0.03362521156668663,2593.4716064453123,2.754635274410248,0.03062483239918947,70.1026512145996
mixture,sigma_log_dpm,"Sigma-space DPM-1, log sigma",DPM predictor,100,0.4749324225122109,0.38390375673770905,0.19379759579896927,0.4876043528318405,0.18300841748714447,0.14416561424732208,0.2853794664144516,1.299820363521576,1.0746706485748292,1.5361939907073974,0.2532174214720726,0.14807176738977432,0.3231477290391922,15.436099961400032,0.020230595394968992,2589.6690673828125,2.916842758655548,0.01792100835591555,70.32203750610351
mixture,sigma_uniform_dpm,"Sigma-space DPM-1, uniform t",DPM predictor,5,0.024067471968010068,0.4323534518480301,0.20891207158565522,0.566630232334137,0.21536783128976822,0.13228583335876465,0.5369868278503418,1.2400255799293518,1.0498432517051697,1.3725177764892578,0.28581681847572327,0.1428983688354492,0.36878676414489747,14.630351528525352,0.016841906309127814,2588.2309326171876,2.692595452070236,0.01680530738085509,70.02102813720703
mixture,sigma_uniform_dpm,"Sigma-space DPM-1, uniform t",DPM predictor,10,0.04697541403584182,0.3974839299917221,0.20237541496753692,0.5075925052165985,0.19781424850225449,0.12640285193920137,0.364849978685379,1.1927980184555054,1.0658992052078247,1.3972010374069213,0.2639269456267357,0.13603877127170563,0.3284178406000137,14.715528391301632,0.019443247839808463,2585.2042724609373,2.219264179468155,0.017518569156527518,70.0922866821289
mixture,sigma_uniform_dpm,"Sigma-space DPM-1, uniform t",DPM predictor,20,0.09383181907469407,0.392867311835289,0.1419808104634285,0.5149030745029449,0.1878039687871933,0.14484795182943344,0.39737142622470856,1.2714446783065796,1.0806015253067016,1.4576789140701294,0.2592601180076599,0.12214773297309875,0.3317492604255676,15.52907519042492,0.02273839544504881,2583.1818115234373,2.289203643798828,0.02201479431241751,70.88186187744141
mixture,sigma_uniform_dpm,"Sigma-space DPM-1, uniform t",DPM predictor,50,0.23701384797459468,0.38924485445022583,0.17292955815792083,0.5015370488166809,0.1757756695151329,0.15656978785991668,0.3628315180540085,1.273065209388733,1.1071476578712462,1.457975447177887,0.25546108186244965,0.13752713203430175,0.3252165824174881,13.985924556851387,0.03099924698472023,2592.3899169921874,2.2985989451408386,0.028154097869992255,70.14322891235352
mixture,sigma_uniform_dpm,"Sigma-space DPM-1, uniform t",DPM predictor,100,0.47846593894064426,0.3636278063058853,0.19050723910331727,0.4801849901676178,0.17334310710430145,0.13609930127859116,0.27475063502788544,1.280722200870514,1.069783902168274,1.5051527976989745,0.24060893058776855,0.1423687219619751,0.31735448241233827,15.555014625191689,0.019403487443923954,2589.0564697265627,2.578825891017914,0.01743285655975342,70.32987213134766
uniform,dpm2_log,"DPM-2 + corrector, log sigma",Overall sampler,5,0.16137400054140016,0.2170126587152481,0.13414642214775085,0.34968885183334353,0.1552123874425888,0.07251227721571922,0.19184659868478773,1.2893399596214294,1.048334014415741,1.4451143860816955,0.15467792004346848,0.09676262214779854,0.23359899669885634,14.291425976902246,0.008804595936089754,2588.590380859375,1.2542667984962463,0.03678631782531738,70.89255752563477
uniform,dpm2_log,"DPM-2 + corrector, log sigma",Overall sampler,10,0.23441742145223543,0.2402639165520668,0.13209910988807677,0.3663585990667343,0.1612013876438141,0.08999458700418474,0.23241040557622908,1.2947987914085388,1.071662724018097,1.4478461265563964,0.16343744099140167,0.11039772555232048,0.24533253014087678,13.987645003944635,0.008900570869445802,2583.2437255859377,1.1458012759685516,0.007936346391215921,70.04491958618163
uniform,dpm2_log,"DPM-2 + corrector, log sigma",Overall sampler,20,0.37265454250155017,0.17367345839738846,0.06805076822638512,0.3317385733127594,0.14519226551055908,0.06785415410995484,0.2713197290897369,1.2976433634757996,1.0466864585876465,1.3792925596237182,0.1306072100996971,0.0778064526617527,0.21842867732048035,14.924780644476414,0.011691664159297944,2580.3306396484377,0.7499048933386803,0.009605313278734684,69.97787780761719
uniform,dpm2_log,"DPM-2 + corrector, log sigma",Overall sampler,50,0.7929548539686948,0.1163242757320404,0.04335488080978394,0.2388975068926811,0.11670362949371338,0.0835462674498558,0.29511895477771755,1.2050097584724426,1.1108137726783753,1.2667088270187379,0.10894389823079109,0.06797930896282196,0.17337453514337536,13.237693592905998,0.00539169991388917,2557.1408203125,0.493361908942461,0.006223850045353176,70.48679428100586
uniform,dpm2_log,"DPM-2 + corrector, log sigma",Overall sampler,100,1.485375111515168,0.08416217938065529,0.030615749582648278,0.3306000113487243,0.061734775081276894,0.04107022807002068,0.19243768006563186,1.0978984832763672,1.0135283589363098,1.1540295362472535,0.07124125957489014,0.04393398389220238,0.23226991593837734,12.99675994925201,0.0011350247426889838,2566.653515625,0.4123085606843233,0.0015157920541241767,70.86959381103516
uniform,dpm2_uniform,"DPM-2 + corrector, uniform t",Overall sampler,5,0.16045800101710483,0.20130356401205063,0.10644901916384697,0.2982751548290253,0.2212737649679184,0.16876906305551528,0.2827481895685196,1.4187027215957642,1.1352473020553588,1.6227770447731018,0.16440870612859726,0.11286549642682076,0.22147627025842667,14.480864774435759,0.01418746579438448,2574.268701171875,1.3618487119674683,0.01806183010339737,70.44393997192383
uniform,dpm2_uniform,"DPM-2 + corrector, uniform t",Overall sampler,10,0.23140437895199284,0.15416374802589417,0.10652810856699943,0.28570753037929536,0.17425234615802765,0.1116130366921425,0.28090506792068476,1.3245494961738586,1.0948693037033081,1.4693784236907959,0.1301078498363495,0.10488510727882386,0.19999291449785234,16.078127026557922,0.006335314828902485,2583.2633544921873,0.7840311974287033,0.014735675603151326,70.78315124511718
uniform,dpm2_uniform,"DPM-2 + corrector, uniform t",Overall sampler,20,0.3730348200770095,0.1330752670764923,0.042082929611206056,0.25713167786598207,0.1723703294992447,0.14236740320920943,0.36119276881217954,1.346925139427185,1.1229237914085388,1.4508177042007446,0.12992198765277863,0.08239924609661102,0.1820044994354248,14.595340376719832,0.001289855130016804,2591.153515625,0.4905172847211361,0.00093896251055412,69.56338653564453
uniform,dpm2_uniform,"DPM-2 + corrector, uniform t",Overall sampler,50,0.7940522889839485,0.1414334774017334,0.04444891661405564,0.2771920263767242,0.15751031786203384,0.1247048944234848,0.30647502839565277,1.2590550184249878,1.1292061924934387,1.3931745767593384,0.12118460237979889,0.07983644530177117,0.1958214372396469,13.084201574325562,0.009497342724353076,2573.7266357421877,0.4210724402219057,0.009440843854099512,70.6500633239746
uniform,dpm2_uniform,"DPM-2 + corrector, uniform t",Overall sampler,100,1.4851384725188836,0.1247037872672081,0.020469370484352115,0.31789547502994536,0.12552008032798767,0.07970490604639054,0.2503416627645493,1.2023085951805115,1.088490891456604,1.3196450352668763,0.09926240518689156,0.06474273130297661,0.22374181002378463,12.288274265825748,0.010774023365229368,2577.5196533203125,0.3981579774990678,0.009827306400984526,70.64513626098633
uniform,em_log,"Euler--Maruyama, log sigma",Euler update,5,0.02358447597362101,0.3465573936700821,0.08489498123526575,0.4567909330129623,0.8553586900234222,0.705715125799179,1.2322042942047118,2.178572356700897,1.5877325177192687,2.563786339759827,0.372724249958992,0.3282217472791672,0.43100265264511106,14.55039570108056,0.015324539877474314,2595.4088623046873,1.6377026736736298,0.015917258523404604,71.4120491027832
uniform,em_log,"Euler--Maruyama, log sigma",Euler update,10,0.047056798939593136,0.19513246417045593,0.08902402222156525,0.3067878246307373,0.34782886505126953,0.29079714715480803,0.531344348192215,1.5702947974205017,1.2552504301071168,1.8169339776039124,0.19140075147151947,0.15516523867845536,0.2573287010192871,15.169998250901699,0.01927012968808413,2582.897802734375,0.6516973190009594,0.024366027861833575,70.92081909179687
uniform,em_log,"Euler--Maruyama, log sigma",Euler update,20,0.09419776947470382,0.15998546034097672,0.06264247409999371,0.30889740884304046,0.205905482172966,0.17247312963008882,0.38991129994392393,1.415743350982666,1.1318244099617005,1.5400075793266297,0.14571311324834824,0.10137950852513314,0.21535380631685258,15.256416700780392,0.011115004774183037,2583.017431640625,0.5983120761811733,0.006544450018554927,69.1779541015625
uniform,em_log,"Euler--Maruyama, log sigma",Euler update,50,0.23603303148411214,0.1315217725932598,0.08332765623927116,0.27792700529098513,0.17288804799318314,0.13178762048482895,0.353200027346611,1.3009727597236633,1.1409698605537415,1.4231029987335204,0.1263907477259636,0.09093418344855309,0.18755093216896057,15.762099292129278,0.00412379673216492,2572.069921875,0.6101040430366993,0.008657922130078077,70.0960464477539
uniform,em_log,"Euler--Maruyama, log sigma",Euler update,100,0.4745161954779178,0.13952459022402763,0.06620699539780617,0.26616568863391876,0.15346063673496246,0.11990247666835785,0.2834764689207077,1.2488399147987366,1.0941072821617126,1.412652564048767,0.1222970075905323,0.0886243686079979,0.1825836643576622,14.434498954564333,0.005893419589847328,2570.1729248046877,0.6176254041492939,0.005437080888077618,70.65492935180664
uniform,em_uniform,"Euler--Maruyama, uniform t",Euler update,5,0.023790040519088507,0.3180021047592163,0.1290056064724922,0.41415167748928067,0.6981181800365448,0.6401756465435028,0.8638906180858612,2.0605756640434265,1.4944811105728149,2.573253607749939,0.36137887835502625,0.30675416588783266,0.4241905897855759,14.10462299734354,0.024926582537591467,2594.4554443359375,1.8200902342796326,0.024046257976442584,69.40031433105469
uniform,em_uniform,"Euler--Maruyama, uniform t",Euler update,10,0.0496015505050309,0.20049526542425156,0.13152868747711183,0.3505077868700027,0.3795762360095978,0.2652846097946167,0.5245896607637405,1.6716408729553223,1.230732762813568,1.9802068829536439,0.23384056240320206,0.18226974457502365,0.2954769104719162,15.606847368180752,0.007205087319016457,2591.133154296875,0.7660936787724495,0.006211478356271983,69.8116355895996
uniform,em_uniform,"Euler--Maruyama, uniform t",Euler update,20,0.09601945255417377,0.17784105986356735,0.06951014026999473,0.324158126115799,0.2806108295917511,0.20274430066347124,0.4068646013736725,1.5435535311698914,1.1710092663764953,1.7386448860168457,0.17294219136238098,0.13335576057434081,0.25434293448925016,15.00849785655737,0.004407640686258674,2572.1922607421875,0.661070205271244,0.003859831299632788,71.70228729248046
uniform,em_uniform,"Euler--Maruyama, uniform t",Euler update,50,0.23727333900751546,0.14980946853756905,0.07429172545671464,0.27538052201271057,0.20528580248355865,0.16939393281936646,0.3403904229402542,1.3698678016662598,1.1541081070899963,1.5752731084823608,0.14387649297714233,0.10351279750466347,0.19453185498714448,15.577390260994434,0.019211447052657604,2571.152001953125,0.628980964422226,0.013610109128057959,71.24305877685546
uniform,em_uniform,"Euler--Maruyama, uniform t",Euler update,100,0.47418012452544644,0.15761038661003113,0.05937298089265824,0.2911572724580765,0.17394540458917618,0.13083472102880478,0.2806366071105003,1.2714806199073792,1.1087496638298036,1.5006516933441163,0.13172919303178787,0.09363143742084504,0.19985325634479523,14.250405214726925,0.0076396598946303134,2584.595263671875,0.5620082356035709,0.0021333491662517204,69.9894027709961
uniform,sigma_log_dpm,"Sigma-space DPM-1, log sigma",DPM predictor,5,0.02290210942737758,0.46683475375175476,0.1964096263051033,0.6874749600887299,0.21328319609165192,0.11400338634848595,0.6266520321369171,1.2357827425003052,1.0470092177391053,1.3415578961372376,0.30493229627609253,0.13810223788022996,0.4423689663410187,14.758654445409775,0.015820413269102575,2588.940869140625,4.216369271278381,0.016335076093673708,69.68142395019531
uniform,sigma_log_dpm,"Sigma-space DPM-1, log sigma",DPM predictor,10,0.04681638954207301,0.46179503202438354,0.19412113577127457,0.5543891012668609,0.18682251125574112,0.12945483028888702,0.39628406465053556,1.2603753209114075,1.009524154663086,1.3914609789848327,0.3036506772041321,0.13216722160577773,0.35694420635700225,14.853496424853802,0.028703211992979052,2589.253857421875,3.488131880760193,0.02572743929922581,69.6272804260254
uniform,sigma_log_dpm,"Sigma-space DPM-1, log sigma",DPM predictor,20,0.09400997048942372,0.4598954766988754,0.13761748671531676,0.5591503918170929,0.1895183101296425,0.14959604740142823,0.4167402595281601,1.3110395073890686,1.0280388236045837,1.468051254749298,0.3020710349082947,0.126755490899086,0.35680999159812926,15.711378172039986,0.0249227711930871,2585.963671875,3.5689119696617126,0.022138967365026477,70.41420669555664
uniform,sigma_log_dpm,"Sigma-space DPM-1, log sigma",DPM predictor,50,0.2355383909889497,0.42219895124435425,0.1683589205145836,0.513754540681839,0.17472264170646667,0.14769553989171982,0.3624988496303558,1.306209683418274,1.0362505674362184,1.4541545867919923,0.27752214670181274,0.1367661625146866,0.33032614588737486,14.236458137631416,0.06218074001371861,2595.0583251953126,3.290523588657379,0.05793950669467449,70.22071075439453
uniform,sigma_log_dpm,"Sigma-space DPM-1, log sigma",DPM predictor,100,0.4715536049916409,0.44509491324424744,0.18640888780355452,0.49160824418067933,0.17299719899892807,0.13041739612817765,0.27330193519592283,1.312711238861084,1.0140855193138123,1.4737643957138062,0.2926189452409744,0.13895301520824432,0.31707767248153684,15.611684516072273,0.015425039269030095,2593.459814453125,3.6479817628860474,0.013560546748340131,70.153662109375
uniform,sigma_uniform_dpm,"Sigma-space DPM-1, uniform t",DPM predictor,5,0.023525237571448088,0.4561781883239746,0.19688604921102523,0.5441349744796753,0.20659130811691284,0.1343920722603798,0.5592715799808502,1.2528365850448608,1.001306313276291,1.3619460821151732,0.2979399263858795,0.13922274708747864,0.3532058835029602,15.181344792246819,0.01269801501184702,2589.4613525390623,2.746742606163025,0.012426035664975644,69.64407730102539
uniform,sigma_uniform_dpm,"Sigma-space DPM-1, uniform t",DPM predictor,10,0.04710207198513672,0.4357404559850693,0.19264821708202362,0.49121776819229124,0.19126015901565552,0.13125695288181305,0.3591065496206283,1.2547593712806702,0.9937185287475586,1.3690896391868592,0.2845381051301956,0.13128368705511093,0.3208049565553665,15.040397264063358,0.02005127463489771,2587.8912353515625,2.1835519075393677,0.017756834998726847,69.77163619995117
uniform,sigma_uniform_dpm,"Sigma-space DPM-1, uniform t",DPM predictor,20,0.09598548006033525,0.4428984671831131,0.13390596210956573,0.5034760653972625,0.18576396256685257,0.14571465998888017,0.396183568239212,1.3037989735603333,1.0196022510528564,1.4444140315055847,0.28778067231178284,0.12138919234275818,0.3260219395160675,15.67119488120079,0.0221662862226367,2584.69091796875,2.5140484869480133,0.02019226681441069,70.4186912536621
uniform,sigma_uniform_dpm,"Sigma-space DPM-1, uniform t",DPM predictor,50,0.23364547750679776,0.4200742691755295,0.16709382683038712,0.48752622306346893,0.17342687398195267,0.14663932025432586,0.3545198082923889,1.302164077758789,1.032534122467041,1.4404891848564148,0.27565789222717285,0.13385172188282013,0.31511940360069274,14.24832671880722,0.05469047464430332,2594.915771484375,2.8122116923332214,0.056551599875092506,70.16287841796876
uniform,sigma_uniform_dpm,"Sigma-space DPM-1, uniform t",DPM predictor,100,0.47329301451100037,0.4316045045852661,0.18542314320802689,0.478060320019722,0.17071492224931717,0.12763005644083023,0.2697709158062935,1.3102377653121948,1.0128642678260804,1.4678388714790345,0.28453102707862854,0.1377994105219841,0.3103173613548279,15.648015663027763,0.015259591862559319,2593.3823974609377,3.3655463457107544,0.013393187802284956,70.14916534423828
