likelihood_std,mean_error_sigma,n_observations,prior_std,repeat,runtime_seconds,std_ratio,variant
0.5,0.010314539074897766,1,0.3,0,0.3891111030243337,1.0152032375335693,DPM + uncorrected
0.5,0.02518985979259014,1,0.3,0,0.4362611679825932,1.0070281028747559,DPM + Gaussian
0.5,0.006877950392663479,1,0.3,0,0.6773188499500975,1.0223524570465088,Langevin + Gaussian
0.5,0.05885809659957886,1,0.3,0,0.6081532099051401,1.075405240058899,Langevin + uncorrected
0.5,0.011714935302734375,1,0.3,0,0.9545358238974586,1.059172511100769,Langevin + F-NPSE
0.5,0.040905095636844635,1,0.3,1,0.38771484699100256,1.0150606632232666,DPM + uncorrected
0.5,0.04008867219090462,1,0.3,1,0.4411767109995708,1.0101583003997803,DPM + Gaussian
0.5,0.016022134572267532,1,0.3,1,0.680839705048129,1.0287443399429321,Langevin + Gaussian
0.5,0.004183862823992968,1,0.3,1,0.6024881718913093,1.090644121170044,Langevin + uncorrected
0.5,0.017902709543704987,1,0.3,1,0.9595329290023074,1.058610200881958,Langevin + F-NPSE
0.5,0.03527986630797386,1,0.3,2,0.38717378000728786,1.0226771831512451,DPM + uncorrected
0.5,0.03827989473938942,1,0.3,2,0.43572467705234885,1.003533959388733,DPM + Gaussian
0.5,0.022187329828739166,1,0.3,2,0.6817284879507497,1.0225781202316284,Langevin + Gaussian
0.5,0.021266309544444084,1,0.3,2,0.6032322010723874,1.0731205940246582,Langevin + uncorrected
0.5,0.03394373506307602,1,0.3,2,0.9545266539789736,1.025590181350708,Langevin + F-NPSE
0.5,0.1312830150127411,2,0.3,0,0.4201961630024016,1.0000014305114746,DPM + uncorrected
0.5,0.035068124532699585,2,0.3,0,0.463173855911009,0.9975476264953613,DPM + Gaussian
0.5,0.030017679557204247,2,0.3,0,0.7127533020684496,1.025181531906128,Langevin + Gaussian
0.5,0.04080234095454216,2,0.3,0,0.6150304119801149,1.0719406604766846,Langevin + uncorrected
0.5,0.0399245023727417,2,0.3,0,0.9649217249825597,1.0715818405151367,Langevin + F-NPSE
0.5,0.06001666933298111,2,0.3,1,0.39302581700030714,1.012145757675171,DPM + uncorrected
0.5,0.021740470081567764,2,0.3,1,0.46312846906948835,1.005387783050537,DPM + Gaussian
0.5,0.014623699709773064,2,0.3,1,0.7153343049576506,1.022782802581787,Langevin + Gaussian
0.5,0.036217931658029556,2,0.3,1,0.6085706980666146,1.0650513172149658,Langevin + uncorrected
0.5,0.04531335458159447,2,0.3,1,0.9661375120049343,1.0929882526397705,Langevin + F-NPSE
0.5,0.04664715752005577,2,0.3,2,0.3915655929595232,1.007997989654541,DPM + uncorrected
0.5,0.020121203735470772,2,0.3,2,0.4632443949813023,1.0089385509490967,DPM + Gaussian
0.5,0.04892166331410408,2,0.3,2,0.7157839640276507,1.013465404510498,Langevin + Gaussian
0.5,0.006095940712839365,2,0.3,2,0.6132074170745909,1.063689112663269,Langevin + uncorrected
0.5,0.016671840101480484,2,0.3,2,0.9615048619452864,1.0880138874053955,Langevin + F-NPSE
0.5,0.17123258113861084,5,0.3,0,0.39653339399956167,0.9579869508743286,DPM + uncorrected
0.5,0.01604519970715046,5,0.3,0,0.4626867100596428,0.9971444010734558,DPM + Gaussian
0.5,0.036091435700654984,5,0.3,0,0.7187937829876319,1.0021778345108032,Langevin + Gaussian
0.5,0.08074192702770233,5,0.3,0,0.618725590989925,1.0680756568908691,Langevin + uncorrected
0.5,0.11113423109054565,5,0.3,0,0.9720388870919123,1.1577250957489014,Langevin + F-NPSE
0.5,0.1219148263335228,5,0.3,1,0.39903614099603146,0.9594546556472778,DPM + uncorrected
0.5,0.02473720721900463,5,0.3,1,0.4716129209846258,0.9983914494514465,DPM + Gaussian
0.5,0.03540721908211708,5,0.3,1,0.7166871529771015,1.0261204242706299,Langevin + Gaussian
0.5,0.017887046560645103,5,0.3,1,0.6133631549309939,1.0552098751068115,Langevin + uncorrected
0.5,0.07284224033355713,5,0.3,1,0.9673832319676876,1.1387896537780762,Langevin + F-NPSE
0.5,0.09148572385311127,5,0.3,2,0.38984497799538076,0.9516744613647461,DPM + uncorrected
0.5,0.015839099884033203,5,0.3,2,0.4643118699314073,1.0170655250549316,DPM + Gaussian
0.5,0.03142965957522392,5,0.3,2,0.723111093044281,1.0165691375732422,Langevin + Gaussian
0.5,0.007256834302097559,5,0.3,2,0.6108274370199069,1.074089527130127,Langevin + uncorrected
0.5,0.025184402242302895,5,0.3,2,0.9620083440095186,1.1529169082641602,Langevin + F-NPSE
0.5,0.5812355279922485,10,0.3,0,0.39672188996337354,0.9551567435264587,DPM + uncorrected
0.5,0.018019869923591614,10,0.3,0,0.4619846560526639,1.0050783157348633,DPM + Gaussian
0.5,0.005862931255251169,10,0.3,0,0.7117271620081738,1.0154495239257812,Langevin + Gaussian
0.5,0.189874529838562,10,0.3,0,0.6170969340018928,1.045684814453125,Langevin + uncorrected
0.5,0.5296565890312195,10,0.3,0,0.9645906669320539,1.2184547185897827,Langevin + F-NPSE
0.5,0.2892867624759674,10,0.3,1,0.3912823919672519,0.955180823802948,DPM + uncorrected
0.5,0.011942541226744652,10,0.3,1,0.47063233295921236,1.016685962677002,DPM + Gaussian
0.5,0.04974149167537689,10,0.3,1,0.7138576619327068,1.0097041130065918,Langevin + Gaussian
0.5,0.1367289125919342,10,0.3,1,0.6129098150413483,1.0665007829666138,Langevin + uncorrected
0.5,0.3398030400276184,10,0.3,1,0.967439042055048,1.2068763971328735,Langevin + F-NPSE
0.5,0.21073748171329498,10,0.3,2,0.38766575197223574,0.9386707544326782,DPM + uncorrected
0.5,0.024170130491256714,10,0.3,2,0.46198627597186714,1.0213481187820435,DPM + Gaussian
0.5,0.04845311492681503,10,0.3,2,0.7164969830773771,1.0171102285385132,Langevin + Gaussian
0.5,0.09420794248580933,10,0.3,2,0.6081653030123562,1.0543133020401,Langevin + uncorrected
0.5,0.23731566965579987,10,0.3,2,0.959212476038374,1.2046563625335693,Langevin + F-NPSE
0.5,0.11255301535129547,25,0.3,0,0.3976039420813322,0.9641696810722351,DPM + uncorrected
0.5,0.018843501806259155,25,0.3,0,0.4618840760085732,1.0039746761322021,DPM + Gaussian
0.5,0.02289985865354538,25,0.3,0,0.710731886094436,1.0296313762664795,Langevin + Gaussian
0.5,0.06066558510065079,25,0.3,0,0.6094679110683501,1.0255215167999268,Langevin + uncorrected
0.5,0.40771713852882385,25,0.3,0,0.9630651329644024,1.285414695739746,Langevin + F-NPSE
0.5,0.1749049872159958,25,0.3,1,0.3895215151133016,0.9751121401786804,DPM + uncorrected
0.5,0.02678961679339409,25,0.3,1,0.4624475600430742,1.0148646831512451,DPM + Gaussian
0.5,0.03801650553941727,25,0.3,1,0.7188235729699954,1.0347099304199219,Langevin + Gaussian
0.5,0.13463842868804932,25,0.3,1,0.6078222340438515,1.041297435760498,Langevin + uncorrected
0.5,0.5851699113845825,25,0.3,1,0.9655881350627169,1.260436773300171,Langevin + F-NPSE
0.5,0.03524177148938179,25,0.3,2,0.39002964505925775,0.9802242517471313,DPM + uncorrected
0.5,0.035363052040338516,25,0.3,2,0.46226965892128646,1.0053921937942505,DPM + Gaussian
0.5,0.037659212946891785,25,0.3,2,0.7174425499979407,1.0397350788116455,Langevin + Gaussian
0.5,0.053841572254896164,25,0.3,2,0.608844127971679,1.0327274799346924,Langevin + uncorrected
0.5,0.15932230651378632,25,0.3,2,0.9654487639199942,1.2632023096084595,Langevin + F-NPSE
0.5,0.16095958650112152,50,0.3,0,0.39118193893227726,1.0134936571121216,DPM + uncorrected
0.5,0.02423594519495964,50,0.3,0,0.46118305099662393,1.0034037828445435,DPM + Gaussian
0.5,0.03916290029883385,50,0.3,0,0.7201873740414158,1.0222067832946777,Langevin + Gaussian
0.5,0.12706421315670013,50,0.3,0,0.6099293340230361,1.0267311334609985,Langevin + uncorrected
0.5,1.2167531251907349,50,0.3,0,0.9662334430031478,1.2985823154449463,Langevin + F-NPSE
0.5,0.1278807371854782,50,0.3,1,0.39173604897223413,0.9977806806564331,DPM + uncorrected
0.5,0.03961864113807678,50,0.3,1,0.4622871959581971,1.005795955657959,DPM + Gaussian
0.5,0.010685330256819725,50,0.3,1,0.7181347720324993,1.0195550918579102,Langevin + Gaussian
0.5,0.05774974450469017,50,0.3,1,0.6081959579605609,1.0276992321014404,Langevin + uncorrected
0.5,0.7636662721633911,50,0.3,1,0.9599541819188744,1.2843551635742188,Langevin + F-NPSE
0.5,0.12594054639339447,50,0.3,2,0.3968639230588451,0.9941974878311157,DPM + uncorrected
0.5,0.027587082237005234,50,0.3,2,0.46229854598641396,1.0076781511306763,DPM + Gaussian
0.5,0.018300021067261696,50,0.3,2,0.7116710830014199,1.0471396446228027,Langevin + Gaussian
0.5,0.13558252155780792,50,0.3,2,0.6153172670165077,1.0181238651275635,Langevin + uncorrected
0.5,1.1194754838943481,50,0.3,2,0.9614348380127922,1.29056715965271,Langevin + F-NPSE
0.5,0.14717741310596466,100,0.3,0,0.39168338396120816,1.0255000591278076,DPM + uncorrected
0.5,0.014783908613026142,100,0.3,0,0.4746158440830186,1.0202707052230835,DPM + Gaussian
0.5,0.03874431923031807,100,0.3,0,0.7210908440174535,1.0315806865692139,Langevin + Gaussian
0.5,0.17165035009384155,100,0.3,0,0.6182956129778177,1.0365341901779175,Langevin + uncorrected
0.5,2.0292515754699707,100,0.3,0,0.9910247389925644,1.3257092237472534,Langevin + F-NPSE
0.5,0.13725854456424713,100,0.3,1,0.3957344508962706,1.0116212368011475,DPM + uncorrected
0.5,0.04260515421628952,100,0.3,1,0.4684500800212845,1.0008361339569092,DPM + Gaussian
0.5,0.033777978271245956,100,0.3,1,0.7301971410633996,1.0325980186462402,Langevin + Gaussian
0.5,0.12004636973142624,100,0.3,1,0.6188302380032837,1.023241400718689,Langevin + uncorrected
0.5,1.4701402187347412,100,0.3,1,0.9854202440474182,1.2960255146026611,Langevin + F-NPSE
0.5,0.051688194274902344,100,0.3,2,0.4036411370616406,1.0191346406936646,DPM + uncorrected
0.5,0.00954368058592081,100,0.3,2,0.4693040819838643,1.0133724212646484,DPM + Gaussian
0.5,0.012105893343687057,100,0.3,2,0.7257945080054924,1.0214300155639648,Langevin + Gaussian
0.5,0.049794454127550125,100,0.3,2,0.6229324550367892,1.0164828300476074,Langevin + uncorrected
0.5,0.29789966344833374,100,0.3,2,0.9846746700350195,1.3046382665634155,Langevin + F-NPSE
0.5,0.011679612100124359,1,0.3,0,0.40716484608128667,1.0162179470062256,DPM-2 + damping
0.5,0.016650591045618057,1,0.3,0,0.4644535749685019,1.0218368768692017,DPM-2 + Gaussian + damping
0.5,0.01780746690928936,1,0.3,0,0.5287608949001878,1.0068066120147705,DPM-2 + hybrid (no damping)
0.5,0.013727644458413124,1,0.3,0,0.47399148694239557,0.9996502995491028,DPM-2 + hybrid damping
0.5,0.03135952353477478,2,0.3,0,0.42111276905052364,0.9833000898361206,DPM-2 + damping
0.5,0.022105667740106583,2,0.3,0,0.4983952238690108,1.0182914733886719,DPM-2 + Gaussian + damping
0.5,0.04317966476082802,2,0.3,0,0.648167084204033,1.0253022909164429,DPM-2 + hybrid (no damping)
0.5,0.05514182150363922,2,0.3,0,0.530277332989499,1.0414152145385742,DPM-2 + hybrid damping
0.5,0.1011861264705658,5,0.3,0,0.4135770029388368,0.9762179255485535,DPM-2 + damping
0.5,0.017654184252023697,5,0.3,0,0.49647923302836716,1.0175623893737793,DPM-2 + Gaussian + damping
0.5,0.029768891632556915,5,0.3,0,0.5666571299079806,1.034427285194397,DPM-2 + hybrid (no damping)
0.5,0.06772460043430328,5,0.3,0,0.5005661870818585,1.0547735691070557,DPM-2 + hybrid damping
0.5,0.3112604022026062,10,0.3,0,0.4135030680336058,0.941437840461731,DPM-2 + damping
0.5,0.01355538796633482,10,0.3,0,0.4957253038883209,1.0289065837860107,DPM-2 + Gaussian + damping
0.5,0.18370230495929718,10,0.3,0,0.5722146912012249,1.0581092834472656,DPM-2 + hybrid (no damping)
0.5,0.1719917207956314,10,0.3,0,0.497925081057474,1.0856952667236328,DPM-2 + hybrid damping
0.5,0.07816392928361893,25,0.3,0,0.41472764196805656,0.9638311862945557,DPM-2 + damping
0.5,0.020825380459427834,25,0.3,0,0.5012182109057903,1.0149378776550293,DPM-2 + Gaussian + damping
0.5,0.054645098745822906,25,0.3,0,0.5750391189940274,1.0530484914779663,DPM-2 + hybrid (no damping)
0.5,0.04582153633236885,25,0.3,0,0.49944516899995506,1.0922248363494873,DPM-2 + hybrid damping
0.5,0.11850609630346298,50,0.3,0,0.4101267878431827,0.9869463443756104,DPM-2 + damping
0.5,0.027744388207793236,50,0.3,0,0.516980058979243,1.0030736923217773,DPM-2 + Gaussian + damping
0.5,0.07495491206645966,50,0.3,0,0.5945230750367045,1.0694317817687988,DPM-2 + hybrid (no damping)
0.5,0.11899921298027039,50,0.3,0,0.5022797689307481,1.075462818145752,DPM-2 + hybrid damping
0.5,0.07476131618022919,100,0.3,0,0.41558343498036265,1.0129549503326416,DPM-2 + damping
0.5,0.04381151497364044,100,0.3,0,0.4937386680394411,1.0106775760650635,DPM-2 + Gaussian + damping
0.5,0.09003888815641403,100,0.3,0,0.5714692189358175,1.092819333076477,DPM-2 + hybrid (no damping)
0.5,0.11703595519065857,100,0.3,0,0.5083580508362502,1.102940320968628,DPM-2 + hybrid damping
0.5,0.03747714310884476,1,0.3,1,0.40661210706457496,1.0134732723236084,DPM-2 + damping
0.5,0.01524648629128933,1,0.3,1,0.46274483017623425,0.9989585280418396,DPM-2 + Gaussian + damping
0.5,0.012889781035482883,1,0.3,1,0.5384050258435309,1.019763708114624,DPM-2 + hybrid (no damping)
0.5,0.03310844302177429,1,0.3,1,0.47173885512165725,1.0051605701446533,DPM-2 + hybrid damping
0.5,0.02816775068640709,2,0.3,1,0.41212404193356633,0.9894311428070068,DPM-2 + damping
0.5,0.013709226623177528,2,0.3,1,0.5088895710650831,1.023144245147705,DPM-2 + Gaussian + damping
0.5,0.022518010810017586,2,0.3,1,0.571125942049548,1.0013701915740967,DPM-2 + hybrid (no damping)
0.5,0.03351747244596481,2,0.3,1,0.5045653129927814,1.0219967365264893,DPM-2 + hybrid damping
0.5,0.055248867720365524,5,0.3,1,0.42162884189747274,0.9526374340057373,DPM-2 + damping
0.5,0.006711495574563742,5,0.3,1,0.4959565340541303,1.02543306350708,DPM-2 + Gaussian + damping
0.5,0.05164073780179024,5,0.3,1,0.5845677161123604,1.0373958349227905,DPM-2 + hybrid (no damping)
0.5,0.023240821436047554,5,0.3,1,0.49881985899992287,1.0575382709503174,DPM-2 + hybrid damping
0.5,0.19512902200222015,10,0.3,1,0.4100488449912518,0.9492138624191284,DPM-2 + damping
0.5,0.01639927364885807,10,0.3,1,0.49236874212510884,1.0187208652496338,DPM-2 + Gaussian + damping
0.5,0.13313262164592743,10,0.3,1,0.6126380241475999,1.0549407005310059,DPM-2 + hybrid (no damping)
0.5,0.10918237268924713,10,0.3,1,0.4968377479817718,1.0566704273223877,DPM-2 + hybrid damping
0.5,0.10899809747934341,25,0.3,1,0.4193718880414963,0.9618861675262451,DPM-2 + damping
0.5,0.0275640357285738,25,0.3,1,0.49716427619569004,1.0266790390014648,DPM-2 + Gaussian + damping
0.5,0.0776127353310585,25,0.3,1,0.5767149201128632,1.0731582641601562,DPM-2 + hybrid (no damping)
0.5,0.08597014844417572,25,0.3,1,0.5272399468813092,1.095849871635437,DPM-2 + hybrid damping
0.5,0.07385680079460144,50,0.3,1,0.41216694680042565,0.9899394512176514,DPM-2 + damping
0.5,0.026662766933441162,50,0.3,1,0.49408211396075785,1.0139682292938232,DPM-2 + Gaussian + damping
0.5,0.06840326637029648,50,0.3,1,0.6144130050670356,1.0999265909194946,DPM-2 + hybrid (no damping)
0.5,0.05239998176693916,50,0.3,1,0.5029161318670958,1.0735723972320557,DPM-2 + hybrid damping
0.5,0.06977512687444687,100,0.3,1,0.41644426505081356,1.0293729305267334,DPM-2 + damping
0.5,0.027481062337756157,100,0.3,1,0.5552610168233514,1.021425485610962,DPM-2 + Gaussian + damping
0.5,0.06196071580052376,100,0.3,1,0.564038661075756,1.0836917161941528,DPM-2 + hybrid (no damping)
0.5,0.057742051780223846,100,0.3,1,0.5066127229947597,1.100163221359253,DPM-2 + hybrid damping
0.5,0.008405645377933979,1,0.3,2,0.40840510185807943,1.0183587074279785,DPM-2 + damping
0.5,0.020221738144755363,1,0.3,2,0.4827323048375547,0.9875867962837219,DPM-2 + Gaussian + damping
0.5,0.030900508165359497,1,0.3,2,0.5366000048816204,0.9991024136543274,DPM-2 + hybrid (no damping)
0.5,0.026493819430470467,1,0.3,2,0.4755166578106582,1.0036613941192627,DPM-2 + hybrid damping
0.5,0.016939902678132057,2,0.3,2,0.41194248804822564,0.9923070669174194,DPM-2 + damping
0.5,0.037803374230861664,2,0.3,2,0.4878583778627217,1.0244977474212646,DPM-2 + Gaussian + damping
0.5,0.013773586601018906,2,0.3,2,0.5589439198374748,1.0111546516418457,DPM-2 + hybrid (no damping)
0.5,0.01878969930112362,2,0.3,2,0.4977784769143909,1.0434231758117676,DPM-2 + hybrid damping
0.5,0.04312575235962868,5,0.3,2,0.4101451840251684,0.9548882246017456,DPM-2 + damping
0.5,0.012830885127186775,5,0.3,2,0.49579562107101083,1.019317626953125,DPM-2 + Gaussian + damping
0.5,0.042304184287786484,5,0.3,2,0.5555113209411502,1.027625322341919,DPM-2 + hybrid (no damping)
0.5,0.030863510444760323,5,0.3,2,0.49736906215548515,1.0455412864685059,DPM-2 + hybrid damping
0.5,0.13396844267845154,10,0.3,2,0.44100589491426945,0.9350142478942871,DPM-2 + damping
0.5,0.01199139840900898,10,0.3,2,0.49474713997915387,1.0421228408813477,DPM-2 + Gaussian + damping
0.5,0.05610067397356033,10,0.3,2,0.6325477540958673,1.055499792098999,DPM-2 + hybrid (no damping)
0.5,0.10419763624668121,10,0.3,2,0.5000813729129732,1.0689568519592285,DPM-2 + hybrid damping
0.5,0.043380074203014374,25,0.3,2,0.41131405299529433,0.9597358703613281,DPM-2 + damping
0.5,0.030743269249796867,25,0.3,2,0.512721291044727,1.0144187211990356,DPM-2 + Gaussian + damping
0.5,0.0321485698223114,25,0.3,2,0.5743105530273169,1.0681968927383423,DPM-2 + hybrid (no damping)
0.5,0.017106475308537483,25,0.3,2,0.5010090370196849,1.0550587177276611,DPM-2 + hybrid damping
0.5,0.12598955631256104,50,0.3,2,0.41204067203216255,1.0126476287841797,DPM-2 + damping
0.5,0.04246770963072777,50,0.3,2,0.49230183311738074,1.0107091665267944,DPM-2 + Gaussian + damping
0.5,0.12642724812030792,50,0.3,2,0.5767267860937864,1.072206974029541,DPM-2 + hybrid (no damping)
0.5,0.059625159949064255,50,0.3,2,0.5018268139101565,1.0937529802322388,DPM-2 + hybrid damping
0.5,0.014189406298100948,100,0.3,2,0.4154397379606962,1.0118465423583984,DPM-2 + damping
0.5,0.030628014355897903,100,0.3,2,0.4933531500864774,1.0082433223724365,DPM-2 + Gaussian + damping
0.5,0.014936402440071106,100,0.3,2,0.5750539698638022,1.0876092910766602,DPM-2 + hybrid (no damping)
0.5,0.00925887655466795,100,0.3,2,0.514726331923157,1.093958854675293,DPM-2 + hybrid damping
