compass_mean,compass_std,exact_mean,exact_std,family,index,mean_error_in_exact_std,n_observations,parameter,runtime_seconds,shared_synchronization_max_abs,std_ratio_to_exact,truth
1.3447502851486206,0.05291010066866875,1.3465288729494076,0.034745558749408934,original,0,0.05118892499655791,5,local,11.820048413937911,0.0,1.5227874517440796,1.3717528597604374
1.2202138900756836,0.052545614540576935,1.2229616264555234,0.03800127280359254,original,1,0.07230643020936033,5,local,11.820048413937911,0.0,1.3827329874038696,1.2166542142247603
-1.7136106491088867,0.05000842362642288,-1.7108184671140632,0.02802260038849134,original,2,0.099640360141962,5,local,11.820048413937911,0.0,1.7845747470855713,-1.6981153273636793
1.6511346101760864,0.05161852762103081,1.647634147603971,0.029101360840440307,original,3,0.12028518498870222,5,local,11.820048413937911,0.0,1.773749589920044,1.6688579094475795
0.9904090166091919,0.06537904590368271,0.9741109655822249,0.046878505073482346,original,4,0.34766575856930004,5,local,11.820048413937911,0.0,1.3946486711502075,0.9779809508884321
1.3445346355438232,0.050336550921201706,1.3465288729494076,0.034745558749408934,original,0,0.057395462250791354,10,local,22.058522626990452,0.0,1.4487190246582031,1.3717528597604374
1.2209417819976807,0.053646307438611984,1.2229616264555234,0.03800127280359254,original,1,0.05315202120418992,10,local,22.058522626990452,0.0,1.4116976261138916,1.2166542142247603
-1.7139666080474854,0.050419583916664124,-1.7108184671140632,0.02802260038849134,original,2,0.11234292641574802,10,local,22.058522626990452,0.0,1.799247145652771,-1.6981153273636793
1.6489510536193848,0.05649728700518608,1.647634147603971,0.029101360840440307,original,3,0.045252386052808104,10,local,22.058522626990452,0.0,1.941396713256836,1.6688579094475795
0.9907529354095459,0.06465191394090652,0.9741109655822249,0.046878505073482346,original,4,0.3550021443993283,10,local,22.058522626990452,0.0,1.379137635231018,0.9779809508884321
0.6703657507896423,0.07170865684747696,0.669048864372687,0.059970601221055776,original,5,0.0219588663468829,10,local,22.058522626990452,0.0,1.1957300901412964,0.6487081877924252
-1.7770146131515503,0.04945924133062363,-1.7756385747359373,0.027174586851290265,original,6,0.05063695809408862,10,local,22.058522626990452,0.0,1.8200550079345703,-1.752883613073935
0.9606924057006836,0.059738822281360626,0.955954030179358,0.046358015945735395,original,7,0.10221264703977279,10,local,22.058522626990452,0.0,1.2886406183242798,0.9680270489054204
-0.23309527337551117,0.0926714614033699,-0.2451127510464894,0.08106446806492319,original,8,0.14824593262431138,10,local,22.058522626990452,0.0,1.1431822776794434,-0.18423111267464876
-0.4806166887283325,0.08001843839883804,-0.4832013708020412,0.07150716241465886,original,9,0.03614577877836191,10,local,22.058522626990452,0.0,1.1190268993377686,-0.5433115726557105
1.34415864944458,0.05303386226296425,1.3465288729494076,0.034745558749408934,original,0,0.06821658911638133,25,local,49.98019528307486,0.0,1.526349425315857,1.3717528597604374
1.2214224338531494,0.053134236484766006,1.2229616264555234,0.03800127280359254,original,1,0.040503711818528756,25,local,49.98019528307486,0.0,1.39822256565094,1.2166542142247603
-1.713856816291809,0.05084878206253052,-1.7108184671140632,0.02802260038849134,original,2,0.1084249547016968,25,local,49.98019528307486,0.0,1.814563274383545,-1.6981153273636793
1.648125171661377,0.051261767745018005,1.647634147603971,0.029101360840440307,original,3,0.016872889900169878,25,local,49.98019528307486,0.0,1.7614904642105103,1.6688579094475795
0.9897626042366028,0.06566541641950607,0.9741109655822249,0.046878505073482346,original,4,0.3338766590326178,25,local,49.98019528307486,0.0,1.4007574319839478,0.9779809508884321
0.668462336063385,0.07213205099105835,0.669048864372687,0.059970601221055776,original,5,0.00978026395199815,25,local,49.98019528307486,0.0,1.2027901411056519,0.6487081877924252
-1.7772939205169678,0.052365805953741074,-1.7756385747359373,0.027174586851290265,original,6,0.060915214280501215,25,local,49.98019528307486,0.0,1.927013874053955,-1.752883613073935
0.9611186385154724,0.05918955057859421,0.955954030179358,0.046358015945735395,original,7,0.11140701841424548,25,local,49.98019528307486,0.0,1.2767921686172485,0.9680270489054204
-0.23264890909194946,0.09209888428449631,-0.2451127510464894,0.08106446806492319,original,8,0.15375222032614666,25,local,49.98019528307486,0.0,1.13611900806427,-0.18423111267464876
-0.48092707991600037,0.08083393424749374,-0.4832013708020412,0.07150716241465886,original,9,0.0318050781102535,25,local,49.98019528307486,0.0,1.1304312944412231,-0.5433115726557105
1.5764433145523071,0.05163487046957016,1.576152182785838,0.030351804627011484,original,10,0.009591909609553124,25,local,49.98019528307486,0.0,1.7012125253677368,1.5808349202759824
0.2983261048793793,0.0911332368850708,0.3023995701130039,0.08334700391497073,original,11,0.04887356524273268,25,local,49.98019528307486,0.0,1.0934194326400757,0.3550164880092037
1.9681168794631958,0.052728671580553055,1.9687257035812078,0.019543861559527344,original,12,0.031151679833466898,25,local,49.98019528307486,0.0,2.6979658603668213,1.9652727205924059
-0.010888082906603813,0.1011064201593399,-0.017148360655396908,0.09108660932676717,original,13,0.06872884823645992,25,local,49.98019528307486,0.0,1.110003113746643,0.011683095505452545
-0.808667004108429,0.06784747540950775,-0.8122087924205245,0.05332676397081057,original,14,0.06641671176661258,25,local,49.98019528307486,0.0,1.2722969055175781,-0.883016244480026
0.3057622015476227,0.09195555001497269,0.31005974756592286,0.08189247916530203,original,15,0.05247790837575543,25,local,49.98019528307486,0.0,1.122881531715393,0.3090967595304064
-1.8308504819869995,0.048955682665109634,-1.8284349960233168,0.026417340029439792,original,16,0.09143562376041034,25,local,49.98019528307486,0.0,1.853164792060852,-1.8950051107364123
0.40361031889915466,0.08607383817434311,0.4131887543430377,0.0800358637812181,original,17,0.11967679226985234,25,local,49.98019528307486,0.0,1.0754408836364746,0.4078734860812707
-1.8096225261688232,0.04970915988087654,-1.8069600953454885,0.026700842584007557,original,18,0.09971336353742587,25,local,49.98019528307486,0.0,1.8617074489593506,-1.8012520180457345
0.022671721875667572,0.09879789501428604,0.01625226914909808,0.08902755169121407,original,19,0.07210636038644443,25,local,49.98019528307486,0.0,1.1097451448440552,0.011808080988597869
1.2518219947814941,0.052949458360672,1.2545860751299334,0.03699438217003524,original,20,0.07471621868787627,25,local,49.98019528307486,0.0,1.431283712387085,1.2980199322889288
0.5138139724731445,0.07855217158794403,0.5194074456693257,0.06755690171093853,original,21,0.08279647311409377,25,local,49.98019528307486,0.0,1.1627556085586548,0.4004208616716589
1.204379677772522,0.05590534582734108,1.2069947988368848,0.03814635147928664,original,22,0.0685549459633851,25,local,49.98019528307486,0.0,1.4655489921569824,1.2736373536948826
0.3904481530189514,0.08223212510347366,0.39713854861237713,0.0717767131660259,original,23,0.09321122824265073,25,local,49.98019528307486,0.0,1.1456658840179443,0.33463773640856553
0.2792876660823822,0.0958133414387703,0.2813282005526083,0.08877469635260989,original,24,0.022985541534506514,25,local,49.98019528307486,0.0,1.0792865753173828,0.14170479922167356
1.3439819812774658,0.052455123513936996,1.3465288729494076,0.034745558749408934,original,0,0.07330121499298385,50,local,95.36577693605796,0.0,1.509692907333374,1.3717528597604374
1.2208707332611084,0.0525021106004715,1.2229616264555234,0.03800127280359254,original,1,0.05502166217488785,50,local,95.36577693605796,0.0,1.3815882205963135,1.2166542142247603
-1.7135307788848877,0.05146070569753647,-1.7108184671140632,0.02802260038849134,original,2,0.09679015270611585,50,local,95.36577693605796,0.0,1.836400032043457,-1.6981153273636793
1.6495498418807983,0.0660553053021431,1.647634147603971,0.029101360840440307,original,3,0.06582834003299023,50,local,95.36577693605796,0.0,2.2698357105255127,1.6688579094475795
0.9881278276443481,0.06571561098098755,0.9741109655822249,0.046878505073482346,original,4,0.29900403266170184,50,local,95.36577693605796,0.0,1.4018281698226929,0.9779809508884321
0.6690306067466736,0.07061205059289932,0.669048864372687,0.059970601221055776,original,5,0.0003044429377333554,50,local,95.36577693605796,0.0,1.1774444580078125,0.6487081877924252
-1.7765312194824219,0.05211377143859863,-1.7756385747359373,0.027174586851290265,original,6,0.032848512154736054,50,local,95.36577693605796,0.0,1.9177392721176147,-1.752883613073935
0.9612772464752197,0.05848623812198639,0.955954030179358,0.046358015945735395,original,7,0.11482838916343746,50,local,95.36577693605796,0.0,1.2616208791732788,0.9680270489054204
-0.2344386726617813,0.091541588306427,-0.2451127510464894,0.08106446806492319,original,8,0.1316739459285591,50,local,95.36577693605796,0.0,1.129244327545166,-0.18423111267464876
-0.48075389862060547,0.0794633999466896,-0.4832013708020412,0.07150716241465886,original,9,0.034226951521907654,50,local,95.36577693605796,0.0,1.111264944076538,-0.5433115726557105
1.5731754302978516,0.07776501029729843,1.576152182785838,0.030351804627011484,original,10,0.0980749752631613,50,local,95.36577693605796,0.0,2.5621213912963867,1.5808349202759824
0.29740196466445923,0.09279774129390717,0.3023995701130039,0.08334700391497073,original,11,0.05996142889123091,50,local,95.36577693605796,0.0,1.1133902072906494,0.3550164880092037
1.9669878482818604,0.05387235805392265,1.9687257035812078,0.019543861559527344,original,12,0.08892077412921845,50,local,95.36577693605796,0.0,2.7564847469329834,1.9652727205924059
-0.013547576032578945,0.10055653750896454,-0.017148360655396908,0.09108660932676717,original,13,0.039531437710019345,50,local,95.36577693605796,0.0,1.1039661169052124,0.011683095505452545
-0.8091059327125549,0.06681113690137863,-0.8122087924205245,0.05332676397081057,original,14,0.05818578659053716,50,local,95.36577693605796,0.0,1.2528631687164307,-0.883016244480026
0.30541542172431946,0.08928006887435913,0.31005974756592286,0.08189247916530203,original,15,0.05671248311128443,50,local,95.36577693605796,0.0,1.0902109146118164,0.3090967595304064
-1.8306421041488647,0.05141288414597511,-1.8284349960233168,0.026417340029439792,original,16,0.08354770476846994,50,local,95.36577693605796,0.0,1.9461795091629028,-1.8950051107364123
0.4069971442222595,0.09057117253541946,0.4131887543430377,0.0800358637812181,original,17,0.07736044603333381,50,local,95.36577693605796,0.0,1.1316323280334473,0.4078734860812707
-1.8087480068206787,0.049739301204681396,-1.8069600953454885,0.026700842584007557,original,18,0.06696086348455024,50,local,95.36577693605796,0.0,1.8628363609313965,-1.8012520180457345
0.024233240634202957,0.09829683601856232,0.01625226914909808,0.08902755169121407,original,19,0.08964608521175924,50,local,95.36577693605796,0.0,1.1041170358657837,0.011808080988597869
1.2517070770263672,0.05204468593001366,1.2545860751299334,0.03699438217003524,original,20,0.07782257560982088,50,local,95.36577693605796,0.0,1.4068267345428467,1.2980199322889288
0.5138196349143982,0.08024682849645615,0.5194074456693257,0.06755690171093853,original,21,0.08271265575257696,50,local,95.36577693605796,0.0,1.1878405809402466,0.4004208616716589
1.2043489217758179,0.054562658071517944,1.2069947988368848,0.03814635147928664,original,22,0.06936120909239764,50,local,95.36577693605796,0.0,1.430350661277771,1.2736373536948826
0.39326974749565125,0.08317544311285019,0.39713854861237713,0.0717767131660259,original,23,0.05390050541569108,50,local,95.36577693605796,0.0,1.1588082313537598,0.33463773640856553
0.27711477875709534,0.09626667201519012,0.2813282005526083,0.08877469635260989,original,24,0.04746196797764787,50,local,95.36577693605796,0.0,1.0843931436538696,0.14170479922167356
-1.5618138313293457,0.05147784948348999,-1.5605877434070072,0.03040263445937257,original,25,0.04032834470239437,50,local,95.36577693605796,0.0,1.6932035684585571,-1.5531948725792901
-1.2660621404647827,0.05390996113419533,-1.265998568308197,0.03663120208778896,original,26,0.0017354646575194824,50,local,95.36577693605796,0.0,1.4716951847076416,-1.2120088549978343
1.6547704935073853,0.050719309598207474,1.6521581176284967,0.02896820490291208,original,27,0.09018079952292467,50,local,95.36577693605796,0.0,1.7508612871170044,1.6661478205537388
-1.9780501127243042,0.04991918057203293,-1.9747487603491112,0.01745109577052938,original,28,0.18917736849328382,50,local,95.36577693605796,0.0,2.860518217086792,-1.9443791893031355
-1.5753040313720703,0.05372649058699608,-1.5724267459251238,0.03043828379356645,original,29,0.09452850451294816,50,local,95.36577693605796,0.0,1.7650959491729736,-1.4922263884800246
1.6525094509124756,0.05102214589715004,1.650854059498985,0.029001054716569923,original,30,0.05708038654693736,50,local,95.36577693605796,0.0,1.7593203783035278,1.6156526065881196
-1.2843800783157349,0.05356080085039139,-1.2849893706693956,0.03628459775318862,original,31,0.016792038258358587,50,local,95.36577693605796,0.0,1.4761303663253784,-1.3359900348077187
1.3201979398727417,0.05381965637207031,1.3219312514642276,0.03567544034982669,original,32,0.04858556963808721,50,local,95.36577693605796,0.0,1.5085912942886353,1.3174146681433152
-0.4109193980693817,0.08464260399341583,-0.41767266499830147,0.0776321410702205,original,33,0.08699060512592627,50,local,95.36577693605796,0.0,1.0903035402297974,-0.4491342141457171
-1.465189814567566,0.05187996104359627,-1.4632316818833302,0.03226028989760383,original,34,0.060697925854075095,50,local,95.36577693605796,0.0,1.6081677675247192,-1.4938046286423567
1.6772233247756958,0.05048738047480583,1.6765805176450894,0.028492133527437628,original,35,0.022560863333992362,50,local,95.36577693605796,0.0,1.771976113319397,1.6850682384458833
0.22904089093208313,0.10275206714868546,0.22839594533605267,0.09472908105628439,original,36,0.00680831682139145,50,local,95.36577693605796,0.0,1.0846940279006958,0.2877694647209732
0.950904369354248,0.05915451794862747,0.948651599016501,0.0463358915380824,original,37,0.04861825817887992,50,local,95.36577693605796,0.0,1.2766457796096802,0.9919351775708702
-0.8360111713409424,0.06517995893955231,-0.8350986428198365,0.05097062712979302,original,38,0.017903027145069576,50,local,95.36577693605796,0.0,1.2787748575210571,-0.8924809891326477
0.03674532473087311,0.10347049683332443,0.028369823601045664,0.09620803469910179,original,39,0.08705615031034034,50,local,95.36577693605796,0.0,1.0754870176315308,0.1414103765685364
-1.8127013444900513,0.05102365091443062,-1.8117749539673609,0.026680813798793095,original,40,0.03472122438530324,50,local,95.36577693605796,0.0,1.912372350692749,-1.7739362974977229
-1.132680892944336,0.0589606948196888,-1.1376447332645507,0.0406270299847738,original,41,0.12218073341997052,50,local,95.36577693605796,0.0,1.4512677192687988,-1.1309274727148209
0.8397234678268433,0.06630795449018478,0.8423195102266215,0.05184069371742721,original,42,0.050077308261513076,50,local,95.36577693605796,0.0,1.279071569442749,0.8518443579586701
0.6949208378791809,0.07017567753791809,0.6946546666997074,0.05910418104489531,original,43,0.004503423865585597,50,local,95.36577693605796,0.0,1.187321662902832,0.6594703629813301
-1.0157397985458374,0.06021593511104584,-1.0130189086900605,0.043895024993757074,original,44,0.0619862924366457,50,local,95.36577693605796,0.0,1.371816873550415,-1.0511492721546425
1.7834290266036987,0.05192771553993225,1.781366337753362,0.027117029469876344,original,45,0.07606618020709723,50,local,95.36577693605796,0.0,1.914948582649231,1.7802482897045544
-0.32145899534225464,0.09471037238836288,-0.33153191456728376,0.08236039166730631,original,46,0.12230295438271518,50,local,95.36577693605796,0.0,1.1499505043029785,-0.15984819701078123
-1.7643498182296753,0.0500556118786335,-1.7603424896051012,0.027340797682031546,original,47,0.14656955774219124,50,local,95.36577693605796,0.0,1.8308029174804688,-1.756345538586098
1.3632475137710571,0.05437857285141945,1.3684324305345534,0.03445387432487858,original,48,0.15048864213660762,50,local,95.36577693605796,0.0,1.5783007144927979,1.3913654240170903
0.6211531758308411,0.07337526977062225,0.6208420256264446,0.06222944458898903,original,49,0.005000047910623356,50,local,95.36577693605796,0.0,1.1791086196899414,0.5554998534172322
1.0976554155349731,0.3154065012931824,1.1504069044886016,0.12127076905793199,vertical,-1,0.4349897503852844,5,global,47.7526388639817,0.0,2.6008453369140625,1.0
1.325671672821045,0.3354756832122803,1.2967481284515476,0.053907272860320175,vertical,0,0.536542526357092,5,local,47.7526388639817,0.0,6.223198890686035,1.3717528597604374
1.1984761953353882,0.3393820524215698,1.168781664505268,0.05895082531054249,vertical,1,0.5037169653468746,5,local,47.7526388639817,0.0,5.757036209106445,1.2166542142247603
-1.7198714017868042,0.32419639825820923,-1.6698111279020864,0.04380687255573447,vertical,2,1.1427493213770799,5,local,47.7526388639817,0.0,7.400582790374756,-1.6981153273636793
1.6286437511444092,0.31546133756637573,1.6049932409714847,0.04556766147293611,vertical,3,0.5190196162901889,5,local,47.7526388639817,0.0,6.922921180725098,1.6688579094475795
0.8861634135246277,0.36489978432655334,0.9082653451366701,0.07265991350361531,vertical,4,0.30418329098262303,5,local,47.7526388639817,0.0,5.0220232009887695,0.9779809508884321
1.0234168767929077,0.1477336585521698,0.9804490146132787,0.06230085203814393,vertical,-1,0.6896832585334778,10,global,89.70237864204682,0.0,2.3712942600250244,1.0
1.3326184749603271,0.1759047657251358,1.35277578083472,0.040070048489687184,vertical,0,0.5030516965703394,10,local,89.70237864204682,0.0,4.3899312019348145,1.3717528597604374
1.1968286037445068,0.18287818133831024,1.2297313717109022,0.043723400797458754,vertical,1,0.7525207867249817,10,local,89.70237864204682,0.0,4.182615756988525,1.2166542142247603
-1.715419888496399,0.1621084064245224,-1.7160019291302668,0.0325557966926727,vertical,2,0.017878248821934305,10,local,89.70237864204682,0.0,4.9794020652771,-1.6981153273636793
1.6331937313079834,0.16565732657909393,1.6530120402609851,0.033803360974472924,vertical,3,0.5862822033574653,10,local,89.70237864204682,0.0,4.900616645812988,1.6688579094475795
0.9165238738059998,0.19176582992076874,0.9822598649142001,0.05359943722954506,vertical,4,1.2264306214014764,10,local,89.70237864204682,0.0,3.577758312225342,0.9779809508884321
0.6468313932418823,0.20342795550823212,0.6784372594259004,0.06657750236623894,vertical,5,0.4747229178132283,10,local,89.70237864204682,0.0,3.0555059909820557,0.6487081877924252
-1.7696422338485718,0.159989595413208,-1.7806989688616515,0.03162755810357908,vertical,6,0.3495918014558471,10,local,89.70237864204682,0.0,5.0585503578186035,-1.752883613073935
0.9452447891235352,0.18960483372211456,0.9638324681332752,0.05266406372063128,vertical,7,0.3529480578700242,10,local,89.70237864204682,0.0,3.6002697944641113,0.9680270489054204
-0.2346709817647934,0.22029270231723785,-0.25262286470991335,0.08412356421500693,vertical,8,0.2133989817554294,10,local,89.70237864204682,0.0,2.618680000305176,-0.18423111267464876
-0.46067261695861816,0.212602898478508,-0.49332035074508007,0.07738516483379844,vertical,9,0.4218862085075357,10,local,89.70237864204682,0.0,2.7473340034484863,-0.5433115726557105
0.9606963992118835,0.06894046068191528,0.9612059585808072,0.03228475526817099,vertical,-1,0.01578330434858799,25,global,214.42102563404478,0.0,2.135387420654297,1.0
1.3502311706542969,0.08495144546031952,1.359068481852388,0.03602702766581243,vertical,0,0.24529670557521893,25,local,214.42102563404478,0.0,2.357991933822632,1.3717528597604374
1.2332773208618164,0.08417962491512299,1.2365710216474142,0.039331557888498944,vertical,1,0.08374193554537246,25,local,214.42102563404478,0.0,2.140256404876709,1.2166542142247603
-1.7316367626190186,0.0807972252368927,-1.7211977344144973,0.02918031727562704,vertical,2,0.3577421076651721,25,local,214.42102563404478,0.0,2.768894672393799,-1.6981153273636793
1.6534507274627686,0.07686271518468857,1.6584105466391872,0.030291469875235975,vertical,3,0.16373649733232024,25,local,214.42102563404478,0.0,2.537437677383423,1.6688579094475795
0.971538245677948,0.0956522524356842,0.9905536636021268,0.04826915498320396,vertical,4,0.39394553169193763,25,local,214.42102563404478,0.0,1.9816433191299438,0.9779809508884321
0.6839243173599243,0.10438058525323868,0.6876003699136408,0.06118010038234967,vertical,5,0.06008575551106869,25,local,214.42102563404478,0.0,1.7061198949813843,0.6487081877924252
-1.7793952226638794,0.08070380985736847,-1.7857700066577331,0.02831915326203283,vertical,6,0.22510503526955086,25,local,214.42102563404478,0.0,2.8497960567474365,-1.752883613073935
0.9708650708198547,0.09503297507762909,0.9717697433697047,0.047692936928330494,vertical,7,0.018968690294946928,25,local,214.42102563404478,0.0,1.992600679397583,0.9680270489054204
-0.25439688563346863,0.12077533453702927,-0.25812715897584004,0.0828875161171401,vertical,8,0.045004043034654787,25,local,214.42102563404478,0.0,1.457099199295044,-0.18423111267464876
-0.49232217669487,0.10966398566961288,-0.502431365098883,0.07267532916555983,vertical,9,0.13910068960243022,25,local,214.42102563404478,0.0,1.5089575052261353,-0.5433115726557105
1.5804537534713745,0.07909724116325378,1.5873618537779577,0.03157255946067857,vertical,10,0.21880076954757927,25,local,214.42102563404478,0.0,2.5052528381347656,1.5808349202759824
0.3246259391307831,0.11489631235599518,0.31916110923031554,0.08504522108771505,vertical,11,0.06425793043481128,25,local,214.42102563404478,0.0,1.35100257396698,0.3550164880092037
1.9713242053985596,0.07986145466566086,1.9736971995502308,0.01825840654865888,vertical,12,0.1299672096437983,25,local,214.42102563404478,0.0,4.373955726623535,1.9652727205924059
-0.00737649155780673,0.12132272869348526,-0.018331789330297284,0.09417339476451672,vertical,13,0.11633113364857017,25,local,214.42102563404478,0.0,1.2882909774780273,0.011683095505452545
-0.8269789218902588,0.09796398133039474,-0.829958794997453,0.054638627942005025,vertical,14,0.05453784656446874,25,local,214.42102563404478,0.0,1.7929437160491943,-0.883016244480026
0.33309271931648254,0.11576753109693527,0.326641150508619,0.08352957632654277,vertical,15,0.07723693919675054,25,local,214.42102563404478,0.0,1.3859466314315796,0.3090967595304064
-1.8327280282974243,0.07942647486925125,-1.8382964894168383,0.02753971956761781,vertical,16,0.20219745178384457,25,local,214.42102563404478,0.0,2.8840699195861816,-1.8950051107364123
0.4247356653213501,0.11484431475400925,0.43381784123511696,0.08126429123317741,vertical,17,0.11176096875941159,25,local,214.42102563404478,0.0,1.4132198095321655,0.4078734860812707
-1.8145452737808228,0.07943923771381378,-1.8169154500754385,0.02783010171110709,vertical,18,0.08516592282772119,25,local,214.42102563404478,0.0,2.854435682296753,-1.8012520180457345
0.023372085765004158,0.12338770925998688,0.01732227092028648,0.0919086148434781,vertical,19,0.06582424134038592,25,local,214.42102563404478,0.0,1.3425043821334839,0.011808080988597869
1.264338493347168,0.08652395755052567,1.2678236478555442,0.03830402222854071,vertical,20,0.09098664593452153,25,local,214.42102563404478,0.0,2.25887393951416,1.2980199322889288
0.5378157496452332,0.11282568424940109,0.5378523235663756,0.06871725660802641,vertical,21,0.0005322377951006901,25,local,214.42102563404478,0.0,1.6418828964233398,0.4004208616716589
1.213591456413269,0.08461903035640717,1.2205344604476296,0.039459825164556435,vertical,22,0.17595121127391317,25,local,214.42102563404478,0.0,2.144434928894043,1.2736373536948826
0.4334959387779236,0.11415820568799973,0.4133100898365486,0.07304968860501815,vertical,23,0.2763303899968756,25,local,214.42102563404478,0.0,1.5627473592758179,0.33463773640856553
0.30285704135894775,0.11772754043340683,0.29902961292437136,0.09070186543940288,vertical,24,0.042197902061159566,25,local,214.42102563404478,0.0,1.297961711883545,0.14170479922167356
0.9839106202125549,0.08379139751195908,0.9814346333077484,0.024710244977046464,vertical,-1,0.10020042210817337,50,global,418.6829915540293,0.0,3.390957832336426,1.0
1.3451101779937744,0.07379715889692307,1.352536247497386,0.03553401915414709,vertical,0,0.20898478923527591,50,local,418.6829915540293,0.0,2.076802968978882,1.3717528597604374
1.2205849885940552,0.0753009021282196,1.2294824119690082,0.038826750133077015,vertical,1,0.22915704622347977,50,local,418.6829915540293,0.0,1.9394078254699707,1.2166542142247603
-1.7217285633087158,0.06924781203269958,-1.7157897427863462,0.028725354431536728,vertical,2,0.20674489975481541,50,local,418.6829915540293,0.0,2.4106860160827637,-1.6981153273636793
1.6476401090621948,0.06968247145414352,1.6527959719678706,0.029825426641280694,vertical,3,0.17286803530715336,50,local,418.6829915540293,0.0,2.3363444805145264,1.6688579094475795
0.9680169820785522,0.0854964554309845,0.9819921374424301,0.04776766951583026,vertical,4,0.29256514930556643,50,local,418.6829915540293,0.0,1.7898393869400024,0.9779809508884321
0.6709157824516296,0.09312234073877335,0.6779263218027329,0.060761917048231945,vertical,5,0.11537719169621374,50,local,418.6829915540293,0.0,1.532577395439148,0.6487081877924252
-1.7731032371520996,0.07167693972587585,-1.780491082136067,0.0278685038543135,vertical,6,0.26509657721808416,50,local,418.6829915540293,0.0,2.571969509124756,-1.752883613073935
0.9637044072151184,0.08132252842187881,0.9635313745149701,0.04720405990018946,vertical,7,0.0036656317383338276,50,local,418.6829915540293,0.0,1.722786784172058,0.9680270489054204
-0.24198868870735168,0.10813956707715988,-0.25125090332433503,0.08199480258797706,vertical,8,0.11296099660762482,50,local,418.6829915540293,0.0,1.3188588619232178,-0.18423111267464876
-0.4847717583179474,0.10041776299476624,-0.49237185607327644,0.07224563829515546,vertical,9,0.10519801519753041,50,local,418.6829915540293,0.0,1.3899492025375366,-0.5433115726557105
1.5738375186920166,0.06895534694194794,1.5815218755846343,0.031096437597656432,vertical,10,0.24711373669364728,50,local,418.6829915540293,0.0,2.217467784881592,1.5808349202759824
0.31722328066825867,0.10399048030376434,0.31032595152649356,0.08426347822291935,vertical,11,0.0818543132472908,50,local,418.6829915540293,0.0,1.234110951423645,0.3550164880092037
1.9665464162826538,0.0690813660621643,1.9711864579944514,0.019018116218249385,vertical,12,0.24398009027545337,50,local,418.6829915540293,0.0,3.6323981285095215,1.9652727205924059
-0.010072150267660618,0.10852262377738953,-0.017700206087662994,0.0925393019123351,vertical,13,0.08243044482039245,50,local,418.6829915540293,0.0,1.1727192401885986,0.011683095505452545
-0.8131201863288879,0.08529412746429443,-0.8207127105721681,0.054179986259176055,vertical,14,0.14013521906337278,50,local,418.6829915540293,0.0,1.574273705482483,-0.883016244480026
0.324523389339447,0.10632617771625519,0.3179051801738008,0.0827796902774105,vertical,15,0.07994967296286476,50,local,418.6829915540293,0.0,1.2844476699829102,0.3090967595304064
-1.8266897201538086,0.06929584592580795,-1.8331580304595965,0.027096849071710467,vertical,16,0.23871079211718713,50,local,418.6829915540293,0.0,2.557339668273926,-1.8950051107364123
0.4182409942150116,0.10135849565267563,0.423007140398759,0.0808042703299815,vertical,17,0.058983840387194904,50,local,418.6829915540293,0.0,1.2543704509735107,0.4078734860812707
-1.8086103200912476,0.0696035623550415,-1.8117281334565956,0.027384836448338588,vertical,18,0.11385181617680078,50,local,418.6829915540293,0.0,2.541682720184326,-1.8012520180457345
0.02785513736307621,0.10937361419200897,0.0167518017539222,0.09038440742985877,vertical,19,0.12284569789065175,50,local,418.6829915540293,0.0,1.2100938558578491,0.011808080988597869
1.2508713006973267,0.0739755854010582,1.2609282347023836,0.037804467375123524,vertical,20,0.2660250151196332,50,local,418.6829915540293,0.0,1.9567948579788208,1.2980199322889288
0.5309495329856873,0.09804258495569229,0.5282091994072913,0.06828866502058781,vertical,21,0.04012867402767092,50,local,418.6829915540293,0.0,1.4357081651687622,0.4004208616716589
1.20830237865448,0.07825970649719238,1.2134816371917139,0.03896072170693281,vertical,22,0.13293538492928567,50,local,418.6829915540293,0.0,2.0086822509765625,1.2736373536948826
0.4279795289039612,0.10137899965047836,0.4048230196312734,0.07250456018825166,vertical,23,0.319380039166695,50,local,418.6829915540293,0.0,1.3982431888580322,0.33463773640856553
0.2908253073692322,0.10603498667478561,0.2896840517092927,0.08980517088945095,vertical,24,0.012708128592554779,50,local,418.6829915540293,0.0,1.1807224750518799,0.14170479922167356
-1.576751470565796,0.07524216175079346,-1.5659232797258007,0.031137154446200774,vertical,25,0.3477578806600425,50,local,418.6829915540293,0.0,2.4164750576019287,-1.5531948725792901
-1.2826493978500366,0.0774468258023262,-1.2722743296906154,0.03743511849052782,vertical,26,0.2771479983974523,50,local,418.6829915540293,0.0,2.0688281059265137,-1.2120088549978343
1.6535414457321167,0.07153589278459549,1.657287273026207,0.02968727217822366,vertical,27,0.1261762034451211,50,local,418.6829915540293,0.0,2.4096486568450928,1.6661478205537388
-1.9831023216247559,0.07254644483327866,-1.9766860310742316,0.016862854445592327,vertical,28,0.3804984838851762,50,local,418.6829915540293,0.0,4.302145004272461,-1.9443791893031355
-1.5722076892852783,0.07328079640865326,-1.5778141109791093,0.031185160503619205,vertical,29,0.17977851014043394,50,local,418.6829915540293,0.0,2.3498611450195312,-1.4922263884800246
1.6525883674621582,0.06812173128128052,1.6559907079131682,0.029721207755307292,vertical,30,0.11447517473116153,50,local,418.6829915540293,0.0,2.2920243740081787,1.6156526065881196
-1.2963142395019531,0.07719223946332932,-1.291238850029197,0.03709108809957885,vertical,31,0.13683582048416199,50,local,418.6829915540293,0.0,2.081153392791748,-1.3359900348077187
1.3139355182647705,0.07253949344158173,1.3281451863389806,0.03648909401060598,vertical,32,0.3894223317816519,50,local,418.6829915540293,0.0,1.9879772663116455,1.3174146681433152
-0.4152884781360626,0.10328710824251175,-0.4270363846647772,0.07839687278595063,vertical,33,0.14985172381544185,50,local,418.6829915540293,0.0,1.3174902200698853,-0.4491342141457171
-1.4794689416885376,0.07578504830598831,-1.468862090143189,0.03302072660693971,vertical,34,0.3212179935228746,50,local,418.6829915540293,0.0,2.2950751781463623,-1.4938046286423567
1.6856091022491455,0.07358048856258392,1.6816166981027767,0.029199484697595708,vertical,35,0.13672858229232882,50,local,418.6829915540293,0.0,2.5199241638183594,1.6850682384458833
0.24151583015918732,0.10684346407651901,0.23615931439561633,0.09601322047618496,vertical,36,0.05578935626786538,50,local,418.6829915540293,0.0,1.1127995252609253,0.2877694647209732
0.9583688974380493,0.08463170379400253,0.9561670649572929,0.04717140908452109,vertical,37,0.04667726751200575,50,local,418.6829915540293,0.0,1.7941312789916992,0.9919351775708702
-0.838893473148346,0.08624005317687988,-0.8431035118679946,0.05179565444977411,vertical,38,0.08128169755497715,50,local,418.6829915540293,0.0,1.6650055646896362,-0.8924809891326477
0.039146509021520615,0.1121072992682457,0.029387942057947397,0.09791367478927439,vertical,39,0.09966500577754013,50,local,418.6829915540293,0.0,1.144960641860962,0.1414103765685364
-1.8035943508148193,0.0724819004535675,-1.8165483673694802,0.027366812145989197,vertical,40,0.47334766232753894,50,local,418.6829915540293,0.0,2.6485328674316406,-1.7739362974977229
-1.1369216442108154,0.0800405964255333,-1.1445725435266003,0.04147679547895757,vertical,41,0.18446216076809546,50,local,418.6829915540293,0.0,1.9297679662704468,-1.1309274727148209
0.8486371040344238,0.08703938871622086,0.8506556847354394,0.05269852798409538,vertical,42,0.03830430902405446,50,local,418.6829915540293,0.0,1.6516474485397339,0.8518443579586701
0.6985556483268738,0.09170805662870407,0.7035964970409804,0.05991335606380222,vertical,43,0.08413564262263247,50,local,418.6829915540293,0.0,1.5306780338287354,0.6594703629813301
-1.0205892324447632,0.08054054528474808,-1.0202236468740664,0.04472532456769032,vertical,44,0.008174017164335329,50,local,418.6829915540293,0.0,1.8007817268371582,-1.0511492721546425
1.7770507335662842,0.06810929626226425,1.7862138608868405,0.027811171599175427,vertical,45,0.3294764942886487,50,local,418.6829915540293,0.0,2.4489905834198,1.7802482897045544
-0.32801350951194763,0.10372448712587357,-0.3399814449889164,0.0832288740352424,vertical,46,0.14379547501629164,50,local,418.6829915540293,0.0,1.2462561130523682,-0.15984819701078123
-1.7656396627426147,0.07076804339885712,-1.765212269713163,0.028034845986508176,vertical,47,0.015245064290972447,50,local,418.6829915540293,0.0,2.5242886543273926,-1.756345538586098
1.3665732145309448,0.07231450080871582,1.374434536512504,0.03524852000782439,vertical,48,0.2230255902890121,50,local,418.6829915540293,0.0,2.0515613555908203,1.3913654240170903
0.626802384853363,0.09394744783639908,0.6297270059235973,0.06299624602623173,vertical,49,0.04642532301077849,50,local,418.6829915540293,0.0,1.4913182258605957,0.5554998534172322
0.9485912322998047,0.14709539711475372,0.9263623218974254,0.0478052954382336,horizontal,-1,0.46498817205429077,5,global,49.08931687497534,0.0,3.0769686698913574,1.0
1.3488163948059082,0.20798152685165405,1.355311594663815,0.03491603410982409,horizontal,0,0.1860234136980436,5,local,49.08931687497534,0.0,5.9566192626953125,1.3717528597604374
1.2275620698928833,0.2028394192457199,1.2334299731155522,0.03818886558574935,horizontal,1,0.15365481882390944,5,local,49.08931687497534,0.0,5.311480522155762,1.2166542142247603
-1.6932240724563599,0.20013342797756195,-1.7049970906761234,0.028409258823681886,horizontal,2,0.4144077919396317,5,local,49.08931687497534,0.0,7.044654846191406,-1.6981153273636793
1.6492141485214233,0.20280101895332336,1.6538247749020085,0.029227776825045473,horizontal,3,0.15774810407866208,5,local,49.08931687497534,0.0,6.938640117645264,1.6688579094475795
1.009238839149475,0.22034898400306702,0.9898384917247451,0.0470556710702494,horizontal,4,0.4122850016476693,5,local,49.08931687497534,0.0,4.682729244232178,0.9779809508884321
0.9708425998687744,0.16937656700611115,0.9632190788891712,0.036499410686698125,horizontal,-1,0.2088662087917328,10,global,90.20205857406836,0.0,4.640528678894043,1.0
1.3492485284805298,0.15842795372009277,1.3509315851836463,0.03487255665625095,horizontal,0,0.04826307172447695,10,local,90.20205857406836,0.0,4.543055057525635,1.3717528597604374
1.235547661781311,0.16398985683918,1.2282147866069912,0.038150182408736785,horizontal,1,0.19221075002358293,10,local,90.20205857406836,0.0,4.298533916473389,1.2166542142247603
-1.7016406059265137,0.15443718433380127,-1.7079167166085996,0.028235867969822356,horizontal,2,0.22227440250087607,10,local,90.20205857406836,0.0,5.469539165496826,-1.6981153273636793
1.6544157266616821,0.1512792408466339,1.6507330896109929,0.029188754863579334,horizontal,3,0.1261662947906125,10,local,90.20205857406836,0.0,5.1827921867370605,1.6688579094475795
1.0086450576782227,0.17449726164340973,0.9820321536106337,0.04707298822619838,horizontal,4,0.5653540399795062,10,local,90.20205857406836,0.0,3.706951141357422,0.9779809508884321
0.6876078844070435,0.19011516869068146,0.6818017842100573,0.06025522694456852,horizontal,5,0.09635844874217173,10,local,90.20205857406836,0.0,3.1551647186279297,0.6487081877924252
-1.7798988819122314,0.1539282351732254,-1.7729108405168943,0.027367512905232472,horizontal,6,0.25534075454847377,10,local,90.20205857406836,0.0,5.624487400054932,-1.752883613073935
0.9810347557067871,0.16900090873241425,0.9637098257283767,0.04656451603424125,horizontal,7,0.3720629237437043,10,local,90.20205857406836,0.0,3.629392623901367,0.9680270489054204
-0.18756604194641113,0.2233307957649231,-0.21986998235667318,0.08657335155694842,horizontal,8,0.37313953808305944,10,local,90.20205857406836,0.0,2.5796711444854736,-0.18423111267464876
-0.42681482434272766,0.21499685943126678,-0.46325983728994985,0.07637094953868317,horizontal,9,0.47721042055084273,10,local,90.20205857406836,0.0,2.8151655197143555,-0.5433115726557105
1.0051860809326172,0.13308560848236084,1.0053150105846818,0.024779805430778054,horizontal,-1,0.005205224268138409,25,global,216.39671264402568,0.0,5.370728492736816,1.0
1.3475037813186646,0.09644105285406113,1.3458780371429464,0.03489696581160121,horizontal,0,0.046586977919372045,25,local,216.39671264402568,0.0,2.763594150543213,1.3717528597604374
1.227582573890686,0.0986727625131607,1.2221797928153475,0.03820232844309433,horizontal,1,0.14142543911653044,25,local,216.39671264402568,0.0,2.582899332046509,1.2166542142247603
-1.7064287662506104,0.09387870877981186,-1.711232646869096,0.02808076351207075,horizontal,2,0.17107371800701185,25,local,216.39671264402568,0.0,3.343168020248413,-1.6981153273636793
1.6507441997528076,0.09230104088783264,1.6471801564450603,0.02918824578228348,horizontal,3,0.12210543019034642,25,local,216.39671264402568,0.0,3.1622674465179443,1.6688579094475795
0.9984304904937744,0.11049161851406097,0.9729025299924899,0.047272485087202575,horizontal,4,0.5400173156582222,25,local,216.39671264402568,0.0,2.337334632873535,0.9779809508884321
0.6818393468856812,0.12205012887716293,0.667014745443412,0.060829131238714994,horizontal,5,0.2437089128248797,25,local,216.39671264402568,0.0,2.006442070007324,0.6487081877924252
-1.7744300365447998,0.09579170495271683,-1.776028312475272,0.02722782658030222,horizontal,6,0.058700092192760574,25,local,216.39671264402568,0.0,3.5181546211242676,-1.752883613073935
0.9732615351676941,0.10819294303655624,0.9547747753137095,0.04673541029665212,horizontal,7,0.39556216018304474,25,local,216.39671264402568,0.0,2.3150100708007812,0.9680270489054204
-0.2198745459318161,0.14185696840286255,-0.24835277064088584,0.08242163839480648,horizontal,8,0.345518789285123,25,local,216.39671264402568,0.0,1.7211132049560547,-0.18423111267464876
-0.48767876625061035,0.12698806822299957,-0.4856749509540242,0.07238168715398909,horizontal,9,0.02768400924840463,25,local,216.39671264402568,0.0,1.7544225454330444,-0.5433115726557105
1.5761882066726685,0.09243837743997574,1.5756577813330879,0.03045093986203183,horizontal,10,0.017419013731065653,25,local,216.39671264402568,0.0,3.035649299621582,1.5808349202759824
0.2974051833152771,0.14387385547161102,0.29832973929774764,0.08555833268869921,horizontal,11,0.010806147728877622,25,local,216.39671264402568,0.0,1.6815879344940186,0.3550164880092037
1.976123571395874,0.09606631100177765,1.968507926057178,0.01963014384298485,horizontal,12,0.3879566751833832,25,local,216.39671264402568,0.0,4.893815994262695,1.9652727205924059
-0.008144098334014416,0.1503930240869522,-0.021516147521160926,0.09325034465705143,horizontal,13,0.1433994612708956,25,local,216.39671264402568,0.0,1.6127879619598389,0.011683095505452545
-0.8100144863128662,0.11067306250333786,-0.8136484281294118,0.05368886795864039,horizontal,14,0.06768520094975874,25,local,216.39671264402568,0.0,2.061378240585327,-0.883016244480026
0.30819034576416016,0.14491088688373566,0.30614558004687725,0.08398630200964874,horizontal,15,0.02434641921783854,25,local,216.39671264402568,0.0,1.7254109382629395,0.3090967595304064
-1.822607398033142,0.09679543972015381,-1.8288035245028103,0.026466452524576987,horizontal,16,0.23411246610834538,25,local,216.39671264402568,0.0,3.657287836074829,-1.8950051107364123
0.4114442467689514,0.14444825053215027,0.40936057464018616,0.08216894037878666,horizontal,17,0.025358391128811407,25,local,216.39671264402568,0.0,1.7579423189163208,0.4078734860812707
-1.8023203611373901,0.09266681224107742,-1.8073364994836334,0.02675148128474086,horizontal,18,0.18750880718909882,25,local,216.39671264402568,0.0,3.4639880657196045,-1.8012520180457345
0.024518996477127075,0.14508099853992462,0.012018750962223648,0.09111429167289424,horizontal,19,0.13719302740979492,25,local,216.39671264402568,0.0,1.592296838760376,0.011808080988597869
1.2558103799819946,0.09927923232316971,1.2538461972026997,0.037178909921242224,horizontal,20,0.05283056397983978,25,local,216.39671264402568,0.0,2.6703102588653564,1.2980199322889288
0.5174640417098999,0.1286950558423996,0.5167883961006312,0.06878439714181403,horizontal,21,0.00982265800593851,25,local,216.39671264402568,0.0,1.8709919452667236,0.4004208616716589
1.2136309146881104,0.1009926050901413,1.2062069550961259,0.03834953166694283,horizontal,22,0.19358670808446735,25,local,216.39671264402568,0.0,2.633476972579956,1.2736373536948826
0.3907449543476105,0.13808965682983398,0.39419217033688325,0.07318696028085567,horizontal,23,0.04710150518677171,25,local,216.39671264402568,0.0,1.8868067264556885,0.33463773640856553
0.28149667382240295,0.14640292525291443,0.27663380128269266,0.09147697373029358,horizontal,24,0.053159525740846654,25,local,216.39671264402568,0.0,1.60043466091156,0.14170479922167356
0.9880457520484924,0.17661209404468536,0.9922823090595785,0.016874593490889316,horizontal,-1,0.2510626018047333,50,global,424.02598314604256,0.0,10.466154098510742,1.0
1.3468271493911743,0.08204572647809982,1.3474557102877858,0.03477385205341816,horizontal,0,0.018075676391729124,50,local,424.02598314604256,0.0,2.3594086170196533,1.3717528597604374
1.2278456687927246,0.08692171424627304,1.2240685472117947,0.0380348275371718,horizontal,1,0.09930692014413613,50,local,424.02598314604256,0.0,2.2853190898895264,1.2166542142247603
-1.706127405166626,0.08004586398601532,-1.7102107060131344,0.028067760606446873,horizontal,2,0.14548010807711317,50,local,424.02598314604256,0.0,2.851879358291626,-1.6981153273636793
1.6501878499984741,0.07819092273712158,1.6482856860075263,0.02912055901350033,horizontal,3,0.06532031167622623,50,local,424.02598314604256,0.0,2.6850762367248535,1.6688579094475795
0.9978505969047546,0.09349124878644943,0.9757857278896933,0.046924554120048666,horizontal,4,0.4702201103203246,50,local,424.02598314604256,0.0,1.9923737049102783,0.9779809508884321
0.6881213188171387,0.10475960373878479,0.6717608874853067,0.0600448629451661,horizontal,5,0.2724701253256679,50,local,424.02598314604256,0.0,1.744688868522644,0.6487081877924252
-1.771852970123291,0.08036082983016968,-1.7750671739708128,0.027215457493447063,horizontal,6,0.11810214280967783,50,local,424.02598314604256,0.0,2.9527642726898193,-1.752883613073935
0.976087212562561,0.09233440458774567,0.9575930966829603,0.04640636898424064,horizontal,7,0.3985253809855541,50,local,424.02598314604256,0.0,1.9896924495697021,0.9680270489054204
-0.21970699727535248,0.12379810959100723,-0.23990434613050793,0.08221129200710706,horizontal,8,0.24567609098527993,50,local,424.02598314604256,0.0,1.5058528184890747,-0.18423111267464876
-0.4825405776500702,0.10966788232326508,-0.4791189118806805,0.07248393343604803,horizontal,9,0.047205851106419165,50,local,424.02598314604256,0.0,1.512995719909668,-0.5433115726557105
1.5761629343032837,0.07980095595121384,1.5768606195391548,0.030372863082903604,horizontal,10,0.022970677277501034,50,local,424.02598314604256,0.0,2.6273767948150635,1.5808349202759824
0.313754141330719,0.1265026479959488,0.3075642341626336,0.08364281386016123,horizontal,11,0.0740040522600544,50,local,424.02598314604256,0.0,1.5124150514602661,0.3550164880092037
1.9771002531051636,0.08190306276082993,1.9690125945548598,0.019463915829904224,horizontal,12,0.415520629095507,50,local,424.02598314604256,0.0,4.207943916320801,1.9652727205924059
0.00633685477077961,0.13157270848751068,-0.010733029953908407,0.09215282774197633,horizontal,13,0.18523451903703822,50,local,424.02598314604256,0.0,1.4277664422988892,0.011683095505452545
-0.8065595626831055,0.09340202063322067,-0.8099746406903771,0.05371508147951189,horizontal,14,0.06357763803400678,50,local,424.02598314604256,0.0,1.7388416528701782,-0.883016244480026
0.3202452063560486,0.12435732036828995,0.31505338824977214,0.08217635610179803,horizontal,15,0.0631789769291419,50,local,424.02598314604256,0.0,1.5132980346679688,0.3090967595304064
-1.823455572128296,0.08003672957420349,-1.827895109669165,0.026454576495171623,horizontal,16,0.16781737336370875,50,local,424.02598314604256,0.0,3.025439739227295,-1.8950051107364123
0.42608100175857544,0.1231943666934967,0.41791743548631377,0.08018391860392196,horizontal,17,0.10181051779954256,50,local,424.02598314604256,0.0,1.5363974571228027,0.4078734860812707
-1.8052523136138916,0.08228379487991333,-1.8064085176621467,0.026739402569983105,horizontal,18,0.043239711329715276,50,local,424.02598314604256,0.0,3.0772488117218018,-1.8012520180457345
0.03907303139567375,0.13159476220607758,0.02234920994144835,0.08994516847153813,horizontal,19,0.18593351636800162,50,local,424.02598314604256,0.0,1.4630553722381592,0.011808080988597869
1.2559573650360107,0.08573179692029953,1.2556356791128211,0.03702645340637346,horizontal,20,0.008688002592606499,50,local,424.02598314604256,0.0,2.315420150756836,1.2980199322889288
0.5282875299453735,0.11218727380037308,0.522829890864157,0.06767175609736945,horizontal,21,0.08064869889535345,50,local,424.02598314604256,0.0,1.6578153371810913,0.4004208616716589
1.2148857116699219,0.08470168709754944,1.2081101720966063,0.03818054002232902,horizontal,22,0.17746054847189272,50,local,424.02598314604256,0.0,2.218451738357544,1.2736373536948826
0.400855153799057,0.11889958381652832,0.40100619331950726,0.07196727422213402,horizontal,23,0.0020987250397181876,50,local,424.02598314604256,0.0,1.6521340608596802,0.33463773640856553
0.2967652678489685,0.1288922131061554,0.28714791501386705,0.08910786244191683,horizontal,24,0.10792934059405065,50,local,424.02598314604256,0.0,1.4464740753173828,0.14170479922167356
-1.5524505376815796,0.08229673653841019,-1.5598718250935344,0.03046165883869176,horizontal,25,0.24362715934985255,50,local,424.02598314604256,0.0,2.7016499042510986,-1.5531948725792901
-1.2589695453643799,0.08387579023838043,-1.2649566085268567,0.03674070503388996,horizontal,26,0.16295449847666907,50,local,424.02598314604256,0.0,2.282911777496338,-1.2120088549978343
1.6562949419021606,0.07774041593074799,1.6528037389708996,0.02898724019902676,horizontal,27,0.12043930044013833,50,local,424.02598314604256,0.0,2.6818840503692627,1.6661478205537388
-1.9651018381118774,0.07842311263084412,-1.9745064939560717,0.017552623176894128,horizontal,28,0.535797740851312,50,local,424.02598314604256,0.0,4.467885494232178,-1.9443791893031355
-1.5665513277053833,0.08388271182775497,-1.5717091158649366,0.03049770999741581,horizontal,29,0.16912050642459042,50,local,424.02598314604256,0.0,2.7504594326019287,-1.4922263884800246
1.6507233381271362,0.07939650118350983,1.6515011383700535,0.029020131982026867,horizontal,30,0.02680209185123659,50,local,424.02598314604256,0.0,2.7359111309051514,1.6156526065881196
-1.2784022092819214,0.0838887095451355,-1.2839671793282943,0.03639084662956129,horizontal,31,0.1529222472623742,50,local,424.02598314604256,0.0,2.3052144050598145,-1.3359900348077187
1.3221244812011719,0.082518070936203,1.3229078931010714,0.03570489945381269,horizontal,32,0.02194129970630248,50,local,424.02598314604256,0.0,2.3111133575439453,1.3174146681433152
-0.4168780446052551,0.11532500386238098,-0.41283008591137654,0.07889348114582531,horizontal,33,0.05130916566346475,50,local,424.02598314604256,0.0,1.4617811441421509,-0.4491342141457171
-1.4528279304504395,0.08374378830194473,-1.4624250570382171,0.03233213144999187,horizontal,34,0.29682938171340645,50,local,424.02598314604256,0.0,2.5901105403900146,-1.4938046286423567
1.6791634559631348,0.07862517237663269,1.6772051906361791,0.02851051400095138,horizontal,35,0.0686857250939179,50,local,424.02598314604256,0.0,2.757760524749756,1.6850682384458833
0.24946610629558563,0.1327875405550003,0.23501462088096226,0.09519519645279778,horizontal,36,0.15180897727112835,50,local,424.02598314604256,0.0,1.3948974609375,0.2877694647209732
0.9663153290748596,0.09339839220046997,0.9502892894521907,0.04638496179897658,horizontal,37,0.34550076147788267,50,local,424.02598314604256,0.0,2.0135490894317627,0.9919351775708702
-0.8259145617485046,0.09222391992807388,-0.8330627905523297,0.05129923571442895,horizontal,38,0.1393437680751734,50,local,424.02598314604256,0.0,1.7977639436721802,-0.8924809891326477
0.05153052881360054,0.13636551797389984,0.03546402063215427,0.09730022478744361,horizontal,39,0.16512303251656635,50,local,424.02598314604256,0.0,1.4014923572540283,0.1414103765685364
-1.8081927299499512,0.08107434958219528,-1.8112242039254614,0.02671930039455377,horizontal,40,0.11345633795591777,50,local,424.02598314604256,0.0,3.03429913520813,-1.7739362974977229
-1.13288414478302,0.08755471557378769,-1.136360207955378,0.04078257157207184,horizontal,41,0.0852340359708576,50,local,424.02598314604256,0.0,2.1468660831451416,-1.1309274727148209
0.8682311177253723,0.09544029831886292,0.844360020017985,0.051895942172341565,horizontal,42,0.4599800429119022,50,local,424.02598314604256,0.0,1.8390705585479736,0.8518443579586701
0.7123525142669678,0.10071243345737457,0.6972900823337801,0.05917315426705769,horizontal,43,0.2545484032371939,50,local,424.02598314604256,0.0,1.7019953727722168,0.6594703629813301
-1.003553032875061,0.08923722058534622,-1.0115167329627681,0.0440946320290941,horizontal,44,0.1806047521261216,50,local,424.02598314604256,0.0,2.023766040802002,-1.0511492721546425
1.7865740060806274,0.0782613605260849,1.7819323838254195,0.027133341500765996,horizontal,45,0.17106710778976064,50,local,424.02598314604256,0.0,2.884324312210083,1.7802482897045544
-0.32649993896484375,0.12411212921142578,-0.32608671942629264,0.08376535636385943,horizontal,46,0.004933060115642228,50,local,424.02598314604256,0.0,1.4816641807556152,-0.15984819701078123
-1.7572873830795288,0.07990030944347382,-1.7597640537661792,0.027382469097543678,horizontal,47,0.09044731057041637,50,local,424.02598314604256,0.0,2.9179365634918213,-1.756345538586098
1.369106411933899,0.08042257279157639,1.3693438552290174,0.03448148029978043,horizontal,48,0.006886110835559038,50,local,424.02598314604256,0.0,2.332340955734253,1.3913654240170903
0.6324243545532227,0.10363549739122391,0.6237571916837644,0.062313500453527446,horizontal,49,0.13908964841290025,50,local,424.02598314604256,0.0,1.663130760192871,0.5554998534172322
