index,true_label,probability_Circle 1p,probability_Horizontally scaled circle 2p,probability_Axis-scaled circle 3p
0,0,0.9440065,0.046386506,0.0096069295
1,0,0.16096896,0.5262406,0.31279045
2,0,0.8402064,0.10516196,0.054631706
3,0,0.7821391,0.18026419,0.03759667
4,0,0.9330653,0.045048717,0.021885952
5,0,0.53814024,0.27526057,0.18659917
6,0,0.10814623,0.6034533,0.28840053
7,0,0.59466887,0.27271745,0.13261372
8,0,0.9135138,0.047278192,0.03920797
9,0,0.754886,0.17565703,0.06945701
10,0,0.81199867,0.117656276,0.070345044
11,0,0.5061568,0.39510104,0.09874211
12,0,0.40129864,0.48115316,0.11754816
13,0,0.59730786,0.2181713,0.18452084
14,0,0.88985586,0.09933575,0.010808382
15,0,0.9607436,0.028076239,0.011180152
16,0,0.15429212,0.48916516,0.35654274
17,0,0.51248497,0.4118393,0.07567566
18,0,0.8481547,0.10970074,0.04214447
19,0,0.7599369,0.12707756,0.112985514
20,0,0.6325957,0.27249533,0.09490897
21,0,0.60245895,0.18766077,0.20988028
22,0,0.6963577,0.21753009,0.08611215
23,0,0.93762213,0.051834237,0.010543632
24,0,0.53899497,0.42295328,0.038051773
25,0,0.41334298,0.4224804,0.16417667
26,0,0.95846397,0.030175237,0.011360791
27,0,0.88220465,0.10668133,0.011114
28,0,0.8219154,0.1513446,0.026739988
29,0,0.29784366,0.62714744,0.07500888
30,0,0.5995565,0.18239003,0.21805345
31,0,0.40518415,0.46220294,0.13261285
32,0,0.7423048,0.1925524,0.06514283
33,0,0.51897997,0.4402551,0.040764954
34,0,0.66760594,0.22441803,0.10797598
35,0,0.8964159,0.092323914,0.011260206
36,0,0.6919781,0.15430322,0.15371872
37,0,0.76079154,0.18374492,0.055463597
38,0,0.81754047,0.09630166,0.08615782
39,0,0.6104225,0.31089276,0.078684695
40,0,0.90781343,0.05888454,0.033302017
41,0,0.7483309,0.15886118,0.092808016
42,0,0.8552285,0.11550376,0.029267743
43,0,0.5725465,0.33315152,0.09430205
44,0,0.8920077,0.08707462,0.020917708
45,0,0.95468163,0.035342023,0.009976285
46,0,0.81857806,0.16451031,0.016911598
47,0,0.8418369,0.14347722,0.014685838
48,0,0.8830985,0.094471686,0.0224299
49,0,0.7261527,0.23982239,0.03402495
50,0,0.94939053,0.03265904,0.01795041
51,0,0.82518303,0.122580886,0.0522361
52,0,0.9191066,0.057204343,0.023689082
53,0,0.6574683,0.2103426,0.1321891
54,0,0.36919725,0.4560747,0.17472805
55,0,0.5510484,0.3431239,0.10582768
56,0,0.70912033,0.11862027,0.17225939
57,0,0.8088956,0.16080259,0.030301794
58,0,0.7304222,0.12745166,0.14212613
59,0,0.9193799,0.06312859,0.017491465
60,0,0.6895452,0.14181203,0.16864276
61,0,0.7616852,0.19327445,0.045040403
62,0,0.9279841,0.05538742,0.016628494
63,0,0.3981472,0.5288156,0.073037125
64,0,0.8943053,0.083027,0.022667645
65,0,0.87612337,0.11317138,0.010705228
66,0,0.870544,0.09626871,0.033187296
67,0,0.44508293,0.37490654,0.18001048
68,0,0.71674097,0.20246117,0.08079786
69,0,0.5065472,0.42798027,0.06547251
70,0,0.06099722,0.7492529,0.18974982
71,0,0.9667741,0.023231838,0.009994157
72,0,0.35062885,0.58799034,0.061380796
73,0,0.9422713,0.04205271,0.015676009
74,0,0.915486,0.05890038,0.02561366
75,0,0.72203743,0.21072099,0.0672415
76,0,0.711499,0.20488738,0.08361365
77,0,0.943487,0.030152649,0.026360413
78,0,0.5430943,0.39984253,0.057063174
79,0,0.34892392,0.46957773,0.18149836
80,0,0.766749,0.094747394,0.13850355
81,0,0.71303225,0.18357487,0.10339291
82,0,0.39361697,0.51682067,0.08956237
83,0,0.48926917,0.2760292,0.23470171
84,0,0.82067657,0.13710268,0.04222067
85,0,0.1062411,0.7634439,0.13031502
86,0,0.79234123,0.122458,0.085200734
87,0,0.591952,0.30197504,0.106072985
88,0,0.5121163,0.38074243,0.10714127
89,0,0.9205746,0.035028633,0.044396773
90,0,0.69510376,0.17563938,0.12925689
91,0,0.6297145,0.33088815,0.039397374
92,0,0.5379755,0.27286187,0.18916264
93,0,0.83455664,0.10654823,0.05889511
94,0,0.8227096,0.12400132,0.05328904
95,0,0.93491584,0.031993456,0.033090718
96,0,0.47355685,0.2914678,0.23497535
97,0,0.29614422,0.5701853,0.13367039
98,0,0.95092064,0.024394426,0.024684934
99,0,0.74060804,0.23275414,0.026637807
100,1,0.6254702,0.3023745,0.07215525
101,1,0.6564472,0.29440325,0.049149588
102,1,0.6677341,0.25682923,0.07543665
103,1,0.6583171,0.28720057,0.054482356
104,1,0.5023743,0.44206935,0.055556357
105,1,0.6587451,0.26697746,0.0742774
106,1,0.63680285,0.2723363,0.09086083
107,1,0.6683389,0.24262819,0.08903295
108,1,0.6513004,0.27464122,0.07405842
109,1,0.67414844,0.26033843,0.06551322
110,1,0.6763729,0.25410756,0.069519505
111,1,0.67162764,0.28014028,0.0482321
112,1,0.64510924,0.30305463,0.051836144
113,1,0.6694509,0.27145043,0.059098598
114,1,0.6499339,0.2786685,0.07139768
115,1,0.59628356,0.2885154,0.11520112
116,1,0.671589,0.270138,0.058273032
117,1,0.5008121,0.45130387,0.047884036
118,1,0.6532998,0.26680255,0.07989769
119,1,0.68849987,0.2580702,0.053429883
120,1,0.6696949,0.26747143,0.062833704
121,1,0.62147593,0.30881342,0.06971064
122,1,0.6477695,0.2898443,0.06238624
123,1,0.6759835,0.24618794,0.07782859
124,1,0.672672,0.256904,0.07042399
125,1,0.6992439,0.23885384,0.061902266
126,1,0.6473649,0.2991257,0.05350941
127,1,0.6424283,0.27120632,0.0863654
128,1,0.6735982,0.26342404,0.06297772
129,1,0.63712984,0.29284713,0.070022985
130,1,0.6900926,0.2350565,0.07485088
131,1,0.6184825,0.29706302,0.08445452
132,1,0.5350381,0.39058095,0.074381
133,1,0.61551267,0.32577962,0.05870775
134,1,0.538212,0.41651338,0.045274626
135,1,0.65485436,0.29584694,0.049298756
136,1,0.6408053,0.30148587,0.05770882
137,1,0.6496539,0.27538782,0.074958235
138,1,0.67652404,0.2640992,0.059376698
139,1,0.6673582,0.26538977,0.06725202
140,1,0.66128665,0.26958647,0.0691269
141,1,0.6890571,0.24979007,0.06115282
142,1,0.6663984,0.27682424,0.056777336
143,1,0.649574,0.27246845,0.077957556
144,1,0.66126424,0.28602824,0.05270745
145,1,0.7159425,0.23007995,0.053977568
146,1,0.54068536,0.41189763,0.047417052
147,1,0.6834986,0.262018,0.05448336
148,1,0.71315604,0.21357408,0.07326987
149,1,0.636162,0.30600777,0.05783024
150,1,0.69355327,0.24992092,0.05652576
151,1,0.6321801,0.3128995,0.05492041
152,1,0.65946054,0.2750564,0.06548302
153,1,0.65829676,0.2653944,0.07630883
154,1,0.6710155,0.25240254,0.07658193
155,1,0.6408749,0.27947563,0.07964947
156,1,0.5550806,0.386066,0.05885339
157,1,0.6933526,0.2540866,0.052560806
158,1,0.69222474,0.25493968,0.052835587
159,1,0.6316607,0.2853361,0.08300323
160,1,0.6556986,0.29250544,0.051796004
161,1,0.6282799,0.31403682,0.057683256
162,1,0.5795336,0.3566553,0.063811176
163,1,0.6578364,0.2640835,0.07808012
164,1,0.6739503,0.2499519,0.07609773
165,1,0.69736344,0.24759315,0.055043384
166,1,0.5495091,0.40256524,0.047925673
167,1,0.50010645,0.42915857,0.07073494
168,1,0.66616017,0.27583206,0.058007725
169,1,0.68482053,0.26019263,0.05498684
170,1,0.7064873,0.2280138,0.06549893
171,1,0.6737867,0.24088275,0.0853306
172,1,0.63471276,0.30186617,0.063421056
173,1,0.6008371,0.34149486,0.057668064
174,1,0.6823294,0.24534065,0.07232995
175,1,0.5053866,0.42517117,0.06944225
176,1,0.5612351,0.32877716,0.10998777
177,1,0.65657437,0.28624082,0.057184804
178,1,0.6700807,0.23991032,0.09000896
179,1,0.7220311,0.23355019,0.044418782
180,1,0.57609695,0.33895066,0.08495235
181,1,0.6627826,0.2538827,0.0833347
182,1,0.64581674,0.25980648,0.09437681
183,1,0.56731415,0.33084762,0.1018383
184,1,0.6302323,0.29095083,0.07881691
185,1,0.6083586,0.3122894,0.07935194
186,1,0.6717307,0.26275545,0.065513834
187,1,0.6700152,0.2803107,0.049674105
188,1,0.62586284,0.27372992,0.100407206
189,1,0.6409882,0.297387,0.061624844
190,1,0.6362691,0.2999746,0.06375633
191,1,0.6121876,0.3085256,0.07928679
192,1,0.6646555,0.28678417,0.048560314
193,1,0.6656314,0.27936456,0.055004038
194,1,0.6584373,0.27830485,0.0632578
195,1,0.5432416,0.39118955,0.06556884
196,1,0.62668055,0.30088252,0.07243697
197,1,0.55703366,0.29841664,0.14454968
198,1,0.6136335,0.27727678,0.10908972
199,1,0.64464015,0.26646587,0.08889397
200,2,0.0005844546,0.60949105,0.38992456
201,2,0.009743221,0.4017973,0.5884595
202,2,0.00029567385,0.5998292,0.39987507
203,2,0.023643047,0.4834316,0.49292532
204,2,0.00010575052,0.5457616,0.4541327
205,2,0.0027471236,0.543791,0.4534619
206,2,0.005062595,0.63393015,0.36100724
207,2,0.0038419785,0.63270557,0.3634525
208,2,0.0007058783,0.70500886,0.29428527
209,2,0.003958193,0.699743,0.29629886
210,2,0.010211252,0.3727022,0.6170865
211,2,0.01543304,0.48069173,0.5038752
212,2,0.0050871014,0.47573358,0.51917934
213,2,0.015208277,0.5458935,0.43889824
214,2,0.003595709,0.48855275,0.5078516
215,2,0.061752982,0.5149241,0.42332295
216,2,9.2250775e-05,0.69565845,0.30424932
217,2,0.019684618,0.39174616,0.5885692
218,2,0.0014075291,0.61316186,0.38543063
219,2,0.0007826706,0.49093717,0.50828016
220,2,0.018738389,0.50883085,0.47243077
221,2,0.00020651755,0.61247027,0.38732323
222,2,0.033139687,0.5135531,0.4533072
223,2,0.0080946665,0.43670866,0.55519664
224,2,0.022092573,0.44010034,0.53780705
225,2,0.019623008,0.5732415,0.4071355
226,2,0.0002702202,0.584995,0.41473475
227,2,0.008387517,0.59854686,0.39306557
228,2,0.00017737424,0.5579099,0.4419127
229,2,0.00032626037,0.5819366,0.41773713
230,2,0.014879181,0.44827235,0.5368485
231,2,0.012702677,0.46063325,0.526664
232,2,5.6436405e-05,0.33906952,0.66087407
233,2,0.008030358,0.5484272,0.4435424
234,2,3.2650965e-05,0.7039627,0.29600465
235,2,0.005360397,0.32874963,0.66589
236,2,0.017117139,0.46927854,0.51360434
237,2,0.0033170965,0.2714423,0.7252405
238,2,0.008350919,0.546955,0.44469413
239,2,0.005607413,0.6791332,0.31525946
240,2,0.0068803886,0.5996788,0.39344084
241,2,0.00010289366,0.59979695,0.40010017
242,2,0.008579897,0.51352143,0.4778986
243,2,0.0010803578,0.49071506,0.5082045
244,2,0.062235326,0.5548871,0.38287756
245,2,7.352802e-05,0.54854417,0.45138237
246,2,5.792305e-06,0.50704205,0.49295217
247,2,0.021537267,0.44067556,0.53778714
248,2,0.00041241507,0.3197976,0.67978996
249,2,0.002901287,0.5697508,0.42734793
250,2,0.010037112,0.3862834,0.60367954
251,2,0.0025040982,0.61749774,0.37999818
252,2,0.0038098053,0.44935238,0.5468378
253,2,0.02402743,0.7167337,0.25923887
254,2,0.00067434926,0.4941987,0.50512695
255,2,0.0010738162,0.6198834,0.37904286
256,2,0.0030819122,0.64062774,0.35629025
257,2,0.0040478487,0.42443743,0.5715147
258,2,0.0010058015,0.5527184,0.4462758
259,2,2.4190907e-05,0.33004087,0.669935
260,2,0.004219481,0.6185596,0.37722087
261,2,0.012818962,0.3729398,0.61424124
262,2,0.0012023097,0.6443223,0.3544754
263,2,0.0022335856,0.627287,0.37047946
264,2,0.0038509092,0.5900807,0.40606844
265,2,0.00025416902,0.57149273,0.42825305
266,2,0.010366037,0.6090195,0.38061443
267,2,0.004458991,0.6324795,0.36306155
268,2,0.004849933,0.5817576,0.41339254
269,2,9.271737e-05,0.53232247,0.46758482
270,2,0.008112522,0.34013498,0.65175253
271,2,0.022850275,0.5415388,0.43561095
272,2,0.037974358,0.49983186,0.46219376
273,2,0.013406368,0.45660162,0.52999204
274,2,0.00020438441,0.541133,0.4586626
275,2,6.752897e-05,0.58807945,0.41185305
276,2,0.018990487,0.4253951,0.5556145
277,2,0.022502193,0.4843881,0.49310967
278,2,0.012107568,0.511475,0.47641742
279,2,0.011246929,0.6154856,0.37326747
280,2,0.0005064218,0.4304713,0.56902224
281,2,5.8914044e-05,0.5511908,0.44875023
282,2,0.02472747,0.39191574,0.5833568
283,2,0.019140989,0.6439191,0.33693987
284,2,0.00643097,0.5783346,0.4152344
285,2,0.002406534,0.49270427,0.5048892
286,2,0.0048620994,0.492542,0.5025959
287,2,0.00029690942,0.55013055,0.44957256
288,2,0.004184115,0.51835793,0.4774579
289,2,0.0037205997,0.6023467,0.39393273
290,2,0.0009356499,0.38022333,0.61884105
291,2,0.00012825955,0.5832201,0.41665155
292,2,0.000847217,0.47875893,0.52039385
293,2,0.00079623266,0.42988747,0.56931627
294,2,0.005411113,0.45520324,0.5393856
295,2,1.2238615e-05,0.5930556,0.40693215
296,2,6.659854e-06,0.5750637,0.4249297
297,2,4.620537e-05,0.56965333,0.43030047
298,2,0.0036369206,0.6568302,0.3395329
299,2,2.2992087e-06,0.42680374,0.57319397
