training_scheme,model_seed,observation,sigma_m,diffusion_time,relative_score_rmse,scaled_score_rmse
uniform,0,0,0.031644415110349655,0.000999981421045959,2.4342868328094482,0.28201574087142944
uniform,0,0,0.036518022418022156,0.0013310941867530346,2.004563093185425,0.2807149589061737
uniform,0,0,0.04214222729206085,0.0017716207075864077,1.6154651641845703,0.2475876361131668
uniform,0,0,0.04863262176513672,0.0023574272636324167,1.3262627124786377,0.2363176792860031
uniform,0,0,0.056122612208127975,0.003136059734970331,1.0279057025909424,0.20779557526111603
uniform,0,0,0.06476614624261856,0.004170452244579792,0.7627262473106384,0.19132326543331146
uniform,0,0,0.07474089413881302,0.005543392617255449,0.596991240978241,0.1561245620250702
uniform,0,0,0.08625186234712601,0.007363683078438044,0.4390495717525482,0.137946218252182
uniform,0,0,0.09953565895557404,0.009773730300366879,0.2872473895549774,0.09664533287286758
uniform,0,0,0.11486529558897018,0.012958434410393238,0.1733328253030777,0.07205858826637268
uniform,0,0,0.13255588710308075,0.017156483605504036,0.1329048126935959,0.057573411613702774
uniform,0,0,0.1529710441827774,0.02267235703766346,0.10592922568321228,0.05019816756248474
uniform,0,0,0.17653034627437592,0.029889527708292007,0.1333097219467163,0.06356658041477203
uniform,0,0,0.20371808111667633,0.03928206115961075,0.16256560385227203,0.1009766012430191
uniform,0,0,0.23509304225444794,0.05142240226268768,0.1882564127445221,0.12236317247152328
uniform,0,0,0.2713001072406769,0.06698070466518402,0.21410684287548065,0.14217917621135712
uniform,0,0,0.3130834996700287,0.08671019226312637,0.22722209990024567,0.15415287017822266
uniform,0,0,0.361301988363266,0.11141348630189896,0.2412182241678238,0.18437819182872772
uniform,0,0,0.4169467091560364,0.14188621938228607,0.24790269136428833,0.19957712292671204
uniform,0,0,0.4811613857746124,0.17884142696857452,0.2725978195667267,0.22616985440254211
uniform,0,0,0.5552658438682556,0.22282467782497406,0.2580379843711853,0.22275178134441376
uniform,0,0,0.6407832503318787,0.2741386294364929,0.26482489705085754,0.23681466281414032
uniform,0,0,0.7394713163375854,0.33279743790626526,0.2625785768032074,0.2469898760318756
uniform,0,0,0.8533585071563721,0.3985244333744049,0.27110597491264343,0.24198868870735168
uniform,0,0,0.9847856760025024,0.4707942008972168,0.2419462651014328,0.2104342132806778
uniform,0,0,1.1364541053771973,0.5489058494567871,0.22313463687896729,0.2047487199306488
uniform,0,0,1.3114813566207886,0.6320682168006897,0.21087129414081573,0.20727413892745972
uniform,0,0,1.5134648084640503,0.7194765210151672,0.1950332671403885,0.19122280180454254
uniform,0,0,1.7465559244155884,0.8103709816932678,0.1737155020236969,0.17550881206989288
uniform,0,0,2.0155458450317383,0.9040728211402893,0.14815296232700348,0.1411864310503006
uniform,0,0,2.3259634971618652,1.0,0.12871119379997253,0.12148737907409668
uniform,0,1,0.031644415110349655,0.000999981421045959,2.385730504989624,0.28419116139411926
uniform,0,1,0.036518022418022156,0.0013310941867530346,1.9920072555541992,0.2520792782306671
uniform,0,1,0.04214222729206085,0.0017716207075864077,1.5038628578186035,0.245923712849617
uniform,0,1,0.04863262176513672,0.0023574272636324167,1.268814206123352,0.21188780665397644
uniform,0,1,0.056122612208127975,0.003136059734970331,0.9637795090675354,0.1967133730649948
uniform,0,1,0.06476614624261856,0.004170452244579792,0.7293850779533386,0.16888391971588135
uniform,0,1,0.07474089413881302,0.005543392617255449,0.5535884499549866,0.14644552767276764
uniform,0,1,0.08625186234712601,0.007363683078438044,0.4030606150627136,0.11928558349609375
uniform,0,1,0.09953565895557404,0.009773730300366879,0.25702565908432007,0.08841290324926376
uniform,0,1,0.11486529558897018,0.012958434410393238,0.1976272314786911,0.07454090565443039
uniform,0,1,0.13255588710308075,0.017156483605504036,0.13197575509548187,0.05678032338619232
uniform,0,1,0.1529710441827774,0.02267235703766346,0.1336698830127716,0.06633441150188446
uniform,0,1,0.17653034627437592,0.029889527708292007,0.16593509912490845,0.08701673150062561
uniform,0,1,0.20371808111667633,0.03928206115961075,0.1952180415391922,0.10905886441469193
uniform,0,1,0.23509304225444794,0.05142240226268768,0.21984967589378357,0.13692939281463623
uniform,0,1,0.2713001072406769,0.06698070466518402,0.2475777119398117,0.16866865754127502
uniform,0,1,0.3130834996700287,0.08671019226312637,0.25766217708587646,0.1833188384771347
uniform,0,1,0.361301988363266,0.11141348630189896,0.27167144417762756,0.20185433328151703
uniform,0,1,0.4169467091560364,0.14188621938228607,0.270542174577713,0.22477000951766968
uniform,0,1,0.4811613857746124,0.17884142696857452,0.289940744638443,0.22167330980300903
uniform,0,1,0.5552658438682556,0.22282467782497406,0.28739428520202637,0.24966733157634735
uniform,0,1,0.6407832503318787,0.2741386294364929,0.3070962727069855,0.27392205595970154
uniform,0,1,0.7394713163375854,0.33279743790626526,0.31150931119918823,0.265779584646225
uniform,0,1,0.8533585071563721,0.3985244333744049,0.3212611675262451,0.28589364886283875
uniform,0,1,0.9847856760025024,0.4707942008972168,0.306888610124588,0.28382542729377747
uniform,0,1,1.1364541053771973,0.5489058494567871,0.2966459393501282,0.29066964983940125
uniform,0,1,1.3114813566207886,0.6320682168006897,0.2723909914493561,0.27097976207733154
uniform,0,1,1.5134648084640503,0.7194765210151672,0.2765539288520813,0.2592492401599884
uniform,0,1,1.7465559244155884,0.8103709816932678,0.2562691867351532,0.25631794333457947
uniform,0,1,2.0155458450317383,0.9040728211402893,0.249381422996521,0.2405303716659546
uniform,0,1,2.3259634971618652,1.0,0.23737287521362305,0.23710735142230988
uniform,0,2,0.031644415110349655,0.000999981421045959,2.466068744659424,0.2713298797607422
uniform,0,2,0.036518022418022156,0.0013310941867530346,1.9921785593032837,0.27303338050842285
uniform,0,2,0.04214222729206085,0.0017716207075864077,1.6017593145370483,0.25043079257011414
uniform,0,2,0.04863262176513672,0.0023574272636324167,1.3483494520187378,0.22602957487106323
uniform,0,2,0.056122612208127975,0.003136059734970331,1.037487268447876,0.19681908190250397
uniform,0,2,0.06476614624261856,0.004170452244579792,0.7727035880088806,0.18266661465168
uniform,0,2,0.07474089413881302,0.005543392617255449,0.583103358745575,0.1576112061738968
uniform,0,2,0.08625186234712601,0.007363683078438044,0.44329512119293213,0.13063567876815796
uniform,0,2,0.09953565895557404,0.009773730300366879,0.3043195307254791,0.09814080595970154
uniform,0,2,0.11486529558897018,0.012958434410393238,0.2114586979150772,0.08347420394420624
uniform,0,2,0.13255588710308075,0.017156483605504036,0.15302860736846924,0.06127016991376877
uniform,0,2,0.1529710441827774,0.02267235703766346,0.1465068906545639,0.0665745660662651
uniform,0,2,0.17653034627437592,0.029889527708292007,0.16239416599273682,0.0835331380367279
uniform,0,2,0.20371808111667633,0.03928206115961075,0.18664126098155975,0.1092754378914833
uniform,0,2,0.23509304225444794,0.05142240226268768,0.2135113775730133,0.12998847663402557
uniform,0,2,0.2713001072406769,0.06698070466518402,0.22469474375247955,0.149137943983078
uniform,0,2,0.3130834996700287,0.08671019226312637,0.2355848103761673,0.1577228605747223
uniform,0,2,0.361301988363266,0.11141348630189896,0.2565324902534485,0.192355677485466
uniform,0,2,0.4169467091560364,0.14188621938228607,0.2623994052410126,0.2131788730621338
uniform,0,2,0.4811613857746124,0.17884142696857452,0.26104167103767395,0.22420087456703186
uniform,0,2,0.5552658438682556,0.22282467782497406,0.27113857865333557,0.23363184928894043
uniform,0,2,0.6407832503318787,0.2741386294364929,0.27487900853157043,0.23962832987308502
uniform,0,2,0.7394713163375854,0.33279743790626526,0.26800334453582764,0.2392878383398056
uniform,0,2,0.8533585071563721,0.3985244333744049,0.2510797679424286,0.22242377698421478
uniform,0,2,0.9847856760025024,0.4707942008972168,0.24187685549259186,0.23850035667419434
uniform,0,2,1.1364541053771973,0.5489058494567871,0.23587597906589508,0.23000942170619965
uniform,0,2,1.3114813566207886,0.6320682168006897,0.20502005517482758,0.19887271523475647
uniform,0,2,1.5134648084640503,0.7194765210151672,0.19627337157726288,0.18539461493492126
uniform,0,2,1.7465559244155884,0.8103709816932678,0.16363587975502014,0.15863962471485138
uniform,0,2,2.0155458450317383,0.9040728211402893,0.14529944956302643,0.137239009141922
uniform,0,2,2.3259634971618652,1.0,0.11796440929174423,0.11092168092727661
uniform,0,3,0.031644415110349655,0.000999981421045959,2.1408729553222656,0.2529820501804352
uniform,0,3,0.036518022418022156,0.0013310941867530346,1.630415678024292,0.22253651916980743
uniform,0,3,0.04214222729206085,0.0017716207075864077,1.424295425415039,0.23341746628284454
uniform,0,3,0.04863262176513672,0.0023574272636324167,1.2228823900222778,0.2081514149904251
uniform,0,3,0.056122612208127975,0.003136059734970331,0.8211966156959534,0.1807325929403305
uniform,0,3,0.06476614624261856,0.004170452244579792,0.6829038262367249,0.16184398531913757
uniform,0,3,0.07474089413881302,0.005543392617255449,0.5699073672294617,0.15024779736995697
uniform,0,3,0.08625186234712601,0.007363683078438044,0.5126129388809204,0.14413052797317505
uniform,0,3,0.09953565895557404,0.009773730300366879,0.39176779985427856,0.12841570377349854
uniform,0,3,0.11486529558897018,0.012958434410393238,0.3504025936126709,0.1353224813938141
uniform,0,3,0.13255588710308075,0.017156483605504036,0.3115091621875763,0.13861635327339172
uniform,0,3,0.1529710441827774,0.02267235703766346,0.33227622509002686,0.15616360306739807
uniform,0,3,0.17653034627437592,0.029889527708292007,0.3159639537334442,0.1689378172159195
uniform,0,3,0.20371808111667633,0.03928206115961075,0.3681875467300415,0.1936882883310318
uniform,0,3,0.23509304225444794,0.05142240226268768,0.35779768228530884,0.21509340405464172
uniform,0,3,0.2713001072406769,0.06698070466518402,0.36499497294425964,0.26105889678001404
uniform,0,3,0.3130834996700287,0.08671019226312637,0.37482884526252747,0.2792026400566101
uniform,0,3,0.361301988363266,0.11141348630189896,0.3889525830745697,0.2937409281730652
uniform,0,3,0.4169467091560364,0.14188621938228607,0.40884655714035034,0.34011325240135193
uniform,0,3,0.4811613857746124,0.17884142696857452,0.4437375068664551,0.35555312037467957
uniform,0,3,0.5552658438682556,0.22282467782497406,0.4708893299102783,0.3898872137069702
uniform,0,3,0.6407832503318787,0.2741386294364929,0.4673252999782562,0.4325372874736786
uniform,0,3,0.7394713163375854,0.33279743790626526,0.5071139931678772,0.47312626242637634
uniform,0,3,0.8533585071563721,0.3985244333744049,0.5144621133804321,0.48407962918281555
uniform,0,3,0.9847856760025024,0.4707942008972168,0.5630763173103333,0.5291191339492798
uniform,0,3,1.1364541053771973,0.5489058494567871,0.523601233959198,0.531348705291748
uniform,0,3,1.3114813566207886,0.6320682168006897,0.543769121170044,0.513562023639679
uniform,0,3,1.5134648084640503,0.7194765210151672,0.5074002742767334,0.5027363896369934
uniform,0,3,1.7465559244155884,0.8103709816932678,0.5030904412269592,0.4914056062698364
uniform,0,3,2.0155458450317383,0.9040728211402893,0.4724803864955902,0.4754199981689453
uniform,0,3,2.3259634971618652,1.0,0.45050373673439026,0.4560498595237732
uniform,1,0,0.031644415110349655,0.000999981421045959,2.5038788318634033,0.2900781035423279
uniform,1,0,0.036518022418022156,0.0013310941867530346,2.023193359375,0.28332391381263733
uniform,1,0,0.04214222729206085,0.0017716207075864077,1.6908167600631714,0.2591361105442047
uniform,1,0,0.04863262176513672,0.0023574272636324167,1.3853402137756348,0.2468443065881729
uniform,1,0,0.056122612208127975,0.003136059734970331,1.0605342388153076,0.2143915742635727
uniform,1,0,0.06476614624261856,0.004170452244579792,0.7928124070167542,0.19887012243270874
uniform,1,0,0.07474089413881302,0.005543392617255449,0.6614118814468384,0.17297178506851196
uniform,1,0,0.08625186234712601,0.007363683078438044,0.473577082157135,0.1487945169210434
uniform,1,0,0.09953565895557404,0.009773730300366879,0.3554237484931946,0.11958348751068115
uniform,1,0,0.11486529558897018,0.012958434410393238,0.23330473899841309,0.09699034690856934
uniform,1,0,0.13255588710308075,0.017156483605504036,0.2178131341934204,0.09435508400201797
uniform,1,0,0.1529710441827774,0.02267235703766346,0.1874718815088272,0.08883991837501526
uniform,1,0,0.17653034627437592,0.029889527708292007,0.20577852427959442,0.09812216460704803
uniform,1,0,0.20371808111667633,0.03928206115961075,0.2093936800956726,0.13006356358528137
uniform,1,0,0.23509304225444794,0.05142240226268768,0.22255346179008484,0.14465561509132385
uniform,1,0,0.2713001072406769,0.06698070466518402,0.2521916925907135,0.16746966540813446
uniform,1,0,0.3130834996700287,0.08671019226312637,0.2619210481643677,0.1776934564113617
uniform,1,0,0.361301988363266,0.11141348630189896,0.2709967792034149,0.20713981986045837
uniform,1,0,0.4169467091560364,0.14188621938228607,0.2839847803115845,0.22862543165683746
uniform,1,0,0.4811613857746124,0.17884142696857452,0.30926278233528137,0.25659018754959106
uniform,1,0,0.5552658438682556,0.22282467782497406,0.2881620526313782,0.24875643849372864
uniform,1,0,0.6407832503318787,0.2741386294364929,0.2947065830230713,0.2635357975959778
uniform,1,0,0.7394713163375854,0.33279743790626526,0.29064249992370605,0.27338770031929016
uniform,1,0,0.8533585071563721,0.3985244333744049,0.3027976155281067,0.27027660608291626
uniform,1,0,0.9847856760025024,0.4707942008972168,0.2740999758243561,0.23840007185935974
uniform,1,0,1.1364541053771973,0.5489058494567871,0.25499629974365234,0.233985036611557
uniform,1,0,1.3114813566207886,0.6320682168006897,0.24180792272090912,0.23768304288387299
uniform,1,0,1.5134648084640503,0.7194765210151672,0.2281913459300995,0.223733052611351
uniform,1,0,1.7465559244155884,0.8103709816932678,0.21515513956546783,0.217376247048378
uniform,1,0,2.0155458450317383,0.9040728211402893,0.1976487785577774,0.18835482001304626
uniform,1,0,2.3259634971618652,1.0,0.18510353565216064,0.17471474409103394
uniform,1,1,0.031644415110349655,0.000999981421045959,2.4099600315093994,0.287077397108078
uniform,1,1,0.036518022418022156,0.0013310941867530346,2.1277730464935303,0.26925984025001526
uniform,1,1,0.04214222729206085,0.0017716207075864077,1.5558362007141113,0.25442278385162354
uniform,1,1,0.04863262176513672,0.0023574272636324167,1.3498507738113403,0.22542065382003784
uniform,1,1,0.056122612208127975,0.003136059734970331,1.063766360282898,0.21712131798267365
uniform,1,1,0.06476614624261856,0.004170452244579792,0.8416464924812317,0.1948772519826889
uniform,1,1,0.07474089413881302,0.005543392617255449,0.661913275718689,0.175101637840271
uniform,1,1,0.08625186234712601,0.007363683078438044,0.5195316672325134,0.15375512838363647
uniform,1,1,0.09953565895557404,0.009773730300366879,0.3708455562591553,0.12756521999835968
uniform,1,1,0.11486529558897018,0.012958434410393238,0.32452866435050964,0.12240549921989441
uniform,1,1,0.13255588710308075,0.017156483605504036,0.2809922397136688,0.12089212238788605
uniform,1,1,0.1529710441827774,0.02267235703766346,0.2708766460418701,0.13442401587963104
uniform,1,1,0.17653034627437592,0.029889527708292007,0.27012044191360474,0.14165176451206207
uniform,1,1,0.20371808111667633,0.03928206115961075,0.28577566146850586,0.15964902937412262
uniform,1,1,0.23509304225444794,0.05142240226268768,0.28166595101356506,0.1754305213689804
uniform,1,1,0.2713001072406769,0.06698070466518402,0.3131079375743866,0.2133127897977829
uniform,1,1,0.3130834996700287,0.08671019226312637,0.3117542862892151,0.2218037247657776
uniform,1,1,0.361301988363266,0.11141348630189896,0.3220478296279907,0.2392844259738922
uniform,1,1,0.4169467091560364,0.14188621938228607,0.3126763105392456,0.2597755789756775
uniform,1,1,0.4811613857746124,0.17884142696857452,0.3280182480812073,0.25078535079956055
uniform,1,1,0.5552658438682556,0.22282467782497406,0.3199021518230438,0.2779078185558319
uniform,1,1,0.6407832503318787,0.2741386294364929,0.3406135141849518,0.30381858348846436
uniform,1,1,0.7394713163375854,0.33279743790626526,0.34649333357810974,0.2956279516220093
uniform,1,1,0.8533585071563721,0.3985244333744049,0.3607216477394104,0.32100993394851685
uniform,1,1,0.9847856760025024,0.4707942008972168,0.348405122756958,0.32222190499305725
uniform,1,1,1.1364541053771973,0.5489058494567871,0.3388543725013733,0.33202773332595825
uniform,1,1,1.3114813566207886,0.6320682168006897,0.32116150856018066,0.31949761509895325
uniform,1,1,1.5134648084640503,0.7194765210151672,0.3405836522579193,0.3192724287509918
uniform,1,1,1.7465559244155884,0.8103709816932678,0.3152577579021454,0.31531772017478943
uniform,1,1,2.0155458450317383,0.9040728211402893,0.3211158812046051,0.3097188472747803
uniform,1,1,2.3259634971618652,1.0,0.30858638882637024,0.30824118852615356
uniform,1,2,0.031644415110349655,0.000999981421045959,2.569554090499878,0.28271588683128357
uniform,1,2,0.036518022418022156,0.0013310941867530346,1.9956437349319458,0.2735082805156708
uniform,1,2,0.04214222729206085,0.0017716207075864077,1.6574938297271729,0.25914469361305237
uniform,1,2,0.04863262176513672,0.0023574272636324167,1.3795092105865479,0.2312530130147934
uniform,1,2,0.056122612208127975,0.003136059734970331,1.0719572305679321,0.20335827767848969
uniform,1,2,0.06476614624261856,0.004170452244579792,0.811129093170166,0.19175036251544952
uniform,1,2,0.07474089413881302,0.005543392617255449,0.614500105381012,0.16609767079353333
uniform,1,2,0.08625186234712601,0.007363683078438044,0.4606516361236572,0.13575051724910736
uniform,1,2,0.09953565895557404,0.009773730300366879,0.32784098386764526,0.10572629421949387
uniform,1,2,0.11486529558897018,0.012958434410393238,0.2188347727060318,0.08638594299554825
uniform,1,2,0.13255588710308075,0.017156483605504036,0.15907028317451477,0.06368915736675262
uniform,1,2,0.1529710441827774,0.02267235703766346,0.16105714440345764,0.07318639010190964
uniform,1,2,0.17653034627437592,0.029889527708292007,0.15406779944896698,0.07925018668174744
uniform,1,2,0.20371808111667633,0.03928206115961075,0.18262945115566254,0.10692659765481949
uniform,1,2,0.23509304225444794,0.05142240226268768,0.2130066454410553,0.12968119978904724
uniform,1,2,0.2713001072406769,0.06698070466518402,0.22744889557361603,0.15096595883369446
uniform,1,2,0.3130834996700287,0.08671019226312637,0.24354690313339233,0.16305343806743622
uniform,1,2,0.361301988363266,0.11141348630189896,0.2600429058074951,0.19498786330223083
uniform,1,2,0.4169467091560364,0.14188621938228607,0.2702580988407135,0.21956343948841095
uniform,1,2,0.4811613857746124,0.17884142696857452,0.2750914394855499,0.2362678050994873
uniform,1,2,0.5552658438682556,0.22282467782497406,0.2805498540401459,0.24174125492572784
uniform,1,2,0.6407832503318787,0.2741386294364929,0.2927112281322479,0.2551737427711487
uniform,1,2,0.7394713163375854,0.33279743790626526,0.28575730323791504,0.2551395297050476
uniform,1,2,0.8533585071563721,0.3985244333744049,0.2730088531970978,0.24185006320476532
uniform,1,2,0.9847856760025024,0.4707942008972168,0.26009896397590637,0.2564680874347687
uniform,1,2,1.1364541053771973,0.5489058494567871,0.2548346519470215,0.24849657714366913
uniform,1,2,1.3114813566207886,0.6320682168006897,0.22311197221279144,0.2164221853017807
uniform,1,2,1.5134648084640503,0.7194765210151672,0.2168613225221634,0.2048414647579193
uniform,1,2,1.7465559244155884,0.8103709816932678,0.18373006582260132,0.17812028527259827
uniform,1,2,2.0155458450317383,0.9040728211402893,0.16630347073078156,0.1570778489112854
uniform,1,2,2.3259634971618652,1.0,0.13605743646621704,0.1279345154762268
uniform,1,3,0.031644415110349655,0.000999981421045959,2.5445313453674316,0.3006814420223236
uniform,1,3,0.036518022418022156,0.0013310941867530346,2.1058850288391113,0.2874336540699005
uniform,1,3,0.04214222729206085,0.0017716207075864077,1.776405930519104,0.29112231731414795
uniform,1,3,0.04863262176513672,0.0023574272636324167,1.6986310482025146,0.2891303598880768
uniform,1,3,0.056122612208127975,0.003136059734970331,1.2073832750320435,0.2657262682914734
uniform,1,3,0.06476614624261856,0.004170452244579792,1.1082770824432373,0.26265478134155273
uniform,1,3,0.07474089413881302,0.005543392617255449,0.9780718684196472,0.2578544616699219
uniform,1,3,0.08625186234712601,0.007363683078438044,0.9202308058738708,0.25873973965644836
uniform,1,3,0.09953565895557404,0.009773730300366879,0.8166418671607971,0.2676831781864166
uniform,1,3,0.11486529558897018,0.012958434410393238,0.7246830463409424,0.27986636757850647
uniform,1,3,0.13255588710308075,0.017156483605504036,0.6756589412689209,0.30065691471099854
uniform,1,3,0.1529710441827774,0.02267235703766346,0.6633277535438538,0.3117516040802002
uniform,1,3,0.17653034627437592,0.029889527708292007,0.6230776906013489,0.3331436514854431
uniform,1,3,0.20371808111667633,0.03928206115961075,0.6452562808990479,0.33944272994995117
uniform,1,3,0.23509304225444794,0.05142240226268768,0.5995663404464722,0.3604349195957184
uniform,1,3,0.2713001072406769,0.06698070466518402,0.5730554461479187,0.40987202525138855
uniform,1,3,0.3130834996700287,0.08671019226312637,0.5593688488006592,0.41666293144226074
uniform,1,3,0.361301988363266,0.11141348630189896,0.5530688166618347,0.4176831543445587
uniform,1,3,0.4169467091560364,0.14188621938228607,0.5381300449371338,0.44766220450401306
uniform,1,3,0.4811613857746124,0.17884142696857452,0.5410987138748169,0.4335656464099884
uniform,1,3,0.5552658438682556,0.22282467782497406,0.5406179428100586,0.4476211369037628
uniform,1,3,0.6407832503318787,0.2741386294364929,0.5104125142097473,0.47241705656051636
uniform,1,3,0.7394713163375854,0.33279743790626526,0.5324230790138245,0.49673911929130554
uniform,1,3,0.8533585071563721,0.3985244333744049,0.526052713394165,0.4949856996536255
uniform,1,3,0.9847856760025024,0.4707942008972168,0.5683684349060059,0.5340920686721802
uniform,1,3,1.1364541053771973,0.5489058494567871,0.5308890342712402,0.538744330406189
uniform,1,3,1.3114813566207886,0.6320682168006897,0.5524296164512634,0.5217413902282715
uniform,1,3,1.5134648084640503,0.7194765210151672,0.5179424285888672,0.5131816267967224
uniform,1,3,1.7465559244155884,0.8103709816932678,0.5124213695526123,0.5005198121070862
uniform,1,3,2.0155458450317383,0.9040728211402893,0.4843461811542511,0.4873596131801605
uniform,1,3,2.3259634971618652,1.0,0.46309059858322144,0.468791663646698
uniform,2,0,0.031644415110349655,0.000999981421045959,2.463369131088257,0.28538498282432556
uniform,2,0,0.036518022418022156,0.0013310941867530346,2.0226452350616455,0.2832471430301666
uniform,2,0,0.04214222729206085,0.0017716207075864077,1.6485998630523682,0.2526659071445465
uniform,2,0,0.04863262176513672,0.0023574272636324167,1.362646460533142,0.24280066788196564
uniform,2,0,0.056122612208127975,0.003136059734970331,1.0354177951812744,0.20931416749954224
uniform,2,0,0.06476614624261856,0.004170452244579792,0.782741367816925,0.19634386897087097
uniform,2,0,0.07474089413881302,0.005543392617255449,0.6044152975082397,0.15806610882282257
uniform,2,0,0.08625186234712601,0.007363683078438044,0.4346531927585602,0.13656491041183472
uniform,2,0,0.09953565895557404,0.009773730300366879,0.29175618290901184,0.09816233068704605
uniform,2,0,0.11486529558897018,0.012958434410393238,0.16848918795585632,0.07004497945308685
uniform,2,0,0.13255588710308075,0.017156483605504036,0.11899331957101822,0.05154705047607422
uniform,2,0,0.1529710441827774,0.02267235703766346,0.09259866178035736,0.04388102516531944
uniform,2,0,0.17653034627437592,0.029889527708292007,0.12148815393447876,0.057929664850234985
uniform,2,0,0.20371808111667633,0.03928206115961075,0.15911225974559784,0.09883157908916473
uniform,2,0,0.23509304225444794,0.05142240226268768,0.18209843337535858,0.11836061626672745
uniform,2,0,0.2713001072406769,0.06698070466518402,0.21564823389053345,0.1432027369737625
uniform,2,0,0.3130834996700287,0.08671019226312637,0.2315344661474228,0.15707848966121674
uniform,2,0,0.361301988363266,0.11141348630189896,0.2458319067955017,0.1879047155380249
uniform,2,0,0.4169467091560364,0.14188621938228607,0.25485169887542725,0.20517152547836304
uniform,2,0,0.4811613857746124,0.17884142696857452,0.27724140882492065,0.2300225794315338
uniform,2,0,0.5552658438682556,0.22282467782497406,0.2593974769115448,0.22392538189888
uniform,2,0,0.6407832503318787,0.2741386294364929,0.2659335732460022,0.2378060668706894
uniform,2,0,0.7394713163375854,0.33279743790626526,0.2626687288284302,0.2470746785402298
uniform,2,0,0.8533585071563721,0.3985244333744049,0.2684793174266815,0.23964418470859528
uniform,2,0,0.9847856760025024,0.4707942008972168,0.24297109246253967,0.21132557094097137
uniform,2,0,1.1364541053771973,0.5489058494567871,0.2264329493045807,0.20777525007724762
uniform,2,0,1.3114813566207886,0.6320682168006897,0.22048461437225342,0.2167234718799591
uniform,2,0,1.5134648084640503,0.7194765210151672,0.21008610725402832,0.2059815376996994
uniform,2,0,1.7465559244155884,0.8103709816932678,0.19624285399913788,0.19826872646808624
uniform,2,0,2.0155458450317383,0.9040728211402893,0.1790231615304947,0.17060503363609314
uniform,2,0,2.3259634971618652,1.0,0.1627122461795807,0.15358015894889832
uniform,2,1,0.031644415110349655,0.000999981421045959,2.3371665477752686,0.27840617299079895
uniform,2,1,0.036518022418022156,0.0013310941867530346,1.941721796989441,0.2457159012556076
uniform,2,1,0.04214222729206085,0.0017716207075864077,1.4799354076385498,0.24201087653636932
uniform,2,1,0.04863262176513672,0.0023574272636324167,1.231884241104126,0.20572063326835632
uniform,2,1,0.056122612208127975,0.003136059734970331,0.9530330896377563,0.19451996684074402
uniform,2,1,0.06476614624261856,0.004170452244579792,0.7089550495147705,0.16415350139141083
uniform,2,1,0.07474089413881302,0.005543392617255449,0.5360678434371948,0.14181064069271088
uniform,2,1,0.08625186234712601,0.007363683078438044,0.38129034638404846,0.11284268647432327
uniform,2,1,0.09953565895557404,0.009773730300366879,0.25006619095802307,0.08601894974708557
uniform,2,1,0.11486529558897018,0.012958434410393238,0.18645338714122772,0.07032637298107147
uniform,2,1,0.13255588710308075,0.017156483605504036,0.1360948234796524,0.05855248123407364
uniform,2,1,0.1529710441827774,0.02267235703766346,0.14230751991271973,0.07062088698148727
uniform,2,1,0.17653034627437592,0.029889527708292007,0.17338961362838745,0.0909259021282196
uniform,2,1,0.20371808111667633,0.03928206115961075,0.2102891057729721,0.11747833341360092
uniform,2,1,0.23509304225444794,0.05142240226268768,0.2338351607322693,0.14564000070095062
uniform,2,1,0.2713001072406769,0.06698070466518402,0.2575358748435974,0.17545290291309357
uniform,2,1,0.3130834996700287,0.08671019226312637,0.27042534947395325,0.19239945709705353
uniform,2,1,0.361301988363266,0.11141348630189896,0.2821997106075287,0.20967690646648407
uniform,2,1,0.4169467091560364,0.14188621938228607,0.2764831483364105,0.2297058254480362
uniform,2,1,0.4811613857746124,0.17884142696857452,0.2891416847705841,0.22106240689754486
uniform,2,1,0.5552658438682556,0.22282467782497406,0.28688108921051025,0.24922151863574982
uniform,2,1,0.6407832503318787,0.2741386294364929,0.30171999335289,0.2691265642642975
uniform,2,1,0.7394713163375854,0.33279743790626526,0.30266425013542175,0.2582330107688904
uniform,2,1,0.8533585071563721,0.3985244333744049,0.31407561898231506,0.2794991433620453
uniform,2,1,0.9847856760025024,0.4707942008972168,0.30554166436195374,0.2825797200202942
uniform,2,1,1.1364541053771973,0.5489058494567871,0.301495224237442,0.29542121291160583
uniform,2,1,1.3114813566207886,0.6320682168006897,0.28302454948425293,0.28155824542045593
uniform,2,1,1.5134648084640503,0.7194765210151672,0.2971641421318054,0.2785698175430298
uniform,2,1,1.7465559244155884,0.8103709816932678,0.2848023772239685,0.28485652804374695
uniform,2,1,2.0155458450317383,0.9040728211402893,0.28587907552719116,0.2757326662540436
uniform,2,1,2.3259634971618652,1.0,0.2832491397857666,0.2829322814941406
uniform,2,2,0.031644415110349655,0.000999981421045959,2.680701971054077,0.2949449419975281
uniform,2,2,0.036518022418022156,0.0013310941867530346,2.0982840061187744,0.2875753939151764
uniform,2,2,0.04214222729206085,0.0017716207075864077,1.7206624746322632,0.2690209746360779
uniform,2,2,0.04863262176513672,0.0023574272636324167,1.4508064985275269,0.24320487678050995
uniform,2,2,0.056122612208127975,0.003136059734970331,1.110743761062622,0.2107163816690445
uniform,2,2,0.06476614624261856,0.004170452244579792,0.8747049570083618,0.20677965879440308
uniform,2,2,0.07474089413881302,0.005543392617255449,0.654988706111908,0.17704160511493683
uniform,2,2,0.08625186234712601,0.007363683078438044,0.494161456823349,0.14562560617923737
uniform,2,2,0.09953565895557404,0.009773730300366879,0.36907753348350525,0.11902478337287903
uniform,2,2,0.11486529558897018,0.012958434410393238,0.23613223433494568,0.09321419894695282
uniform,2,2,0.13255588710308075,0.017156483605504036,0.172377347946167,0.06901708990335464
uniform,2,2,0.1529710441827774,0.02267235703766346,0.14713893830776215,0.06686178594827652
uniform,2,2,0.17653034627437592,0.029889527708292007,0.13902799785137177,0.07151394337415695
uniform,2,2,0.20371808111667633,0.03928206115961075,0.15791919827461243,0.09245913475751877
uniform,2,2,0.23509304225444794,0.05142240226268768,0.18643446266651154,0.11350371688604355
uniform,2,2,0.2713001072406769,0.06698070466518402,0.20525015890598297,0.13623188436031342
uniform,2,2,0.3130834996700287,0.08671019226312637,0.22104817628860474,0.1479906439781189
uniform,2,2,0.361301988363266,0.11141348630189896,0.24353967607021332,0.18261326849460602
uniform,2,2,0.4169467091560364,0.14188621938228607,0.2530904710292816,0.2056160867214203
uniform,2,2,0.4811613857746124,0.17884142696857452,0.25375622510910034,0.21794362366199493
uniform,2,2,0.5552658438682556,0.22282467782497406,0.2657865583896637,0.22902019321918488
uniform,2,2,0.6407832503318787,0.2741386294364929,0.27211448550224304,0.23721832036972046
uniform,2,2,0.7394713163375854,0.33279743790626526,0.2638455927371979,0.2355756014585495
uniform,2,2,0.8533585071563721,0.3985244333744049,0.24765491485595703,0.21938981115818024
uniform,2,2,0.9847856760025024,0.4707942008972168,0.2403630167245865,0.23700764775276184
uniform,2,2,1.1364541053771973,0.5489058494567871,0.23433135449886322,0.22850322723388672
uniform,2,2,1.3114813566207886,0.6320682168006897,0.20345410704612732,0.19735373556613922
uniform,2,2,1.5134648084640503,0.7194765210151672,0.19855444133281708,0.18754926323890686
uniform,2,2,1.7465559244155884,0.8103709816932678,0.17059503495693207,0.16538628935813904
uniform,2,2,2.0155458450317383,0.9040728211402893,0.15572360157966614,0.14708489179611206
uniform,2,2,2.3259634971618652,1.0,0.13032163679599762,0.1225411668419838
uniform,2,3,0.031644415110349655,0.000999981421045959,1.9814262390136719,0.23414058983325958
uniform,2,3,0.036518022418022156,0.0013310941867530346,1.5280417203903198,0.2085634469985962
uniform,2,3,0.04214222729206085,0.0017716207075864077,1.3296394348144531,0.2179049849510193
uniform,2,3,0.04863262176513672,0.0023574272636324167,1.1663877964019775,0.1985352337360382
uniform,2,3,0.056122612208127975,0.003136059734970331,0.762948215007782,0.1679130345582962
uniform,2,3,0.06476614624261856,0.004170452244579792,0.6447857618331909,0.1528102457523346
uniform,2,3,0.07474089413881302,0.005543392617255449,0.5400458574295044,0.14237526059150696
uniform,2,3,0.08625186234712601,0.007363683078438044,0.4735472500324249,0.1331464797258377
uniform,2,3,0.09953565895557404,0.009773730300366879,0.3847433030605316,0.1261131763458252
uniform,2,3,0.11486529558897018,0.012958434410393238,0.3501879572868347,0.1352395862340927
uniform,2,3,0.13255588710308075,0.017156483605504036,0.34421104192733765,0.15316814184188843
uniform,2,3,0.1529710441827774,0.02267235703766346,0.3497743606567383,0.16438740491867065
uniform,2,3,0.17653034627437592,0.029889527708292007,0.3528900146484375,0.1886812448501587
uniform,2,3,0.20371808111667633,0.03928206115961075,0.3653402030467987,0.19219042360782623
uniform,2,3,0.23509304225444794,0.05142240226268768,0.3669831454753876,0.22061534225940704
uniform,2,3,0.2713001072406769,0.06698070466518402,0.378648579120636,0.27082452178001404
uniform,2,3,0.3130834996700287,0.08671019226312637,0.37968501448631287,0.2828198969364166
uniform,2,3,0.361301988363266,0.11141348630189896,0.39146772027015686,0.29564037919044495
uniform,2,3,0.4169467091560364,0.14188621938228607,0.4096590280532837,0.3407891094684601
uniform,2,3,0.4811613857746124,0.17884142696857452,0.4416143596172333,0.35385188460350037
uniform,2,3,0.5552658438682556,0.22282467782497406,0.47300153970718384,0.39163607358932495
uniform,2,3,0.6407832503318787,0.2741386294364929,0.47045019268989563,0.43542954325675964
uniform,2,3,0.7394713163375854,0.33279743790626526,0.5129377841949463,0.4785597324371338
uniform,2,3,0.8533585071563721,0.3985244333744049,0.5203892588615417,0.4896567165851593
uniform,2,3,0.9847856760025024,0.4707942008972168,0.5678604245185852,0.5336146950721741
uniform,2,3,1.1364541053771973,0.5489058494567871,0.5323944091796875,0.540272057056427
uniform,2,3,1.3114813566207886,0.6320682168006897,0.5538708567619324,0.5231026411056519
uniform,2,3,1.5134648084640503,0.7194765210151672,0.5162708163261414,0.5115253329277039
uniform,2,3,1.7465559244155884,0.8103709816932678,0.5053200721740723,0.49358344078063965
uniform,2,3,2.0155458450317383,0.9040728211402893,0.46975061297416687,0.472673237323761
uniform,2,3,2.3259634971618652,1.0,0.44142764806747437,0.44686198234558105
mixture,0,0,0.031644415110349655,0.000999981421045959,1.9082350730895996,0.22107186913490295
mixture,0,0,0.036518022418022156,0.0013310941867530346,1.5460158586502075,0.21650093793869019
mixture,0,0,0.04214222729206085,0.0017716207075864077,1.2159799337387085,0.18636219203472137
mixture,0,0,0.04863262176513672,0.0023574272636324167,0.9593335390090942,0.17093709111213684
mixture,0,0,0.056122612208127975,0.003136059734970331,0.7100393772125244,0.1435375213623047
mixture,0,0,0.06476614624261856,0.004170452244579792,0.5069989562034607,0.12717628479003906
mixture,0,0,0.07474089413881302,0.005543392617255449,0.35408106446266174,0.09259893745183945
mixture,0,0,0.08625186234712601,0.007363683078438044,0.22854140400886536,0.07180605828762054
mixture,0,0,0.09953565895557404,0.009773730300366879,0.12731604278087616,0.04283589869737625
mixture,0,0,0.11486529558897018,0.012958434410393238,0.10137983411550522,0.04214601591229439
mixture,0,0,0.13255588710308075,0.017156483605504036,0.1353229284286499,0.05862092226743698
mixture,0,0,0.1529710441827774,0.02267235703766346,0.1864347606897354,0.08834845572710037
mixture,0,0,0.17653034627437592,0.029889527708292007,0.22441209852695465,0.10700728744268417
mixture,0,0,0.20371808111667633,0.03928206115961075,0.2544957995414734,0.15807846188545227
mixture,0,0,0.23509304225444794,0.05142240226268768,0.27494287490844727,0.1787077784538269
mixture,0,0,0.2713001072406769,0.06698070466518402,0.296230673789978,0.19671407341957092
mixture,0,0,0.3130834996700287,0.08671019226312637,0.2996416985988617,0.20328404009342194
mixture,0,0,0.361301988363266,0.11141348630189896,0.30001527070999146,0.2293204665184021
mixture,0,0,0.4169467091560364,0.14188621938228607,0.2924390733242035,0.23543168604373932
mixture,0,0,0.4811613857746124,0.17884142696857452,0.30588293075561523,0.2537859380245209
mixture,0,0,0.5552658438682556,0.22282467782497406,0.27787891030311584,0.2398795187473297
mixture,0,0,0.6407832503318787,0.2741386294364929,0.27599793672561646,0.24680592119693756
mixture,0,0,0.7394713163375854,0.33279743790626526,0.26907387375831604,0.2530995309352875
mixture,0,0,0.8533585071563721,0.3985244333744049,0.2670026421546936,0.23832610249519348
mixture,0,0,0.9847856760025024,0.4707942008972168,0.2377718687057495,0.20680350065231323
mixture,0,0,1.1364541053771973,0.5489058494567871,0.21863891184329987,0.20062342286109924
mixture,0,0,1.3114813566207886,0.6320682168006897,0.21289251744747162,0.20926089584827423
mixture,0,0,1.5134648084640503,0.7194765210151672,0.20346808433532715,0.19949282705783844
mixture,0,0,1.7465559244155884,0.8103709816932678,0.19099511206150055,0.19296681880950928
mixture,0,0,2.0155458450317383,0.9040728211402893,0.1793530434370041,0.17091940343379974
mixture,0,0,2.3259634971618652,1.0,0.16153736412525177,0.15247119963169098
mixture,0,1,0.031644415110349655,0.000999981421045959,1.8258013725280762,0.21749170124530792
mixture,0,1,0.036518022418022156,0.0013310941867530346,1.5143238306045532,0.19163064658641815
mixture,0,1,0.04214222729206085,0.0017716207075864077,1.1141431331634521,0.1821936070919037
mixture,0,1,0.04863262176513672,0.0023574272636324167,0.9158540964126587,0.1529446393251419
mixture,0,1,0.056122612208127975,0.003136059734970331,0.6771366000175476,0.13820777833461761
mixture,0,1,0.06476614624261856,0.004170452244579792,0.49073877930641174,0.11362706124782562
mixture,0,1,0.07474089413881302,0.005543392617255449,0.3344225287437439,0.08846768736839294
mixture,0,1,0.08625186234712601,0.007363683078438044,0.22017323970794678,0.06516015529632568
mixture,0,1,0.09953565895557404,0.009773730300366879,0.15745382010936737,0.054161712527275085
mixture,0,1,0.11486529558897018,0.012958434410393238,0.15638139843940735,0.058983832597732544
mixture,0,1,0.13255588710308075,0.017156483605504036,0.19165201485157013,0.08245501667261124
mixture,0,1,0.1529710441827774,0.02267235703766346,0.23660989105701447,0.11741895973682404
mixture,0,1,0.17653034627437592,0.029889527708292007,0.265489399433136,0.13922321796417236
mixture,0,1,0.20371808111667633,0.03928206115961075,0.2949571907520294,0.16477830708026886
mixture,0,1,0.23509304225444794,0.05142240226268768,0.31289175152778625,0.1948789656162262
mixture,0,1,0.2713001072406769,0.06698070466518402,0.31791192293167114,0.21658562123775482
mixture,0,1,0.3130834996700287,0.08671019226312637,0.3249228596687317,0.23117278516292572
mixture,0,1,0.361301988363266,0.11141348630189896,0.3231693506240845,0.24011771380901337
mixture,0,1,0.4169467091560364,0.14188621938228607,0.3056991994380951,0.2539788782596588
mixture,0,1,0.4811613857746124,0.17884142696857452,0.3140668272972107,0.2401188462972641
mixture,0,1,0.5552658438682556,0.22282467782497406,0.29464495182037354,0.2559661865234375
mixture,0,1,0.6407832503318787,0.2741386294364929,0.3103655278682709,0.27683815360069275
mixture,0,1,0.7394713163375854,0.33279743790626526,0.3091418445110321,0.26375967264175415
mixture,0,1,0.8533585071563721,0.3985244333744049,0.32254138588905334,0.28703293204307556
mixture,0,1,0.9847856760025024,0.4707942008972168,0.3141579031944275,0.2905484139919281
mixture,0,1,1.1364541053771973,0.5489058494567871,0.30359360575675964,0.2974773347377777
mixture,0,1,1.3114813566207886,0.6320682168006897,0.2845168709754944,0.2830428183078766
mixture,0,1,1.5134648084640503,0.7194765210151672,0.30183178186416626,0.2829453647136688
mixture,0,1,1.7465559244155884,0.8103709816932678,0.279699444770813,0.279752641916275
mixture,0,1,2.0155458450317383,0.9040728211402893,0.27238306403160095,0.2627156376838684
mixture,0,1,2.3259634971618652,1.0,0.26093772053718567,0.2606458365917206
mixture,0,2,0.031644415110349655,0.000999981421045959,2.0413224697113037,0.22459706664085388
mixture,0,2,0.036518022418022156,0.0013310941867530346,1.6232085227966309,0.22246505320072174
mixture,0,2,0.04214222729206085,0.0017716207075864077,1.2907137870788574,0.2017996609210968
mixture,0,2,0.04863262176513672,0.0023574272636324167,1.0392652750015259,0.17421647906303406
mixture,0,2,0.056122612208127975,0.003136059734970331,0.7778611779212952,0.1475660651922226
mixture,0,2,0.06476614624261856,0.004170452244579792,0.5542083978652954,0.13101449608802795
mixture,0,2,0.07474089413881302,0.005543392617255449,0.388090580701828,0.1048998013138771
mixture,0,2,0.08625186234712601,0.007363683078438044,0.2515193819999695,0.07412084192037582
mixture,0,2,0.09953565895557404,0.009773730300366879,0.1337767392396927,0.043142009526491165
mixture,0,2,0.11486529558897018,0.012958434410393238,0.07522816956043243,0.029696637764573097
mixture,0,2,0.13255588710308075,0.017156483605504036,0.09887784719467163,0.039589088410139084
mixture,0,2,0.1529710441827774,0.02267235703766346,0.15681511163711548,0.07125875353813171
mixture,0,2,0.17653034627437592,0.029889527708292007,0.19889189302921295,0.10230702906847
mixture,0,2,0.20371808111667633,0.03928206115961075,0.2312980592250824,0.1354212611913681
mixture,0,2,0.23509304225444794,0.05142240226268768,0.2599315941333771,0.15824972093105316
mixture,0,2,0.2713001072406769,0.06698070466518402,0.2728971838951111,0.18113163113594055
mixture,0,2,0.3130834996700287,0.08671019226312637,0.2820298373699188,0.18881756067276
mixture,0,2,0.361301988363266,0.11141348630189896,0.29467329382896423,0.2209547758102417
mixture,0,2,0.4169467091560364,0.14188621938228607,0.2885410785675049,0.2344169169664383
mixture,0,2,0.4811613857746124,0.17884142696857452,0.2805194854736328,0.24092978239059448
mixture,0,2,0.5552658438682556,0.22282467782497406,0.28243714570999146,0.24336747825145721
mixture,0,2,0.6407832503318787,0.2741386294364929,0.2854023575782776,0.24880217015743256
mixture,0,2,0.7394713163375854,0.33279743790626526,0.2705427408218384,0.24155515432357788
mixture,0,2,0.8533585071563721,0.3985244333744049,0.24688710272312164,0.21870963275432587
mixture,0,2,0.9847856760025024,0.4707942008972168,0.23041623830795288,0.2271997332572937
mixture,0,2,1.1364541053771973,0.5489058494567871,0.2228861302137375,0.21734265983104706
mixture,0,2,1.3114813566207886,0.6320682168006897,0.1927562654018402,0.18697667121887207
mixture,0,2,1.5134648084640503,0.7194765210151672,0.18662667274475098,0.176282599568367
mixture,0,2,1.7465559244155884,0.8103709816932678,0.159912109375,0.1550295501947403
mixture,0,2,2.0155458450317383,0.9040728211402893,0.14794465899467468,0.13973747193813324
mixture,0,2,2.3259634971618652,1.0,0.1282234638929367,0.12056824564933777
mixture,0,3,0.031644415110349655,0.000999981421045959,1.6071794033050537,0.1899167150259018
mixture,0,3,0.036518022418022156,0.0013310941867530346,1.2409477233886719,0.16937777400016785
mixture,0,3,0.04214222729206085,0.0017716207075864077,0.9799152612686157,0.1605912148952484
mixture,0,3,0.04863262176513672,0.0023574272636324167,0.8029115796089172,0.13666659593582153
mixture,0,3,0.056122612208127975,0.003136059734970331,0.5519110560417175,0.12146702408790588
mixture,0,3,0.06476614624261856,0.004170452244579792,0.4159006178379059,0.09856587648391724
mixture,0,3,0.07474089413881302,0.005543392617255449,0.33062705397605896,0.08716502785682678
mixture,0,3,0.08625186234712601,0.007363683078438044,0.29776203632354736,0.08372125029563904
mixture,0,3,0.09953565895557404,0.009773730300366879,0.28567609190940857,0.09364040940999985
mixture,0,3,0.11486529558897018,0.012958434410393238,0.29832738637924194,0.11521147936582565
mixture,0,3,0.13255588710308075,0.017156483605504036,0.3175865113735199,0.14132066071033478
mixture,0,3,0.1529710441827774,0.02267235703766346,0.3649226129055023,0.17150679230690002
mixture,0,3,0.17653034627437592,0.029889527708292007,0.36387109756469727,0.19455254077911377
mixture,0,3,0.20371808111667633,0.03928206115961075,0.4237975478172302,0.22294242680072784
mixture,0,3,0.23509304225444794,0.05142240226268768,0.42640453577041626,0.25633707642555237
mixture,0,3,0.2713001072406769,0.06698070466518402,0.4229266345500946,0.3024939298629761
mixture,0,3,0.3130834996700287,0.08671019226312637,0.4305621385574341,0.3207172751426697
mixture,0,3,0.361301988363266,0.11141348630189896,0.45186707377433777,0.3412545621395111
mixture,0,3,0.4169467091560364,0.14188621938228607,0.4639415442943573,0.3859459161758423
mixture,0,3,0.4811613857746124,0.17884142696857452,0.494026243686676,0.3958479166030884
mixture,0,3,0.5552658438682556,0.22282467782497406,0.510999321937561,0.42309749126434326
mixture,0,3,0.6407832503318787,0.2741386294364929,0.49535417556762695,0.458479642868042
mixture,0,3,0.7394713163375854,0.33279743790626526,0.5296816229820251,0.49418139457702637
mixture,0,3,0.8533585071563721,0.3985244333744049,0.5309198498725891,0.4995654821395874
mixture,0,3,0.9847856760025024,0.4707942008972168,0.5725105404853821,0.5379843711853027
mixture,0,3,1.1364541053771973,0.5489058494567871,0.5288470983505249,0.5366722345352173
mixture,0,3,1.3114813566207886,0.6320682168006897,0.5448976159095764,0.5146278142929077
mixture,0,3,1.5134648084640503,0.7194765210151672,0.5073779225349426,0.502714216709137
mixture,0,3,1.7465559244155884,0.8103709816932678,0.49534863233566284,0.4838436245918274
mixture,0,3,2.0155458450317383,0.9040728211402893,0.463934987783432,0.46682143211364746
mixture,0,3,2.3259634971618652,1.0,0.44228264689445496,0.4477275609970093
mixture,1,0,0.031644415110349655,0.000999981421045959,2.0740699768066406,0.24028408527374268
mixture,1,0,0.036518022418022156,0.0013310941867530346,1.6645560264587402,0.23310106992721558
mixture,1,0,0.04214222729206085,0.0017716207075864077,1.3326587677001953,0.204244464635849
mixture,1,0,0.04863262176513672,0.0023574272636324167,1.067050814628601,0.19013048708438873
mixture,1,0,0.056122612208127975,0.003136059734970331,0.8179144859313965,0.1653449386358261
mixture,1,0,0.06476614624261856,0.004170452244579792,0.5791001915931702,0.14526227116584778
mixture,1,0,0.07474089413881302,0.005543392617255449,0.4341120421886444,0.11352856457233429
mixture,1,0,0.08625186234712601,0.007363683078438044,0.2828930616378784,0.08888296782970428
mixture,1,0,0.09953565895557404,0.009773730300366879,0.1886025071144104,0.06345593184232712
mixture,1,0,0.11486529558897018,0.012958434410393238,0.12246224284172058,0.050910480320453644
mixture,1,0,0.13255588710308075,0.017156483605504036,0.1371399164199829,0.059408027678728104
mixture,1,0,0.1529710441827774,0.02267235703766346,0.17903953790664673,0.08484397828578949
mixture,1,0,0.17653034627437592,0.029889527708292007,0.20402346551418304,0.09728528559207916
mixture,1,0,0.20371808111667633,0.03928206115961075,0.24975566565990448,0.1551341563463211
mixture,1,0,0.23509304225444794,0.05142240226268768,0.2733043432235718,0.17764276266098022
mixture,1,0,0.2713001072406769,0.06698070466518402,0.3014715015888214,0.20019428431987762
mixture,1,0,0.3130834996700287,0.08671019226312637,0.3012174367904663,0.20435304939746857
mixture,1,0,0.361301988363266,0.11141348630189896,0.3073141872882843,0.23489947617053986
mixture,1,0,0.4169467091560364,0.14188621938228607,0.309732049703598,0.24935361742973328
mixture,1,0,0.4811613857746124,0.17884142696857452,0.3264843225479126,0.2708786129951477
mixture,1,0,0.5552658438682556,0.22282467782497406,0.2979610860347748,0.2572154700756073
mixture,1,0,0.6407832503318787,0.2741386294364929,0.30044931173324585,0.2686711549758911
mixture,1,0,0.7394713163375854,0.33279743790626526,0.2919723391532898,0.2746385931968689
mixture,1,0,0.8533585071563721,0.3985244333744049,0.2986193597316742,0.2665471136569977
mixture,1,0,0.9847856760025024,0.4707942008972168,0.2649945914745331,0.2304806411266327
mixture,1,0,1.1364541053771973,0.5489058494567871,0.25238046050071716,0.23158474266529083
mixture,1,0,1.3114813566207886,0.6320682168006897,0.24322979152202606,0.23908065259456635
mixture,1,0,1.5134648084640503,0.7194765210151672,0.23499520123004913,0.23040395975112915
mixture,1,0,1.7465559244155884,0.8103709816932678,0.22219371795654297,0.22448748350143433
mixture,1,0,2.0155458450317383,0.9040728211402893,0.19981957972049713,0.19042356312274933
mixture,1,0,2.3259634971618652,1.0,0.19324278831481934,0.18239720165729523
mixture,1,1,0.031644415110349655,0.000999981421045959,1.9001011848449707,0.22634240984916687
mixture,1,1,0.036518022418022156,0.0013310941867530346,1.5807234048843384,0.20003321766853333
mixture,1,1,0.04214222729206085,0.0017716207075864077,1.1601204872131348,0.18971218168735504
mixture,1,1,0.04863262176513672,0.0023574272636324167,0.9678608179092407,0.1616295874118805
mixture,1,1,0.056122612208127975,0.003136059734970331,0.7123551964759827,0.14539611339569092
mixture,1,1,0.06476614624261856,0.004170452244579792,0.5260846018791199,0.121811144053936
mixture,1,1,0.07474089413881302,0.005543392617255449,0.3703828454017639,0.0979805737733841
mixture,1,1,0.08625186234712601,0.007363683078438044,0.261871337890625,0.07750068604946136
mixture,1,1,0.09953565895557404,0.009773730300366879,0.1825891137123108,0.06280787289142609
mixture,1,1,0.11486529558897018,0.012958434410393238,0.17090000212192535,0.06445994973182678
mixture,1,1,0.13255588710308075,0.017156483605504036,0.2001948058605194,0.08613041043281555
mixture,1,1,0.1529710441827774,0.02267235703766346,0.24135050177574158,0.11977151036262512
mixture,1,1,0.17653034627437592,0.029889527708292007,0.27259817719459534,0.1429510861635208
mixture,1,1,0.20371808111667633,0.03928206115961075,0.2995545268058777,0.16734659671783447
mixture,1,1,0.23509304225444794,0.05142240226268768,0.31873953342437744,0.19852115213871002
mixture,1,1,0.2713001072406769,0.06698070466518402,0.3337673246860504,0.22738751769065857
mixture,1,1,0.3130834996700287,0.08671019226312637,0.343350887298584,0.2442837804555893
mixture,1,1,0.361301988363266,0.11141348630189896,0.34710457921028137,0.25790178775787354
mixture,1,1,0.4169467091560364,0.14188621938228607,0.33955106139183044,0.2821034789085388
mixture,1,1,0.4811613857746124,0.17884142696857452,0.3432687222957611,0.2624450623989105
mixture,1,1,0.5552658438682556,0.22282467782497406,0.332972913980484,0.2892627418041229
mixture,1,1,0.6407832503318787,0.2741386294364929,0.347728967666626,0.3101653754711151
mixture,1,1,0.7394713163375854,0.33279743790626526,0.3435429632663727,0.2931106984615326
mixture,1,1,0.8533585071563721,0.3985244333744049,0.3491639494895935,0.3107246160507202
mixture,1,1,0.9847856760025024,0.4707942008972168,0.3337557911872864,0.3086735010147095
mixture,1,1,1.1364541053771973,0.5489058494567871,0.3288804292678833,0.3222546875476837
mixture,1,1,1.3114813566207886,0.6320682168006897,0.30909407138824463,0.3074927031993866
mixture,1,1,1.5134648084640503,0.7194765210151672,0.3323923945426941,0.3115937411785126
mixture,1,1,1.7465559244155884,0.8103709816932678,0.3136587142944336,0.31371837854385376
mixture,1,1,2.0155458450317383,0.9040728211402893,0.31462347507476807,0.3034568727016449
mixture,1,1,2.3259634971618652,1.0,0.3094956576824188,0.3091494143009186
mixture,1,2,0.031644415110349655,0.000999981421045959,2.2148540019989014,0.2436899095773697
mixture,1,2,0.036518022418022156,0.0013310941867530346,1.733266830444336,0.237548828125
mixture,1,2,0.04214222729206085,0.0017716207075864077,1.4156150817871094,0.22132761776447296
mixture,1,2,0.04863262176513672,0.0023574272636324167,1.1591575145721436,0.19431452453136444
mixture,1,2,0.056122612208127975,0.003136059734970331,0.8770864605903625,0.1663898527622223
mixture,1,2,0.06476614624261856,0.004170452244579792,0.6605966687202454,0.15616461634635925
mixture,1,2,0.07474089413881302,0.005543392617255449,0.46691927313804626,0.12620697915554047
mixture,1,2,0.08625186234712601,0.007363683078438044,0.3377424478530884,0.09953011572360992
mixture,1,2,0.09953565895557404,0.009773730300366879,0.23249459266662598,0.07497779279947281
mixture,1,2,0.11486529558897018,0.012958434410393238,0.163242906332016,0.06444082409143448
mixture,1,2,0.13255588710308075,0.017156483605504036,0.14389972388744354,0.057615116238594055
mixture,1,2,0.1529710441827774,0.02267235703766346,0.19241678714752197,0.08743660151958466
mixture,1,2,0.17653034627437592,0.029889527708292007,0.19607320427894592,0.10085713863372803
mixture,1,2,0.20371808111667633,0.03928206115961075,0.23131012916564941,0.135428324341774
mixture,1,2,0.23509304225444794,0.05142240226268768,0.26095664501190186,0.1588737666606903
mixture,1,2,0.2713001072406769,0.06698070466518402,0.27413710951805115,0.18195463716983795
mixture,1,2,0.3130834996700287,0.08671019226312637,0.28214147686958313,0.18889230489730835
mixture,1,2,0.361301988363266,0.11141348630189896,0.3001881241798401,0.2250899374485016
mixture,1,2,0.4169467091560364,0.14188621938228607,0.3016590476036072,0.24507425725460052
mixture,1,2,0.4811613857746124,0.17884142696857452,0.29431164264678955,0.2527754604816437
mixture,1,2,0.5552658438682556,0.22282467782497406,0.2931819260120392,0.2526259124279022
mixture,1,2,0.6407832503318787,0.2741386294364929,0.29310154914855957,0.255513995885849
mixture,1,2,0.7394713163375854,0.33279743790626526,0.2805663049221039,0.2505047619342804
mixture,1,2,0.8533585071563721,0.3985244333744049,0.259440541267395,0.22983033955097198
mixture,1,2,0.9847856760025024,0.4707942008972168,0.2533561587333679,0.24981942772865295
mixture,1,2,1.1364541053771973,0.5489058494567871,0.24314729869365692,0.23709990084171295
mixture,1,2,1.3114813566207886,0.6320682168006897,0.20997121930122375,0.20367544889450073
mixture,1,2,1.5134648084640503,0.7194765210151672,0.20035086572170258,0.18924611806869507
mixture,1,2,1.7465559244155884,0.8103709816932678,0.17256489396095276,0.16729602217674255
mixture,1,2,2.0155458450317383,0.9040728211402893,0.15045981109142303,0.1421131044626236
mixture,1,2,2.3259634971618652,1.0,0.13931488990783691,0.13099749386310577
mixture,1,3,0.031644415110349655,0.000999981421045959,1.664744257926941,0.1967190057039261
mixture,1,3,0.036518022418022156,0.0013310941867530346,1.3232269287109375,0.1806081235408783
mixture,1,3,0.04214222729206085,0.0017716207075864077,1.1158984899520874,0.18287654221057892
mixture,1,3,0.04863262176513672,0.0023574272636324167,1.0314018726348877,0.17555879056453705
mixture,1,3,0.056122612208127975,0.003136059734970331,0.6973888874053955,0.15348444879055023
mixture,1,3,0.06476614624261856,0.004170452244579792,0.6323986053466797,0.14987455308437347
mixture,1,3,0.07474089413881302,0.005543392617255449,0.564470648765564,0.14881449937820435
mixture,1,3,0.08625186234712601,0.007363683078438044,0.5414437055587769,0.15223681926727295
mixture,1,3,0.09953565895557404,0.009773730300366879,0.5128811001777649,0.16811485588550568
mixture,1,3,0.11486529558897018,0.012958434410393238,0.48980507254600525,0.18915851414203644
mixture,1,3,0.13255588710308075,0.017156483605504036,0.5055800080299377,0.2249746024608612
mixture,1,3,0.1529710441827774,0.02267235703766346,0.5190346837043762,0.24393656849861145
mixture,1,3,0.17653034627437592,0.029889527708292007,0.5077753663063049,0.27149444818496704
mixture,1,3,0.20371808111667633,0.03928206115961075,0.534771203994751,0.28132107853889465
mixture,1,3,0.23509304225444794,0.05142240226268768,0.519241452217102,0.3121468424797058
mixture,1,3,0.2713001072406769,0.06698070466518402,0.513340950012207,0.3671618402004242
mixture,1,3,0.3130834996700287,0.08671019226312637,0.5048094987869263,0.37602266669273376
mixture,1,3,0.361301988363266,0.11141348630189896,0.501968264579773,0.3790915012359619
mixture,1,3,0.4169467091560364,0.14188621938228607,0.4956049919128418,0.41228625178337097
mixture,1,3,0.4811613857746124,0.17884142696857452,0.505282461643219,0.40486717224121094
mixture,1,3,0.5552658438682556,0.22282467782497406,0.5029428601264954,0.4164268970489502
mixture,1,3,0.6407832503318787,0.2741386294364929,0.4762771427631378,0.4408227503299713
mixture,1,3,0.7394713163375854,0.33279743790626526,0.491103857755661,0.4581892192363739
mixture,1,3,0.8533585071563721,0.3985244333744049,0.48526638746261597,0.4566080570220947
mixture,1,3,0.9847856760025024,0.4707942008972168,0.5277431011199951,0.4959166944026947
mixture,1,3,1.1364541053771973,0.5489058494567871,0.49409541487693787,0.5014063119888306
mixture,1,3,1.3114813566207886,0.6320682168006897,0.5182273983955383,0.4894392192363739
mixture,1,3,1.5134648084640503,0.7194765210151672,0.49585074186325073,0.4912929832935333
mixture,1,3,1.7465559244155884,0.8103709816932678,0.5053839087486267,0.4936458170413971
mixture,1,3,2.0155458450317383,0.9040728211402893,0.4890936613082886,0.4921366274356842
mixture,1,3,2.3259634971618652,1.0,0.47475743293762207,0.4806021451950073
mixture,2,0,0.031644415110349655,0.000999981421045959,1.7151836156845093,0.19870656728744507
mixture,2,0,0.036518022418022156,0.0013310941867530346,1.3696473836898804,0.19180265069007874
mixture,2,0,0.04214222729206085,0.0017716207075864077,1.0644675493240356,0.16314125061035156
mixture,2,0,0.04863262176513672,0.0023574272636324167,0.8458137512207031,0.15070977807044983
mixture,2,0,0.056122612208127975,0.003136059734970331,0.611835777759552,0.12368524819612503
mixture,2,0,0.06476614624261856,0.004170452244579792,0.41088560223579407,0.10306708514690399
mixture,2,0,0.07474089413881302,0.005543392617255449,0.28291985392570496,0.07398892194032669
mixture,2,0,0.08625186234712601,0.007363683078438044,0.17063146829605103,0.05361117795109749
mixture,2,0,0.09953565895557404,0.009773730300366879,0.10955540090799332,0.03686027228832245
mixture,2,0,0.11486529558897018,0.012958434410393238,0.13001702725887299,0.05405117943882942
mixture,2,0,0.13255588710308075,0.017156483605504036,0.1740977019071579,0.07541787624359131
mixture,2,0,0.1529710441827774,0.02267235703766346,0.22203724086284637,0.10521990060806274
mixture,2,0,0.17653034627437592,0.029889527708292007,0.2553666830062866,0.12176746875047684
mixture,2,0,0.20371808111667633,0.03928206115961075,0.2785866856575012,0.17304237186908722
mixture,2,0,0.23509304225444794,0.05142240226268768,0.2924843728542328,0.19010941684246063
mixture,2,0,0.2713001072406769,0.06698070466518402,0.3061901032924652,0.2033277004957199
mixture,2,0,0.3130834996700287,0.08671019226312637,0.2982589602470398,0.20234595239162445
mixture,2,0,0.361301988363266,0.11141348630189896,0.29010987281799316,0.22174912691116333
mixture,2,0,0.4169467091560364,0.14188621938228607,0.2767540216445923,0.2228042334318161
mixture,2,0,0.4811613857746124,0.17884142696857452,0.2845239043235779,0.23606474697589874
mixture,2,0,0.5552658438682556,0.22282467782497406,0.257129043340683,0.2219671607017517
mixture,2,0,0.6407832503318787,0.2741386294364929,0.2647777199745178,0.23677247762680054
mixture,2,0,0.7394713163375854,0.33279743790626526,0.2637094557285309,0.24805359542369843
mixture,2,0,0.8533585071563721,0.3985244333744049,0.27789703011512756,0.24805040657520294
mixture,2,0,0.9847856760025024,0.4707942008972168,0.25295671820640564,0.22001062333583832
mixture,2,0,1.1364541053771973,0.5489058494567871,0.23395149409770966,0.21467429399490356
mixture,2,0,1.3114813566207886,0.6320682168006897,0.22028571367263794,0.21652796864509583
mixture,2,0,1.5134648084640503,0.7194765210151672,0.20118261873722076,0.19725200533866882
mixture,2,0,1.7465559244155884,0.8103709816932678,0.18022775650024414,0.18208830058574677
mixture,2,0,2.0155458450317383,0.9040728211402893,0.15684360265731812,0.14946842193603516
mixture,2,0,2.3259634971618652,1.0,0.13793811202049255,0.1301964372396469
mixture,2,1,0.031644415110349655,0.000999981421045959,1.720535159111023,0.20495226979255676
mixture,2,1,0.036518022418022156,0.0013310941867530346,1.4127846956253052,0.17878134548664093
mixture,2,1,0.04214222729206085,0.0017716207075864077,1.035773515701294,0.16937796771526337
mixture,2,1,0.04863262176513672,0.0023574272636324167,0.841063380241394,0.14045482873916626
mixture,2,1,0.056122612208127975,0.003136059734970331,0.6189556121826172,0.12633268535137177
mixture,2,1,0.06476614624261856,0.004170452244579792,0.4364129602909088,0.1010483130812645
mixture,2,1,0.07474089413881302,0.005543392617255449,0.2966814637184143,0.0784837007522583
mixture,2,1,0.08625186234712601,0.007363683078438044,0.1908961981534958,0.056495629251003265
mixture,2,1,0.09953565895557404,0.009773730300366879,0.13808897137641907,0.047500502318143845
mixture,2,1,0.11486529558897018,0.012958434410393238,0.15387417376041412,0.05803816020488739
mixture,2,1,0.13255588710308075,0.017156483605504036,0.1968245804309845,0.08468042314052582
mixture,2,1,0.1529710441827774,0.02267235703766346,0.2409532368183136,0.11957436800003052
mixture,2,1,0.17653034627437592,0.029889527708292007,0.26971763372421265,0.1414405107498169
mixture,2,1,0.20371808111667633,0.03928206115961075,0.29367196559906006,0.1640603095293045
mixture,2,1,0.23509304225444794,0.05142240226268768,0.30571991205215454,0.19041210412979126
mixture,2,1,0.2713001072406769,0.06698070466518402,0.3097161054611206,0.21100202202796936
mixture,2,1,0.3130834996700287,0.08671019226312637,0.3073481023311615,0.2186688929796219
mixture,2,1,0.361301988363266,0.11141348630189896,0.29966944456100464,0.22265708446502686
mixture,2,1,0.4169467091560364,0.14188621938228607,0.28211528062820435,0.23438507318496704
mixture,2,1,0.4811613857746124,0.17884142696857452,0.289960116147995,0.22168812155723572
mixture,2,1,0.5552658438682556,0.22282467782497406,0.28287285566329956,0.24573947489261627
mixture,2,1,0.6407832503318787,0.2741386294364929,0.30532658100128174,0.27234354615211487
mixture,2,1,0.7394713163375854,0.33279743790626526,0.3145868480205536,0.26840531826019287
mixture,2,1,0.8533585071563721,0.3985244333744049,0.33190545439720154,0.295366108417511
mixture,2,1,0.9847856760025024,0.4707942008972168,0.3225919306278229,0.29834863543510437
mixture,2,1,1.1364541053771973,0.5489058494567871,0.3144196569919586,0.30808526277542114
mixture,2,1,1.3114813566207886,0.6320682168006897,0.2957770824432373,0.2942447066307068
mixture,2,1,1.5134648084640503,0.7194765210151672,0.2965661287307739,0.27800923585891724
mixture,2,1,1.7465559244155884,0.8103709816932678,0.2653598487377167,0.26541030406951904
mixture,2,1,2.0155458450317383,0.9040728211402893,0.2557331621646881,0.24665668606758118
mixture,2,1,2.3259634971618652,1.0,0.23749281466007233,0.23722714185714722
mixture,2,2,0.031644415110349655,0.000999981421045959,1.7935400009155273,0.19733472168445587
mixture,2,2,0.036518022418022156,0.0013310941867530346,1.406251311302185,0.19273048639297485
mixture,2,2,0.04214222729206085,0.0017716207075864077,1.1098040342330933,0.17351488769054413
mixture,2,2,0.04863262176513672,0.0023574272636324167,0.8830811381340027,0.14803464710712433
mixture,2,2,0.056122612208127975,0.003136059734970331,0.6494800448417664,0.12321121990680695
mixture,2,2,0.06476614624261856,0.004170452244579792,0.4415780007839203,0.10438874363899231
mixture,2,2,0.07474089413881302,0.005543392617255449,0.29511216282844543,0.07976798713207245
mixture,2,2,0.08625186234712601,0.007363683078438044,0.18689313530921936,0.055075980722904205
mixture,2,2,0.09953565895557404,0.009773730300366879,0.11459445208311081,0.03695586323738098
mixture,2,2,0.11486529558897018,0.012958434410393238,0.12268844246864319,0.04843178018927574
mixture,2,2,0.13255588710308075,0.017156483605504036,0.1687917560338974,0.06758148223161697
mixture,2,2,0.1529710441827774,0.02267235703766346,0.2162877470254898,0.09828386455774307
mixture,2,2,0.17653034627437592,0.029889527708292007,0.25284484028816223,0.1300596296787262
mixture,2,2,0.20371808111667633,0.03928206115961075,0.2772703468799591,0.1623373031616211
mixture,2,2,0.23509304225444794,0.05142240226268768,0.2938321530818939,0.17888882756233215
mixture,2,2,0.2713001072406769,0.06698070466518402,0.296232134103775,0.19661986827850342
mixture,2,2,0.3130834996700287,0.08671019226312637,0.2957620918750763,0.19801121950149536
mixture,2,2,0.361301988363266,0.11141348630189896,0.29673460125923157,0.22250041365623474
mixture,2,2,0.4169467091560364,0.14188621938228607,0.2820691764354706,0.22915901243686676
mixture,2,2,0.4811613857746124,0.17884142696857452,0.26977601647377014,0.2317025363445282
mixture,2,2,0.5552658438682556,0.22282467782497406,0.27119308710098267,0.23367881774902344
mixture,2,2,0.6407832503318787,0.2741386294364929,0.27612385153770447,0.24071352183818817
mixture,2,2,0.7394713163375854,0.33279743790626526,0.2670014798641205,0.23839332163333893
mixture,2,2,0.8533585071563721,0.3985244333744049,0.25016191601753235,0.22161069512367249
mixture,2,2,0.9847856760025024,0.4707942008972168,0.24224866926670074,0.23886696994304657
mixture,2,2,1.1364541053771973,0.5489058494567871,0.23625189065933228,0.2303760051727295
mixture,2,2,1.3114813566207886,0.6320682168006897,0.2053200900554657,0.1991637647151947
mixture,2,2,1.5134648084640503,0.7194765210151672,0.20035181939601898,0.1892470121383667
mixture,2,2,1.7465559244155884,0.8103709816932678,0.16774117946624756,0.16261957585811615
mixture,2,2,2.0155458450317383,0.9040728211402893,0.1475677192211151,0.13938145339488983
mixture,2,2,2.3259634971618652,1.0,0.11994004994630814,0.11277937144041061
mixture,2,3,0.031644415110349655,0.000999981421045959,1.3628389835357666,0.16104355454444885
mixture,2,3,0.036518022418022156,0.0013310941867530346,1.0230885744094849,0.13964204490184784
mixture,2,3,0.04214222729206085,0.0017716207075864077,0.8262577652931213,0.135409414768219
mixture,2,3,0.04863262176513672,0.0023574272636324167,0.6729942560195923,0.11455288529396057
mixture,2,3,0.056122612208127975,0.003136059734970331,0.4060576558113098,0.08936697244644165
mixture,2,3,0.06476614624261856,0.004170452244579792,0.2942599058151245,0.06973777711391449
mixture,2,3,0.07474089413881302,0.005543392617255449,0.22791552543640137,0.06008662283420563
mixture,2,3,0.08625186234712601,0.007363683078438044,0.2208627313375473,0.062099605798721313
mixture,2,3,0.09953565895557404,0.009773730300366879,0.23253294825553894,0.07622087001800537
mixture,2,3,0.11486529558897018,0.012958434410393238,0.268954336643219,0.10386786609888077
mixture,2,3,0.13255588710308075,0.017156483605504036,0.3263509273529053,0.14522068202495575
mixture,2,3,0.1529710441827774,0.02267235703766346,0.36526209115982056,0.17166633903980255
mixture,2,3,0.17653034627437592,0.029889527708292007,0.38364240527153015,0.20512375235557556
mixture,2,3,0.20371808111667633,0.03928206115961075,0.40750157833099365,0.2143697589635849
mixture,2,3,0.23509304225444794,0.05142240226268768,0.42526012659072876,0.2556490898132324
mixture,2,3,0.2713001072406769,0.06698070466518402,0.4311136305332184,0.3083495795726776
mixture,2,3,0.3130834996700287,0.08671019226312637,0.4268209636211395,0.31793057918548584
mixture,2,3,0.361301988363266,0.11141348630189896,0.43582767248153687,0.3291414976119995
mixture,2,3,0.4169467091560364,0.14188621938228607,0.4435120224952698,0.36895087361335754
mixture,2,3,0.4811613857746124,0.17884142696857452,0.46655192971229553,0.3738335967063904
mixture,2,3,0.5552658438682556,0.22282467782497406,0.4811863899230957,0.3984130024909973
mixture,2,3,0.6407832503318787,0.2741386294364929,0.4707355201244354,0.435693621635437
mixture,2,3,0.7394713163375854,0.33279743790626526,0.5074996948242188,0.47348615527153015
mixture,2,3,0.8533585071563721,0.3985244333744049,0.5107064247131348,0.4805457293987274
mixture,2,3,0.9847856760025024,0.4707942008972168,0.5584341883659363,0.524756908416748
mixture,2,3,1.1364541053771973,0.5489058494567871,0.5227066278457642,0.5304409265518188
mixture,2,3,1.3114813566207886,0.6320682168006897,0.5386161208152771,0.5086953043937683
mixture,2,3,1.5134648084640503,0.7194765210151672,0.5018436908721924,0.4972308874130249
mixture,2,3,1.7465559244155884,0.8103709816932678,0.49341532588005066,0.4819552004337311
mixture,2,3,2.0155458450317383,0.9040728211402893,0.4609377086162567,0.46380549669265747
mixture,2,3,2.3259634971618652,1.0,0.4350069463253021,0.44036227464675903
