n_observations,model,configuration,metric,mean,std,median,q05,q25,q75,q95,count
2,Fully Local,all_global,global_error,0.0702021998167038,0.0497695139493931,0.05989767611026764,0.0037424378097057343,0.03482639789581299,0.1027967780828476,0.17002639174461365,100
2,Fully Local,all_global,global_analytic_error,0.010620140843093396,0.010664347533481054,0.0067276060581207275,0.0005267314612865448,0.0033280476927757263,0.014461033046245575,0.034986405074596404,100
2,Fully Local,all_global,local_rmse,0.6302482787705957,0.41321728633281213,0.6170478463172913,0.07382521405816078,0.35583050549030304,0.8319098055362701,1.3029952645301817,100
2,Fully Local,all_global,local_analytic_rmse,0.6092145345825702,0.41807192721846587,0.6051790416240692,0.05266701970249415,0.31229210644960403,0.8217621296644211,1.307506477832794,100
2,Fully Local,all_global,sharing_range,0.0,0.0,0.0,0.0,0.0,0.0,0.0,100
2,Fully Local,all_global,sharing_std,0.0,0.0,0.0,0.0,0.0,0.0,0.0,100
2,Fully Local,all_global,local_estimate_std,0.0,0.0,0.0,0.0,0.0,0.0,0.0,100
2,Fully Local,all_global,log_likelihood,-6.02227573633194,4.433067028725973,-6.436407804489136,-12.906543827056884,-8.868223428726196,-2.3422542214393616,0.8853360295295715,100
2,Fully Local,all_global,effective_k,2.0,0.0,2.0,2.0,2.0,2.0,2.0,100
2,Fully Local,all_global,aic,16.04455147266388,8.866134057451946,16.87281560897827,2.229327940940857,8.684508442878723,21.736446857452393,29.81308765411377,100
2,Fully Local,all_global,bic,13.430845833783765,8.866134057451946,14.259109970098162,-0.38437769793925247,6.070802803998614,19.122741218572283,27.19938201523366,100
2,Fully Local,all_global,aic_weight,0.4895488037166506,0.10848422855991165,0.4720954346984358,0.3430373648650272,0.4061669987862633,0.5533354945828726,0.6761719730060136,100
2,Fully Local,all_global,bic_weight,0.4895488037166506,0.10848422855991165,0.4720954346984358,0.3430373648650272,0.4061669987862633,0.5533354945828726,0.6761719730060136,100
2,Fully Local,all_global,no_penalty_weight,0.4895488037166506,0.10848422855991165,0.4720954346984358,0.3430373648650272,0.4061669987862633,0.5533354945828726,0.6761719730060136,100
2,Fully Local,all_local,global_error,0.10012355062179268,0.047772520398913935,0.09583374112844467,0.03313457984477282,0.06454139202833176,0.12987307086586952,0.18530661687254904,100
2,Fully Local,all_local,global_analytic_error,0.05830259011592716,0.043078398661470126,0.049713557586073875,0.009260351303964853,0.02400152524933219,0.07055686973035336,0.14922755137085914,100
2,Fully Local,all_local,local_rmse,0.08923796696821228,0.05339867321010768,0.07822078838944435,0.017670324351638556,0.0462822001427412,0.13141638785600662,0.18158526569604871,100
2,Fully Local,all_local,local_analytic_rmse,0.0067331712873419745,0.003893562712201629,0.005924999946728349,0.0016000431962311268,0.004070905153639615,0.008330223616212606,0.014681853959336877,100
2,Fully Local,all_local,sharing_range,0.11505713135004043,0.0872917309774648,0.09879496693611145,0.013722914457321166,0.04656714200973511,0.14068765193223953,0.298136718571186,100
2,Fully Local,all_local,sharing_std,0.057528565786778924,0.04364586562169185,0.049397481605410576,0.006861457228660583,0.023283571004867554,0.07034382782876492,0.149068359285593,100
2,Fully Local,all_local,local_estimate_std,0.6047719337046147,0.4146946229080911,0.6028977036476135,0.05227269679307938,0.3134392872452736,0.8190785646438599,1.2954267501831054,100
2,Fully Local,all_local,log_likelihood,0.7652098059654235,0.799020765619727,0.9281101226806641,-0.6747686862945557,0.31129729747772217,1.3041694164276123,1.7626886129379271,100
2,Fully Local,all_local,effective_k,4.0,0.0,4.0,4.0,4.0,4.0,4.0,100
2,Fully Local,all_local,aic,6.4695803880691525,1.598041531239454,6.143779754638672,4.474622774124145,5.391661167144775,7.377405405044556,9.349537372589111,100
2,Fully Local,all_local,bic,1.242169110308934,1.5980415312394542,0.916368476878453,-0.7527885036360733,0.16424988938455654,2.149994127284337,4.122126094828893,100
2,Fully Local,all_local,aic_weight,0.34890269047180456,0.056123882152716284,0.34731725088056975,0.2773539452479688,0.31467646642892483,0.3696292172163945,0.4271088369586807,100
2,Fully Local,all_local,bic_weight,0.34890269047180456,0.056123882152716284,0.34731725088056975,0.2773539452479688,0.31467646642892483,0.3696292172163945,0.4271088369586807,100
2,Fully Local,all_local,no_penalty_weight,0.34890269047180456,0.056123882152716284,0.34731725088056975,0.2773539452479688,0.31467646642892483,0.3696292172163945,0.4271088369586807,100
2,Fully Local,correct_hierarchy,global_error,0.10012355062179268,0.047772520398913935,0.09583374112844467,0.03313457984477282,0.06454139202833176,0.12987307086586952,0.18530661687254904,100
2,Fully Local,correct_hierarchy,global_analytic_error,0.05830259011592716,0.043078398661470126,0.049713557586073875,0.009260351303964853,0.02400152524933219,0.07055686973035336,0.14922755137085914,100
2,Fully Local,correct_hierarchy,local_rmse,0.08923796696821228,0.05339867321010768,0.07822078838944435,0.017670324351638556,0.0462822001427412,0.13141638785600662,0.18158526569604871,100
2,Fully Local,correct_hierarchy,local_analytic_rmse,0.0067331712873419745,0.003893562712201629,0.005924999946728349,0.0016000431962311268,0.004070905153639615,0.008330223616212606,0.014681853959336877,100
2,Fully Local,correct_hierarchy,sharing_range,0.11505713135004043,0.0872917309774648,0.09879496693611145,0.013722914457321166,0.04656714200973511,0.14068765193223953,0.298136718571186,100
2,Fully Local,correct_hierarchy,sharing_std,0.057528565786778924,0.04364586562169185,0.049397481605410576,0.006861457228660583,0.023283571004867554,0.07034382782876492,0.149068359285593,100
2,Fully Local,correct_hierarchy,local_estimate_std,0.6047719337046147,0.4146946229080911,0.6028977036476135,0.05227269679307938,0.3134392872452736,0.8190785646438599,1.2954267501831054,100
2,Fully Local,correct_hierarchy,log_likelihood,0.7652098059654235,0.799020765619727,0.9281101226806641,-0.6747686862945557,0.31129729747772217,1.3041694164276123,1.7626886129379271,100
2,Fully Local,correct_hierarchy,effective_k,4.0,0.0,4.0,4.0,4.0,4.0,4.0,100
2,Fully Local,correct_hierarchy,aic,6.4695803880691525,1.598041531239454,6.143779754638672,4.474622774124145,5.391661167144775,7.377405405044556,9.349537372589111,100
2,Fully Local,correct_hierarchy,bic,1.242169110308934,1.5980415312394542,0.916368476878453,-0.7527885036360733,0.16424988938455654,2.149994127284337,4.122126094828893,100
2,Fully Local,correct_hierarchy,aic_weight,0.24606680490364613,0.1108940634927251,0.2222876565180423,0.13790078799014585,0.16872080861895908,0.29161492046162596,0.4773099910201481,100
2,Fully Local,correct_hierarchy,bic_weight,0.3750819682915627,0.12710993554709332,0.35457698660241405,0.2351583101486418,0.28063859171273864,0.44173369119608913,0.637048279903281,100
2,Fully Local,correct_hierarchy,no_penalty_weight,0.4533273074145237,0.12851969977197533,0.43722773087039524,0.303045606810054,0.355551663308166,0.5280813518688144,0.7128233141344011,100
2,Shared Global,all_global,global_error,0.07208032935857772,0.049418186988075485,0.06374886631965637,0.004049371182918549,0.03748178482055664,0.10666315257549286,0.15015881657600397,100
2,Shared Global,all_global,global_analytic_error,0.009030564837157726,0.010544197578123958,0.006205379962921143,0.0007814645767211914,0.0029602795839309692,0.01059185154736042,0.03444938361644745,100
2,Shared Global,all_global,local_rmse,0.6357509645726531,0.42523031185634064,0.617479681968689,0.06993314549326897,0.35932788252830505,0.8424071818590164,1.3436875343322754,100
2,Shared Global,all_global,local_analytic_rmse,0.6138441803259775,0.42879635265923044,0.6049483716487885,0.05266816318035126,0.31228118389844894,0.8260303735733032,1.3407152533531188,100
2,Shared Global,all_global,sharing_range,0.0,0.0,0.0,0.0,0.0,0.0,0.0,100
2,Shared Global,all_global,sharing_std,0.0,0.0,0.0,0.0,0.0,0.0,0.0,100
2,Shared Global,all_global,local_estimate_std,0.0,0.0,0.0,0.0,0.0,0.0,0.0,100
2,Shared Global,all_global,log_likelihood,-5.984320921897888,4.6787968601471155,-6.262938022613525,-13.378713607788086,-9.157416343688965,-2.0631611347198486,1.0780663371086117,100
2,Shared Global,all_global,effective_k,2.0,0.0,2.0,2.0,2.0,2.0,2.0,100
2,Shared Global,all_global,aic,15.968641843795776,9.357593720294231,16.52587604522705,1.843867325782776,8.126322269439697,22.31483268737793,30.75742721557617,100
2,Shared Global,all_global,bic,13.354936204915662,9.357593720294231,13.912170406346942,-0.7698383130973335,5.512616630559588,19.70112704849782,28.14372157669606,100
2,Shared Global,all_global,aic_weight,0.5104511962833493,0.10848422855991163,0.5279045653015642,0.3238280269939864,0.4466645054171275,0.5938330012137368,0.6569626351349729,100
2,Shared Global,all_global,bic_weight,0.5104511962833493,0.10848422855991163,0.5279045653015642,0.3238280269939864,0.4466645054171275,0.5938330012137368,0.6569626351349729,100
2,Shared Global,all_global,no_penalty_weight,0.5104511962833493,0.10848422855991163,0.5279045653015642,0.3238280269939864,0.4466645054171275,0.5938330012137368,0.6569626351349729,100
2,Shared Global,all_local,global_error,0.10063859609887003,0.04816742120160311,0.09750237315893173,0.03587934225797653,0.0617130845785141,0.1302887164056301,0.18298629298806188,100
2,Shared Global,all_local,global_analytic_error,0.05795965036028065,0.043423924811224986,0.0491266380995512,0.009994321875274182,0.02541748434305191,0.07125625759363174,0.14934595674276352,100
2,Shared Global,all_local,local_rmse,0.08869929471053183,0.05336645599331638,0.07805388420820236,0.017414390249177816,0.04697417188435793,0.13278432562947273,0.18414587303996086,100
2,Shared Global,all_local,local_analytic_rmse,0.004561898766987724,0.0014538297353527282,0.00456715770997107,0.002513971785083413,0.0036540029104799032,0.005362558062188327,0.0072634736308827995,100
2,Shared Global,all_local,sharing_range,0.1145789884030819,0.08768219127814038,0.09737513214349747,0.011664876341819763,0.0506768599152565,0.14194009453058243,0.29861581325531006,100
2,Shared Global,all_local,sharing_std,0.05728949442505837,0.04384109594932393,0.048687566071748734,0.005832438170909881,0.02533842995762825,0.07097004726529121,0.14930790662765503,100
2,Shared Global,all_local,local_estimate_std,0.6055809544399381,0.4164162502392223,0.6018639206886292,0.05252986326813698,0.3091197684407234,0.8166818469762802,1.3027742505073545,100
2,Shared Global,all_local,log_likelihood,1.395997884273529,0.6538637945720797,1.6027302742004395,0.17622528076171878,1.0465394854545593,1.8498080968856812,2.0767806887626645,100
2,Shared Global,all_local,effective_k,4.0,0.0,4.0,4.0,4.0,4.0,4.0,100
2,Shared Global,all_local,aic,5.208004231452942,1.3077275891441593,4.794539451599121,3.8464386224746705,4.300383806228638,5.906921029090881,7.647549438476561,100
2,Shared Global,all_local,bic,-0.0194070463072769,1.3077275891441593,-0.43287182616109776,-1.3809726552855484,-0.9270274715315812,0.6795097513306625,2.420138160716343,100
2,Shared Global,all_local,aic_weight,0.6510973095281953,0.05612388215271629,0.6526827491194302,0.5728911630413194,0.6303707827836055,0.6853235335710752,0.7226460547520313,100
2,Shared Global,all_local,bic_weight,0.6510973095281953,0.05612388215271629,0.6526827491194302,0.5728911630413194,0.6303707827836055,0.6853235335710752,0.7226460547520313,100
2,Shared Global,all_local,no_penalty_weight,0.6510973095281953,0.05612388215271629,0.6526827491194302,0.5728911630413194,0.6303707827836055,0.6853235335710752,0.7226460547520313,100
2,Shared Global,correct_hierarchy,global_error,0.06999428261071444,0.04748208323617115,0.061149802058935165,0.004659327864646912,0.03410978615283966,0.10457508265972137,0.14595578610897064,100
2,Shared Global,correct_hierarchy,global_analytic_error,0.003965805247426033,0.0028538460755207,0.003429025411605835,0.0005874931812286377,0.0016347840428352356,0.006069272756576538,0.0092476487159729,100
2,Shared Global,correct_hierarchy,local_rmse,0.08851713283918798,0.05346220429671732,0.07737242802977562,0.01789739364758134,0.04644243139773607,0.1314595378935337,0.18510472401976585,100
2,Shared Global,correct_hierarchy,local_analytic_rmse,0.00456305275845807,0.001987731279848116,0.004332786658778787,0.0024159132735803723,0.0033107625204138458,0.005393724306486547,0.0067455010954290615,100
2,Shared Global,correct_hierarchy,sharing_range,0.0,0.0,0.0,0.0,0.0,0.0,0.0,100
2,Shared Global,correct_hierarchy,sharing_std,0.0,0.0,0.0,0.0,0.0,0.0,0.0,100
2,Shared Global,correct_hierarchy,local_estimate_std,0.6056266364455223,0.4161830783542466,0.6019558906555176,0.05163078382611275,0.3086138963699341,0.8165740370750427,1.302435976266861,100
2,Shared Global,correct_hierarchy,log_likelihood,0.9514047622680664,0.8091052864413815,1.1240345239639282,-0.6847159504890442,0.613097608089447,1.5540848970413208,1.8357931613922118,100
2,Shared Global,correct_hierarchy,effective_k,3.0,0.0,3.0,3.0,3.0,3.0,3.0,100
2,Shared Global,correct_hierarchy,aic,4.097190475463867,1.618210572882763,3.7519309520721436,2.3284136772155763,2.8918302059173584,4.773804783821106,7.369431900978088,100
2,Shared Global,correct_hierarchy,bic,0.176632017143703,1.618210572882763,-0.1686275062480207,-1.5921447811045881,-1.0287282524028059,0.8532463255009417,3.448873442657924,100
2,Shared Global,correct_hierarchy,aic_weight,0.7539331950963539,0.11089406349272508,0.7777123434819577,0.5226900089798519,0.7083850795383742,0.831279191381041,0.8620992120098542,100
2,Shared Global,correct_hierarchy,bic_weight,0.6249180317084373,0.12710993554709332,0.6454230133975859,0.36295172009671894,0.5582663088039108,0.7193614082872613,0.7648416898513581,100
2,Shared Global,correct_hierarchy,no_penalty_weight,0.5466726925854762,0.12851969977197533,0.5627722691296048,0.28717668586559886,0.47191864813118556,0.6444483366918339,0.696954393189946,100
5,Fully Local,all_global,global_error,0.03762076054234058,0.026141268508077724,0.029094455763697624,0.003277456760406494,0.016985997557640076,0.05404350906610489,0.08843266367912292,100
5,Fully Local,all_global,global_analytic_error,0.010847047935822047,0.008753994132232342,0.008515909314155579,0.0017158687114715576,0.004888102412223816,0.013698875904083252,0.028128721099346873,100
5,Fully Local,all_global,local_rmse,0.8461324259638786,0.3206368114858644,0.7805803120136261,0.38709384202957153,0.6175337433815002,1.054925799369812,1.4059280753135681,100
5,Fully Local,all_global,local_analytic_rmse,0.844621776342392,0.32140274257281964,0.7779439389705658,0.37595166712999345,0.6137388199567795,1.019146978855133,1.359318125247955,100
5,Fully Local,all_global,sharing_range,0.0,0.0,0.0,0.0,0.0,0.0,0.0,100
5,Fully Local,all_global,sharing_std,7.897615432739258e-09,2.8920415637266638e-08,0.0,0.0,0.0,0.0,1.1920928955078125e-07,100
5,Fully Local,all_global,local_estimate_std,2.123415470123291e-09,9.401313034613778e-09,0.0,0.0,0.0,0.0,7.823109626769998e-09,100
5,Fully Local,all_global,log_likelihood,-16.10402077436447,5.89703851114572,-15.078183650970459,-26.429931545257567,-20.22368097305298,-12.249253273010254,-6.907668685913087,100
5,Fully Local,all_global,effective_k,2.0,0.0,2.0,2.0,2.0,2.0,2.0,100
5,Fully Local,all_global,aic,36.20804154872894,11.79407702229144,34.15636730194092,17.81533737182617,28.498506546020508,44.44736194610596,56.859863090515134,100
5,Fully Local,all_global,bic,35.426917373597135,11.794077022291436,33.37524312680912,17.03421319669437,27.717382370888707,43.666237770974156,56.07873891538333,100
5,Fully Local,all_global,aic_weight,0.5569180691772418,0.21972317442123468,0.562092030251498,0.19491550875994224,0.39383309362151264,0.7303464672398904,0.9052772482166531,100
5,Fully Local,all_global,bic_weight,0.5569180691772418,0.21972317442123468,0.562092030251498,0.19491550875994224,0.39383309362151264,0.7303464672398904,0.9052772482166531,100
5,Fully Local,all_global,no_penalty_weight,0.5569180691772418,0.21972317442123468,0.562092030251498,0.19491550875994224,0.39383309362151264,0.7303464672398904,0.9052772482166531,100
5,Fully Local,all_local,global_error,0.10236268348991871,0.033746904385032646,0.0976409986615181,0.05393343865871429,0.0784103237092495,0.12714475393295288,0.15818544030189513,100
5,Fully Local,all_local,global_analytic_error,0.09162011472508311,0.0326038122571797,0.0883176214993,0.0448829360306263,0.0686566736549139,0.11002414859831333,0.14670850560069082,100
5,Fully Local,all_local,local_rmse,0.10541059494018555,0.03392475904702587,0.10656720027327538,0.04835274200886488,0.08172393962740898,0.1252521276473999,0.1664474405348301,100
5,Fully Local,all_local,local_analytic_rmse,0.006694366043666378,0.002754130980948475,0.006210926221683621,0.002510773960966617,0.004980895551852882,0.008311895420774817,0.012096387566998601,100
5,Fully Local,all_local,sharing_range,0.25263264536857605,0.09264913707274777,0.2446582317352295,0.13142068982124328,0.18028274178504944,0.3145744353532791,0.43821893036365506,100
5,Fully Local,all_local,sharing_std,0.09112938366830349,0.03280822593903961,0.0879969447851181,0.04424059819430113,0.06706502102315426,0.10996605828404427,0.14659895747900006,100
5,Fully Local,all_local,local_estimate_std,0.8328298430144787,0.3118219542108166,0.7697506546974182,0.373958931863308,0.6125831305980682,1.0057752132415771,1.3546679913997648,100
5,Fully Local,all_local,log_likelihood,1.9195979034900665,1.560842154004463,1.9284619092941284,-0.7429951071739197,1.0273171663284302,3.1830458641052246,4.08907835483551,100
5,Fully Local,all_local,effective_k,10.0,0.0,10.0,10.0,10.0,10.0,10.0,100
5,Fully Local,all_local,aic,16.160804193019867,3.121684308008926,16.143076181411743,11.82184329032898,13.63390827178955,17.94536566734314,21.48599021434784,100
5,Fully Local,all_local,bic,12.25518331736087,3.121684308008926,12.237455305752746,7.916222414669983,9.728287396130554,14.039744791684143,17.580369338688843,100
5,Fully Local,all_local,aic_weight,0.18423403888663067,0.09676619385751851,0.1582202106027205,0.09179489358064291,0.133054375192338,0.20841961201821058,0.3135545447842366,100
5,Fully Local,all_local,bic_weight,0.18423403888663067,0.09676619385751851,0.1582202106027205,0.09179489358064291,0.133054375192338,0.20841961201821058,0.3135545447842366,100
5,Fully Local,all_local,no_penalty_weight,0.18423403888663067,0.09676619385751851,0.1582202106027205,0.09179489358064291,0.133054375192338,0.20841961201821058,0.3135545447842366,100
5,Fully Local,correct_hierarchy,global_error,0.10236268348991871,0.033746904385032646,0.0976409986615181,0.05393343865871429,0.0784103237092495,0.12714475393295288,0.15818544030189513,100
5,Fully Local,correct_hierarchy,global_analytic_error,0.09162011472508311,0.0326038122571797,0.0883176214993,0.0448829360306263,0.0686566736549139,0.11002414859831333,0.14670850560069082,100
5,Fully Local,correct_hierarchy,local_rmse,0.10541059494018555,0.03392475904702587,0.10656720027327538,0.04835274200886488,0.08172393962740898,0.1252521276473999,0.1664474405348301,100
5,Fully Local,correct_hierarchy,local_analytic_rmse,0.006694366043666378,0.002754130980948475,0.006210926221683621,0.002510773960966617,0.004980895551852882,0.008311895420774817,0.012096387566998601,100
5,Fully Local,correct_hierarchy,sharing_range,0.25263264536857605,0.09264913707274777,0.2446582317352295,0.13142068982124328,0.18028274178504944,0.3145744353532791,0.43821893036365506,100
5,Fully Local,correct_hierarchy,sharing_std,0.09112938366830349,0.03280822593903961,0.0879969447851181,0.04424059819430113,0.06706502102315426,0.10996605828404427,0.14659895747900006,100
5,Fully Local,correct_hierarchy,local_estimate_std,0.8328298430144787,0.3118219542108166,0.7697506546974182,0.373958931863308,0.6125831305980682,1.0057752132415771,1.3546679913997648,100
5,Fully Local,correct_hierarchy,log_likelihood,1.9195979034900665,1.560842154004463,1.9284619092941284,-0.7429951071739197,1.0273171663284302,3.1830458641052246,4.08907835483551,100
5,Fully Local,correct_hierarchy,effective_k,10.0,0.0,10.0,10.0,10.0,10.0,10.0,100
5,Fully Local,correct_hierarchy,aic,16.160804193019867,3.121684308008926,16.143076181411743,11.82184329032898,13.63390827178955,17.94536566734314,21.48599021434784,100
5,Fully Local,correct_hierarchy,bic,12.25518331736087,3.121684308008926,12.237455305752746,7.916222414669983,9.728287396130554,14.039744791684143,17.580369338688843,100
5,Fully Local,correct_hierarchy,aic_weight,0.03422744120464744,0.0423526561077489,0.019779666696560727,0.005332129578494973,0.01005896551170793,0.03587289253325583,0.10755956851273425,100
5,Fully Local,correct_hierarchy,bic_weight,0.06821295622448423,0.07620351078744222,0.042207627462305775,0.011571872145868231,0.021709254020720083,0.07514826813218618,0.2083527535209404,100
5,Fully Local,correct_hierarchy,no_penalty_weight,0.5276370880230651,0.207689614744144,0.5240244514611516,0.22638717660643645,0.3567438604935085,0.669941090614353,0.8680057094555681,100
5,Shared Global,all_global,global_error,0.039874869419727475,0.028718142887386423,0.03639698028564453,0.0034934411174617707,0.01737353205680847,0.053614914417266846,0.0890203982591629,100
5,Shared Global,all_global,global_analytic_error,0.013119698307127692,0.014749689102138861,0.008204638957977295,0.0004751741624204442,0.0038201806601136923,0.01610971987247467,0.04380972683429717,100
5,Shared Global,all_global,local_rmse,0.8505840702354908,0.32786406932540824,0.7845582664012909,0.38148351311683654,0.6176890283823013,1.0581983029842377,1.4277220010757445,100
5,Shared Global,all_global,local_analytic_rmse,0.8491860964894294,0.3285368682753073,0.779036670923233,0.37642102092504504,0.6146450638771057,1.0303306579589844,1.4032631039619443,100
5,Shared Global,all_global,sharing_range,0.0,0.0,0.0,0.0,0.0,0.0,0.0,100
5,Shared Global,all_global,sharing_std,3.1478703022003173e-09,1.56035482430459e-08,0.0,0.0,0.0,0.0,2.514570951461755e-09,100
5,Shared Global,all_global,local_estimate_std,4.32133674621582e-09,1.3276578260746227e-08,0.0,0.0,0.0,0.0,2.9802322387695312e-08,100
5,Shared Global,all_global,log_likelihood,-16.41433608531952,6.081746158052766,-15.914742469787598,-26.766398906707764,-20.4959659576416,-12.193730115890503,-7.400579571723941,100
5,Shared Global,all_global,effective_k,2.0,0.0,2.0,2.0,2.0,2.0,2.0,100
5,Shared Global,all_global,aic,36.82867217063904,12.163492316105533,35.829484939575195,18.801159143447876,28.387460231781006,44.9919319152832,57.53279781341553,100
5,Shared Global,all_global,bic,36.04754799550723,12.163492316105533,35.048360764443395,18.020034968316075,27.606336056649205,44.2108077401514,56.75167363828373,100
5,Shared Global,all_global,aic_weight,0.44308193082275815,0.21972317442123468,0.437907969748502,0.09472275178334698,0.26965353276010956,0.6061669063784874,0.8050844912400578,100
5,Shared Global,all_global,bic_weight,0.44308193082275815,0.21972317442123468,0.437907969748502,0.09472275178334698,0.26965353276010956,0.6061669063784874,0.8050844912400578,100
5,Shared Global,all_global,no_penalty_weight,0.44308193082275815,0.21972317442123468,0.437907969748502,0.09472275178334698,0.26965353276010956,0.6061669063784874,0.8050844912400578,100
5,Shared Global,all_local,global_error,0.10220682740211487,0.03394109011563859,0.09880385547876358,0.05268022231757641,0.07887743413448334,0.12656434252858162,0.15951797962188718,100
5,Shared Global,all_local,global_analytic_error,0.09142388172447681,0.03282517088843029,0.09060051664710045,0.04759651497006416,0.06778923980891705,0.1092633418738842,0.1452602311968803,100
5,Shared Global,all_local,local_rmse,0.10520540617406368,0.03363096903824919,0.10596855357289314,0.05153810139745474,0.08186060190200806,0.12457938119769096,0.16425722613930702,100
5,Shared Global,all_local,local_analytic_rmse,0.004595150486566126,0.0009859361264625897,0.004525297088548541,0.00315217130118981,0.004022856126539409,0.005226774956099689,0.006180096790194511,100
5,Shared Global,all_local,sharing_range,0.2520244242250919,0.09268728317083674,0.2425905019044876,0.13329740166664122,0.178920179605484,0.3092437908053398,0.4418644949793816,100
5,Shared Global,all_local,sharing_std,0.0909278307016939,0.03308906264438617,0.08952773362398148,0.04730118475854397,0.06748299114406109,0.10873680375516415,0.1452199004590511,100
5,Shared Global,all_local,local_estimate_std,0.8340967206656933,0.3132020260459939,0.7733360528945923,0.3721098408102989,0.6104469895362854,1.0104507207870483,1.3532238900661466,100
5,Shared Global,all_local,log_likelihood,3.484300537109375,1.244231291781576,3.747777223587036,0.6420169293880463,2.8592902421951294,4.462939500808716,4.962356090545654,100
5,Shared Global,all_local,effective_k,10.0,0.0,10.0,10.0,10.0,10.0,10.0,100
5,Shared Global,all_local,aic,13.03139892578125,2.488462583563152,12.504445552825928,10.075287818908691,11.074120998382568,14.281419515609741,18.715966141223905,100
5,Shared Global,all_local,bic,9.125778050122253,2.488462583563152,8.598824677166931,6.169666943249695,7.168500122723572,10.375798639950744,14.81034526556491,100
5,Shared Global,all_local,aic_weight,0.8157659611133693,0.09676619385751851,0.8417797893972796,0.6864454552157634,0.7915803879817894,0.8669456248076619,0.9082051064193571,100
5,Shared Global,all_local,bic_weight,0.8157659611133693,0.09676619385751851,0.8417797893972796,0.6864454552157634,0.7915803879817894,0.8669456248076619,0.9082051064193571,100
5,Shared Global,all_local,no_penalty_weight,0.8157659611133693,0.09676619385751851,0.8417797893972796,0.6864454552157634,0.7915803879817894,0.8669456248076619,0.9082051064193571,100
5,Shared Global,correct_hierarchy,global_error,0.03891306024044752,0.02624184507493506,0.036632075905799866,0.0030831664800643924,0.017207995057106018,0.05643016006797552,0.0865431547164917,100
5,Shared Global,correct_hierarchy,global_analytic_error,0.003701370661437977,0.0024884955997296915,0.0037038568407297134,0.0004139244556427002,0.0015345229767262936,0.005483687040396035,0.007630407810211179,100
5,Shared Global,correct_hierarchy,local_rmse,0.10505925197154284,0.03359819298206056,0.10561289638280869,0.05001383796334267,0.08133609220385551,0.12455752491950989,0.16278936564922333,100
5,Shared Global,correct_hierarchy,local_analytic_rmse,0.005305065549910068,0.00200180617099535,0.005027620121836662,0.0030084050027653574,0.004072087584063411,0.0059181913966313004,0.008345267130061984,100
5,Shared Global,correct_hierarchy,sharing_range,0.0,0.0,0.0,0.0,0.0,0.0,0.0,100
5,Shared Global,correct_hierarchy,sharing_std,7.3015689849853514e-09,2.580913377134385e-08,0.0,0.0,0.0,0.0,5.960464477539063e-08,100
5,Shared Global,correct_hierarchy,local_estimate_std,0.8337109568715095,0.3129576856235462,0.773579478263855,0.3721629500389099,0.6085002720355988,1.0078661739826202,1.3506774723529813,100
5,Shared Global,correct_hierarchy,log_likelihood,1.7567265903949738,1.3590363692200003,1.8146228790283203,-0.587571096420288,1.1257100105285645,2.7711572647094727,3.529496932029724,100
5,Shared Global,correct_hierarchy,effective_k,6.0,0.0,6.0,6.0,6.0,6.0,6.0,100
5,Shared Global,correct_hierarchy,aic,8.486546819210053,2.7180727384400005,8.37075424194336,4.941006135940552,6.457685470581055,9.748579978942871,13.175142192840575,100
5,Shared Global,correct_hierarchy,bic,6.143174293814656,2.7180727384400005,6.027381716547961,2.597633610545153,4.114312945185656,7.405207453547472,10.831769667445176,100
5,Shared Global,correct_hierarchy,aic_weight,0.9657725587953526,0.042352656107748896,0.9802203333034394,0.8924404314872656,0.9641271074667442,0.9899410344882921,0.994667870421505,100
5,Shared Global,correct_hierarchy,bic_weight,0.9317870437755157,0.07620351078744224,0.9577923725376942,0.7916472464790596,0.9248517318678138,0.9782907459792799,0.9884281278541318,100
5,Shared Global,correct_hierarchy,no_penalty_weight,0.4723629119769349,0.207689614744144,0.4759755485388484,0.1319942905444318,0.33005890938564697,0.6432561395064916,0.7736128233935635,100
10,Fully Local,all_global,global_error,0.030396030267584136,0.02201992842922608,0.02741776406764984,0.0022369325160980225,0.013676891103386879,0.03960822522640228,0.07546717673540114,100
10,Fully Local,all_global,global_analytic_error,0.010046996034216136,0.007193571866457419,0.008891910314559937,0.0009231939911842346,0.004428408923558891,0.01380986231379211,0.02374579161405563,100
10,Fully Local,all_global,local_rmse,0.9084580716490746,0.20194217960130548,0.9032016694545746,0.609653913974762,0.7627014964818954,1.0064300000667572,1.2434502363204956,100
10,Fully Local,all_global,local_analytic_rmse,0.9056619104743003,0.19051036157191226,0.9033521711826324,0.6523507535457611,0.7739640921354294,0.9961205422878265,1.2037542462348938,100
10,Fully Local,all_global,sharing_range,0.0,0.0,0.0,0.0,0.0,0.0,0.0,100
10,Fully Local,all_global,sharing_std,4.367902874946594e-08,7.562318683938551e-08,0.0,0.0,0.0,5.960464477539063e-08,2.384185791015625e-07,100
10,Fully Local,all_global,local_estimate_std,1.1594966053962707e-08,1.7215732584586456e-08,0.0,0.0,0.0,1.4901161193847656e-08,5.960464477539063e-08,100
10,Fully Local,all_global,log_likelihood,-35.48937154769897,7.070013130948456,-35.73229789733887,-46.69190654754639,-40.36088943481445,-29.888745307922363,-25.47272424697876,100
10,Fully Local,all_global,effective_k,2.0,0.0,2.0,2.0,2.0,2.0,2.0,100
10,Fully Local,all_global,aic,74.97874309539795,14.140026261896912,75.46459579467773,54.94544849395752,63.77749061584473,84.7217788696289,97.38381309509276,100
10,Fully Local,all_global,bic,75.58391328138602,14.140026261896908,76.06976598066582,55.550618679945615,64.38266080183281,85.32694905561699,97.98898328108085,100
10,Fully Local,all_global,aic_weight,0.6849857663844773,0.26396963409178587,0.7507929915130778,0.22458422179370233,0.4834410886624337,0.9264296562933296,0.99137227730598,100
10,Fully Local,all_global,bic_weight,0.6849857663844773,0.2639696340917858,0.7507929915130775,0.22458422179370233,0.4834410886624337,0.9264296562933295,0.99137227730598,100
10,Fully Local,all_global,no_penalty_weight,0.6849857663844773,0.26396963409178587,0.7507929915130778,0.22458422179370233,0.4834410886624337,0.9264296562933296,0.99137227730598,100
10,Fully Local,all_local,global_error,0.10353223402053117,0.01815283396634269,0.10446431115269661,0.07536204308271408,0.09076128341257572,0.11675713397562504,0.13138861060142518,100
10,Fully Local,all_local,global_analytic_error,0.09713767629116773,0.01924933379145826,0.09777059778571129,0.06515276916325093,0.08366207219660282,0.11084633506834507,0.12775051593780518,100
10,Fully Local,all_local,local_rmse,0.10475904144346714,0.017940036413249535,0.10416819900274277,0.07650562301278115,0.0911429338157177,0.11720603704452515,0.1345724157989025,100
10,Fully Local,all_local,local_analytic_rmse,0.007347143306396901,0.001984476377788616,0.00717134727165103,0.0044423742452636365,0.005891686538234353,0.008891364559531212,0.010509937442839146,100
10,Fully Local,all_local,sharing_range,0.3200586052238941,0.07063412820381079,0.32128483057022095,0.21197884678840637,0.2708449065685272,0.36345621198415756,0.4313717797398567,100
10,Fully Local,all_local,sharing_std,0.09662279561161995,0.019378774262733364,0.09731007367372513,0.06391118913888931,0.08302449807524681,0.11070496775209904,0.12773424237966538,100
10,Fully Local,all_local,local_estimate_std,0.8963355427980423,0.18673148806793896,0.8940205872058868,0.646933987736702,0.7679432481527328,0.9787544310092926,1.1914295494556426,100
10,Fully Local,all_local,log_likelihood,4.0326995229721065,2.800111912209395,4.4514782428741455,-1.5151571810245514,2.8586232662200928,6.12933611869812,7.675641202926636,100
10,Fully Local,all_local,effective_k,20.0,0.0,20.0,20.0,20.0,20.0,20.0,100
10,Fully Local,all_local,aic,31.934600954055785,5.600223824418789,31.09704351425171,24.648717594146728,27.74132776260376,34.282753467559814,43.030314362049104,100
10,Fully Local,all_local,bic,37.98630281393671,5.600223824418789,37.14874537413263,30.70041945402765,33.79302962248468,40.334455327440736,49.082016221930026,100
10,Fully Local,all_local,aic_weight,0.07471790154327068,0.08520106004691783,0.045099693375610594,0.012964104866944017,0.028365103308809345,0.08045201157244852,0.22663404126011097,100
10,Fully Local,all_local,bic_weight,0.07471790154327068,0.08520106004691783,0.045099693375610594,0.012964104866944017,0.028365103308809345,0.08045201157244852,0.22663404126011097,100
10,Fully Local,all_local,no_penalty_weight,0.07471790154327068,0.08520106004691783,0.045099693375610594,0.012964104866944017,0.028365103308809345,0.08045201157244852,0.22663404126011097,100
10,Fully Local,correct_hierarchy,global_error,0.10353223402053117,0.01815283396634269,0.10446431115269661,0.07536204308271408,0.09076128341257572,0.11675713397562504,0.13138861060142518,100
10,Fully Local,correct_hierarchy,global_analytic_error,0.09713767629116773,0.01924933379145826,0.09777059778571129,0.06515276916325093,0.08366207219660282,0.11084633506834507,0.12775051593780518,100
10,Fully Local,correct_hierarchy,local_rmse,0.10475904144346714,0.017940036413249535,0.10416819900274277,0.07650562301278115,0.0911429338157177,0.11720603704452515,0.1345724157989025,100
10,Fully Local,correct_hierarchy,local_analytic_rmse,0.007347143306396901,0.001984476377788616,0.00717134727165103,0.0044423742452636365,0.005891686538234353,0.008891364559531212,0.010509937442839146,100
10,Fully Local,correct_hierarchy,sharing_range,0.3200586052238941,0.07063412820381079,0.32128483057022095,0.21197884678840637,0.2708449065685272,0.36345621198415756,0.4313717797398567,100
10,Fully Local,correct_hierarchy,sharing_std,0.09662279561161995,0.019378774262733364,0.09731007367372513,0.06391118913888931,0.08302449807524681,0.11070496775209904,0.12773424237966538,100
10,Fully Local,correct_hierarchy,local_estimate_std,0.8963355427980423,0.18673148806793896,0.8940205872058868,0.646933987736702,0.7679432481527328,0.9787544310092926,1.1914295494556426,100
10,Fully Local,correct_hierarchy,log_likelihood,4.0326995229721065,2.800111912209395,4.4514782428741455,-1.5151571810245514,2.8586232662200928,6.12933611869812,7.675641202926636,100
10,Fully Local,correct_hierarchy,effective_k,20.0,0.0,20.0,20.0,20.0,20.0,20.0,100
10,Fully Local,correct_hierarchy,aic,31.934600954055785,5.600223824418789,31.09704351425171,24.648717594146728,27.74132776260376,34.282753467559814,43.030314362049104,100
10,Fully Local,correct_hierarchy,bic,37.98630281393671,5.600223824418789,37.14874537413263,30.70041945402765,33.79302962248468,40.334455327440736,49.082016221930026,100
10,Fully Local,correct_hierarchy,aic_weight,0.0007157822481065644,0.00122731840281974,0.00024067572081145093,2.1149945408694246e-05,7.471926541201633e-05,0.0007411754122639063,0.004204243811146887,100
10,Fully Local,correct_hierarchy,bic_weight,0.00018379656113251178,0.0003156245664437561,6.16822999576523e-05,5.419589908208661e-06,1.9147279082518395e-05,0.0001900250340484461,0.0010806842933897098,100
10,Fully Local,correct_hierarchy,no_penalty_weight,0.6083220354215385,0.27235839662327943,0.6607275775154795,0.14629262663016512,0.37713809492363204,0.8573496943983764,0.9715913332550534,100
10,Shared Global,all_global,global_error,0.0291997231356072,0.02126424709742053,0.025158703327178955,0.0031763136386871336,0.014082744717597961,0.03891911916434765,0.06934726685285568,100
10,Shared Global,all_global,global_analytic_error,0.009149740340653807,0.006047988052422348,0.0077340006828308105,0.0016878239810466768,0.004431471228599548,0.011789232725277543,0.021619334816932678,100
10,Shared Global,all_global,local_rmse,0.9100859507918357,0.1999463677385524,0.9058584272861481,0.609950715303421,0.7653445601463318,1.0060926973819733,1.2453346908092497,100
10,Shared Global,all_global,local_analytic_rmse,0.9071599957346916,0.18915267140074157,0.9061598181724548,0.6523631006479264,0.778641864657402,0.9890964478254318,1.2127695739269255,100
10,Shared Global,all_global,sharing_range,0.0,0.0,0.0,0.0,0.0,0.0,0.0,100
10,Shared Global,all_global,sharing_std,5.4464908316731456e-08,8.299710806775047e-08,0.0,0.0,0.0,1.1920928955078125e-07,2.384185791015625e-07,100
10,Shared Global,all_global,local_estimate_std,8.349306881427765e-09,1.1823135647861916e-08,0.0,0.0,0.0,1.4901161193847656e-08,2.9802322387695312e-08,100
10,Shared Global,all_global,log_likelihood,-36.826190853118895,8.051093989564167,-36.47626304626465,-51.075425148010254,-41.833943367004395,-30.80127477645874,-25.503833770751953,100
10,Shared Global,all_global,effective_k,2.0,0.0,2.0,2.0,2.0,2.0,2.0,100
10,Shared Global,all_global,aic,77.65238170623779,16.102187979128335,76.9525260925293,55.007667541503906,65.60254955291748,87.66788673400879,106.1508502960205,100
10,Shared Global,all_global,bic,78.25755189222586,16.10218797912833,77.55769627851738,55.612837727492,66.20771973890557,88.27305691999688,106.75602048200858,100
10,Shared Global,all_global,aic_weight,0.3150142336155229,0.26396963409178587,0.2492070084869223,0.008627722694020044,0.07357034370667048,0.5165589113375663,0.7754157782062977,100
10,Shared Global,all_global,bic_weight,0.3150142336155229,0.2639696340917858,0.24920700848692262,0.008627722694020044,0.07357034370667054,0.5165589113375663,0.7754157782062977,100
10,Shared Global,all_global,no_penalty_weight,0.3150142336155229,0.26396963409178587,0.2492070084869223,0.008627722694020044,0.07357034370667048,0.5165589113375663,0.7754157782062977,100
10,Shared Global,all_local,global_error,0.10297199793159961,0.018582210269169702,0.1047377809882164,0.07407041005790234,0.08870384283363819,0.11479760333895683,0.13273966759443284,100
10,Shared Global,all_local,global_analytic_error,0.09689456153661012,0.01962831349932217,0.09809400513768196,0.06519862748682499,0.0837139580398798,0.11055034212768078,0.12746981382369993,100
10,Shared Global,all_local,local_rmse,0.10449224911630153,0.018140574860572942,0.10356903076171875,0.07397577315568923,0.09158123098313808,0.11653189547359943,0.13277296349406242,100
10,Shared Global,all_local,local_analytic_rmse,0.00481339217396453,0.0008754199670160562,0.004719235002994537,0.0035994464531540872,0.004173316992819309,0.0052635035244748,0.006380519457161426,100
10,Shared Global,all_local,sharing_range,0.3190263260900974,0.07204670945184107,0.3182825744152069,0.20717189311981202,0.2710018754005432,0.36315177381038666,0.432487666606903,100
10,Shared Global,all_local,sharing_std,0.09650640584528446,0.01980395752169847,0.09747380763292313,0.06490297429263592,0.08171640895307064,0.11047990247607231,0.12739557474851607,100
10,Shared Global,all_local,local_estimate_std,0.8976744839549065,0.18752108707542964,0.8963763117790222,0.6481290489435196,0.7675330489873886,0.9794006794691086,1.194705420732498,100
10,Shared Global,all_local,log_likelihood,6.9635423350334165,2.1227142402582673,7.298235654830933,2.4692757606506346,6.172027826309204,8.444024324417114,9.560946464538574,100
10,Shared Global,all_local,effective_k,20.0,0.0,20.0,20.0,20.0,20.0,20.0,100
10,Shared Global,all_local,aic,26.072915329933167,4.2454284805165345,25.403528690338135,20.87810707092285,23.11195135116577,27.655944347381592,35.06144847869873,100
10,Shared Global,all_local,bic,32.12461718981409,4.2454284805165345,31.455230550219056,26.929808930803773,29.163653211046693,33.70764620726251,41.11315033857965,100
10,Shared Global,all_local,aic_weight,0.9252820984567295,0.08520106004691784,0.9549003066243895,0.773365958739889,0.9195479884275516,0.9716348966911906,0.987035895133056,100
10,Shared Global,all_local,bic_weight,0.9252820984567295,0.08520106004691784,0.9549003066243895,0.773365958739889,0.9195479884275516,0.9716348966911906,0.987035895133056,100
10,Shared Global,all_local,no_penalty_weight,0.9252820984567295,0.08520106004691784,0.9549003066243895,0.773365958739889,0.9195479884275516,0.9716348966911906,0.987035895133056,100
10,Shared Global,correct_hierarchy,global_error,0.028084079665131868,0.020729763279566132,0.024602368474006653,0.0023095116019248964,0.012503176927566528,0.03887444734573364,0.07106342650949954,100
10,Shared Global,correct_hierarchy,global_analytic_error,0.003025688158522826,0.0022462149454065532,0.0026483236579224467,0.0002581678330898285,0.001024097204208374,0.004796899855136871,0.006781554664485156,100
10,Shared Global,correct_hierarchy,local_rmse,0.10451903030276298,0.018098121204786093,0.10324883460998535,0.07463997602462769,0.0913392249494791,0.1167230773717165,0.13364595472812651,100
10,Shared Global,correct_hierarchy,local_analytic_rmse,0.005518807147163898,0.0015036276675080395,0.005198611179366708,0.003600807290058583,0.004456662572920322,0.006491285748779774,0.007980695739388467,100
10,Shared Global,correct_hierarchy,sharing_range,0.0,0.0,0.0,0.0,0.0,0.0,0.0,100
10,Shared Global,correct_hierarchy,sharing_std,4.748813807964325e-08,7.576925262820124e-08,0.0,0.0,0.0,1.1920928955078125e-07,2.384185791015625e-07,100
10,Shared Global,correct_hierarchy,local_estimate_std,0.8973350140452385,0.18732887393863606,0.8967325389385223,0.6487315446138382,0.7669778764247894,0.9776712656021118,1.193248987197876,100
10,Shared Global,correct_hierarchy,log_likelihood,3.3807619881629942,2.007279454706729,3.831105947494507,-0.017237937450408934,1.912778526544571,4.772867918014526,6.4137688159942625,100
10,Shared Global,correct_hierarchy,effective_k,11.0,0.0,11.0,11.0,11.0,11.0,11.0,100
10,Shared Global,correct_hierarchy,aic,15.23847602367401,4.014558909413458,14.337788105010986,9.172462368011475,12.454264163970947,18.174442946910858,22.034475874900817,100
10,Shared Global,correct_hierarchy,bic,18.566912046608522,4.014558909413458,17.66622412794549,12.500898390945979,15.782700186905451,21.502878969845362,25.36291189783532,100
10,Shared Global,correct_hierarchy,aic_weight,0.9992842177518934,0.001227318402819743,0.9997593242791885,0.9957957561888532,0.9992588245877361,0.999925280734588,0.9999788500545912,100
10,Shared Global,correct_hierarchy,bic_weight,0.9998162034388676,0.0003156245664437648,0.9999383177000425,0.9989193157066103,0.9998099749659515,0.9999808527209175,0.9999945804100918,100
10,Shared Global,correct_hierarchy,no_penalty_weight,0.39167796457846143,0.27235839662327943,0.33927242248452044,0.02840866674494655,0.1426503056016236,0.622861905076368,0.8537073733698348,100
25,Fully Local,all_global,global_error,0.02116274585481733,0.016514256341319953,0.018602670170366764,0.0011739932000637055,0.006612956523895264,0.030757933389395475,0.05301852840930223,100
25,Fully Local,all_global,global_analytic_error,0.00741252610925585,0.006574680303862983,0.005724847316741943,0.0011279895901679994,0.0026454031467437744,0.009519636631011963,0.022010631859302514,100
25,Fully Local,all_global,local_rmse,0.9740820640325546,0.1456972601021358,0.9847215414047241,0.7296812206506729,0.8653494268655777,1.0771759748458862,1.1823603570461272,100
25,Fully Local,all_global,local_analytic_rmse,0.9693029588460922,0.14386033880112903,0.9872333705425262,0.721975764632225,0.8692332804203033,1.0694166123867035,1.1826338946819306,100
25,Fully Local,all_global,sharing_range,0.0,0.0,0.0,0.0,0.0,0.0,0.0,100
25,Fully Local,all_global,sharing_std,2.1755695343017578e-08,5.867242924721151e-08,0.0,0.0,0.0,0.0,1.1920928955078125e-07,100
25,Fully Local,all_global,local_estimate_std,4.237517714500427e-09,8.520687767016455e-09,0.0,0.0,0.0,3.725290298461914e-09,2.9802322387695312e-08,100
25,Fully Local,all_global,log_likelihood,-92.41992153167725,14.466275895812517,-92.29593658447266,-115.33885688781739,-101.50358200073242,-84.37367248535156,-66.59648628234864,100
25,Fully Local,all_global,effective_k,2.0,0.0,2.0,2.0,2.0,2.0,2.0,100
25,Fully Local,all_global,aic,188.8398430633545,28.932551791625034,188.5918731689453,137.19297256469727,172.74734497070312,207.00716400146484,234.67771377563477,100
25,Fully Local,all_global,bic,191.2775947130909,28.932551791625034,191.02962481868173,139.63072421443368,175.18509662043954,209.44491565120126,237.11546542537118,100
25,Fully Local,all_global,aic_weight,0.8163541196226567,0.28142924962596044,0.9699974120502073,0.18388580929537574,0.7827748053012236,0.997852384782862,0.9999493285749161,100
25,Fully Local,all_global,bic_weight,0.8163541196226567,0.28142924962596044,0.9699974120502073,0.18388580929537574,0.7827748053012236,0.997852384782862,0.9999493285749161,100
25,Fully Local,all_global,no_penalty_weight,0.8163541196226567,0.28142924962596044,0.9699974120502073,0.18388580929537574,0.7827748053012236,0.997852384782862,0.9999493285749161,100
25,Fully Local,all_local,global_error,0.10340837396681309,0.01398610409268884,0.10442157462239265,0.0799778651446104,0.09361814334988594,0.1134024579077959,0.12716080024838447,100
25,Fully Local,all_local,global_analytic_error,0.10051087662577629,0.013034532734735782,0.10077181458473206,0.081008230894804,0.09121577627956867,0.10902788117527962,0.12140711359679698,100
25,Fully Local,all_local,local_rmse,0.1041764547675848,0.014952151536144003,0.10442429780960083,0.0828616738319397,0.09203752316534519,0.11349881812930107,0.12819194197654724,100
25,Fully Local,all_local,local_analytic_rmse,0.007823732593096792,0.0023314067683901547,0.007630389649420977,0.0049103845842182635,0.0062728970078751445,0.008828308433294296,0.01105074561201036,100
25,Fully Local,all_local,sharing_range,0.4087642475962639,0.07487249723743467,0.4036870002746582,0.3044146806001663,0.34851932525634766,0.4547472894191742,0.5489665299654007,100
25,Fully Local,all_local,sharing_std,0.09982170447707177,0.013143671112809134,0.09941591322422028,0.0798325378447771,0.09111547842621803,0.10838478431105614,0.12038328200578689,100
25,Fully Local,all_local,local_estimate_std,0.9617144054174424,0.1422978633136436,0.9807129204273224,0.7182251781225204,0.8623994886875153,1.0619823932647705,1.1674068510532378,100
25,Fully Local,all_local,log_likelihood,8.354257210493088,10.178041833885024,11.09379768371582,-3.4559260368347164,6.118635416030884,13.830368280410767,16.545255470275876,100
25,Fully Local,all_local,effective_k,50.0,0.0,50.0,50.0,50.0,50.0,50.0,100
25,Fully Local,all_local,aic,83.29148557901382,20.356083667770047,77.81240463256836,66.90948905944825,72.33926343917847,87.76272916793823,106.91185207366942,100
25,Fully Local,all_local,bic,144.23527682242383,20.356083667770047,138.7561958759784,127.85328030285828,133.2830546825885,148.70652041134827,167.85564331707945,100
25,Fully Local,all_local,aic_weight,0.011343289390191937,0.07422645235933749,0.00043915803994864144,2.6156381636130092e-05,0.00010427854700210352,0.001817507143557855,0.017793174073407473,100
25,Fully Local,all_local,bic_weight,0.011343289390191937,0.07422645235933749,0.00043915803994864144,2.6156381636130092e-05,0.00010427854700210352,0.001817507143557855,0.017793174073407473,100
25,Fully Local,all_local,no_penalty_weight,0.011343289390191937,0.07422645235933749,0.00043915803994864144,2.6156381636130092e-05,0.00010427854700210352,0.001817507143557855,0.017793174073407473,100
25,Fully Local,correct_hierarchy,global_error,0.10340837396681309,0.01398610409268884,0.10442157462239265,0.0799778651446104,0.09361814334988594,0.1134024579077959,0.12716080024838447,100
25,Fully Local,correct_hierarchy,global_analytic_error,0.10051087662577629,0.013034532734735782,0.10077181458473206,0.081008230894804,0.09121577627956867,0.10902788117527962,0.12140711359679698,100
25,Fully Local,correct_hierarchy,local_rmse,0.1041764547675848,0.014952151536144003,0.10442429780960083,0.0828616738319397,0.09203752316534519,0.11349881812930107,0.12819194197654724,100
25,Fully Local,correct_hierarchy,local_analytic_rmse,0.007823732593096792,0.0023314067683901547,0.007630389649420977,0.0049103845842182635,0.0062728970078751445,0.008828308433294296,0.01105074561201036,100
25,Fully Local,correct_hierarchy,sharing_range,0.4087642475962639,0.07487249723743467,0.4036870002746582,0.3044146806001663,0.34851932525634766,0.4547472894191742,0.5489665299654007,100
25,Fully Local,correct_hierarchy,sharing_std,0.09982170447707177,0.013143671112809134,0.09941591322422028,0.0798325378447771,0.09111547842621803,0.10838478431105614,0.12038328200578689,100
25,Fully Local,correct_hierarchy,local_estimate_std,0.9617144054174424,0.1422978633136436,0.9807129204273224,0.7182251781225204,0.8623994886875153,1.0619823932647705,1.1674068510532378,100
25,Fully Local,correct_hierarchy,log_likelihood,8.354257210493088,10.178041833885024,11.09379768371582,-3.4559260368347164,6.118635416030884,13.830368280410767,16.545255470275876,100
25,Fully Local,correct_hierarchy,effective_k,50.0,0.0,50.0,50.0,50.0,50.0,50.0,100
25,Fully Local,correct_hierarchy,aic,83.29148557901382,20.356083667770047,77.81240463256836,66.90948905944825,72.33926343917847,87.76272916793823,106.91185207366942,100
25,Fully Local,correct_hierarchy,bic,144.23527682242383,20.356083667770047,138.7561958759784,127.85328030285828,133.2830546825885,148.70652041134827,167.85564331707945,100
25,Fully Local,correct_hierarchy,aic_weight,4.4128246660165385e-09,2.2359363543301628e-08,1.3976799275920886e-10,9.552231087742006e-13,2.20983548282596e-11,1.0765335012453732e-09,6.58148087666657e-09,100
25,Fully Local,correct_hierarchy,bic_weight,1.9611200701316958e-15,9.93680977332662e-15,6.211481411411537e-17,4.245142586612597e-19,9.820812155383296e-18,4.784262624087663e-16,2.924900442623639e-15,100
25,Fully Local,correct_hierarchy,no_penalty_weight,0.6545999434081025,0.3562182589560654,0.7868164293259803,0.02467780533951905,0.36824686420158764,0.9660839689083143,0.9942910357622418,100
25,Shared Global,all_global,global_error,0.021428033981937916,0.016315119047691413,0.018903374671936035,0.002979457378387451,0.00775735080242157,0.030995309352874756,0.05258308053016662,100
25,Shared Global,all_global,global_analytic_error,0.008477669693529605,0.006878427390962232,0.007100701332092285,0.0002523183822631836,0.0033484697341918945,0.012409955263137817,0.020358135085552925,100
25,Shared Global,all_global,local_rmse,0.9759685081243515,0.14611584021908938,0.9827167391777039,0.7312257677316666,0.8681835979223251,1.0743148028850555,1.1812245488166808,100
25,Shared Global,all_global,local_analytic_rmse,0.9712206399440766,0.14444168360657014,0.98360875248909,0.7245660781860351,0.8711013048887253,1.068271815776825,1.1824108004570006,100
25,Shared Global,all_global,sharing_range,0.0,0.0,0.0,0.0,0.0,0.0,0.0,100
25,Shared Global,all_global,sharing_std,2.9355287551879882e-08,5.84055708630926e-08,0.0,0.0,0.0,2.9802322387695312e-08,1.1920928955078125e-07,100
25,Shared Global,all_global,local_estimate_std,3.846362233161926e-09,7.407423089794707e-09,0.0,0.0,0.0,4.6566128730773926e-09,1.4901161193847656e-08,100
25,Shared Global,all_global,log_likelihood,-96.44816959381103,16.977047209890934,-95.6910629272461,-123.80356559753417,-104.5882797241211,-85.05588912963867,-68.22236213684083,100
25,Shared Global,all_global,effective_k,2.0,0.0,2.0,2.0,2.0,2.0,2.0,100
25,Shared Global,all_global,aic,196.89633918762206,33.95409441978187,195.3821258544922,140.44472427368163,174.11177825927734,213.1765594482422,251.60713119506835,100
25,Shared Global,all_global,bic,199.33409083735853,33.95409441978187,197.8198775042286,142.88247592341804,176.54952990901376,215.6143110979786,254.04488284480476,100
25,Shared Global,all_global,aic_weight,0.1836458803773434,0.28142924962596044,0.030002587949792645,5.0671425083858084e-05,0.0021476152171378787,0.21722519469877655,0.8161141907046242,100
25,Shared Global,all_global,bic_weight,0.1836458803773434,0.28142924962596044,0.030002587949792645,5.0671425083858084e-05,0.0021476152171378787,0.21722519469877655,0.8161141907046242,100
25,Shared Global,all_global,no_penalty_weight,0.1836458803773434,0.28142924962596044,0.030002587949792645,5.0671425083858084e-05,0.0021476152171378787,0.21722519469877655,0.8161141907046242,100
25,Shared Global,all_local,global_error,0.10326224617660046,0.013755591581210522,0.10353271290659904,0.08189613223075867,0.09391093999147415,0.11135727539658546,0.12333414442837237,100
25,Shared Global,all_local,global_analytic_error,0.10036445274949074,0.012886121661753253,0.09989368170499802,0.08095337972044944,0.09188341721892357,0.10829620063304901,0.12127170488238334,100
25,Shared Global,all_local,local_rmse,0.10415573500096797,0.015030029543540413,0.10453067347407341,0.08268462643027305,0.09118309244513512,0.11340629309415817,0.1289798617362976,100
25,Shared Global,all_local,local_analytic_rmse,0.004858864967245608,0.0011242770142075211,0.004767115926370025,0.0038074954762123527,0.00432953389827162,0.005084017291665077,0.00591298162471503,100
25,Shared Global,all_local,sharing_range,0.4090052491426468,0.07473722007257873,0.4037609398365021,0.30308815836906433,0.35081684589385986,0.4564412385225296,0.5544812798500061,100
25,Shared Global,all_local,sharing_std,0.0999030677974224,0.013098964884789933,0.0991932712495327,0.08064618557691575,0.09155080653727055,0.10792865417897701,0.12068062201142311,100
25,Shared Global,all_local,local_estimate_std,0.9631689113378524,0.1427265806696729,0.9789518117904663,0.7189405739307404,0.8639040738344193,1.0593814849853516,1.1730477213859558,100
25,Shared Global,all_local,log_likelihood,15.907756748199462,9.740935355677696,18.27940273284912,5.417181658744813,15.067408561706543,20.515342235565186,22.477101707458495,100
25,Shared Global,all_local,effective_k,50.0,0.0,50.0,50.0,50.0,50.0,50.0,100
25,Shared Global,all_local,aic,68.18448650360108,19.48187071135539,63.44119453430176,55.04579658508301,58.96931552886963,69.86518287658691,89.16563668251037,100
25,Shared Global,all_local,bic,129.12827774701108,19.48187071135539,124.38498577771179,115.98958782849304,119.91310677227966,130.80897411999695,150.1094279259204,100
25,Shared Global,all_local,aic_weight,0.9886567106098082,0.07422645235933747,0.9995608419600515,0.9822068259265925,0.9981824928564421,0.9998957214529979,0.9999738436183638,100
25,Shared Global,all_local,bic_weight,0.9886567106098082,0.07422645235933747,0.9995608419600515,0.9822068259265925,0.9981824928564421,0.9998957214529979,0.9999738436183638,100
25,Shared Global,all_local,no_penalty_weight,0.9886567106098082,0.07422645235933747,0.9995608419600515,0.9822068259265925,0.9981824928564421,0.9998957214529979,0.9999738436183638,100
25,Shared Global,correct_hierarchy,global_error,0.020245223632082344,0.01435669038452772,0.017391622066497803,0.0021083444356918336,0.009851828450337052,0.02680782973766327,0.04645951390266418,100
25,Shared Global,correct_hierarchy,global_analytic_error,0.0030249658707907656,0.0026713765460874977,0.00237099826335907,0.00017593801021575928,0.0007454901933670044,0.005258902907371521,0.007139766192995012,100
25,Shared Global,correct_hierarchy,local_rmse,0.10419061705470085,0.014988032424199034,0.10420382022857666,0.08302416056394576,0.09139390476047993,0.11369388736784458,0.1293173536658287,100
25,Shared Global,correct_hierarchy,local_analytic_rmse,0.0057639168109744785,0.001618193561829917,0.005438132444396615,0.0037608465645462275,0.004747648956254125,0.006677616271190345,0.008440156653523444,100
25,Shared Global,correct_hierarchy,sharing_range,0.0,0.0,0.0,0.0,0.0,0.0,0.0,100
25,Shared Global,correct_hierarchy,sharing_std,4.3883919715881345e-08,7.843524601768371e-08,0.0,0.0,0.0,5.960464477539063e-08,2.384185791015625e-07,100
25,Shared Global,correct_hierarchy,local_estimate_std,0.9626390260457992,0.1426216251269142,0.9782584011554718,0.7166230171918869,0.8636715859174728,1.0595650374889374,1.169900608062744,100
25,Shared Global,correct_hierarchy,log_likelihood,7.09236575961113,8.721530546324281,9.281841278076172,-0.8863919138908386,5.748280644416809,11.17641305923462,13.427259397506713,100
25,Shared Global,correct_hierarchy,effective_k,26.0,0.0,26.0,26.0,26.0,26.0,26.0,100
25,Shared Global,correct_hierarchy,aic,37.81526848077774,17.443061092648563,33.436317443847656,25.145481204986574,29.64717388153076,40.50343871116638,53.77278382778168,100
25,Shared Global,correct_hierarchy,bic,69.50603992735095,17.443061092648563,65.12708889042086,56.83625265155978,61.33794532810397,72.19421015773959,85.46355527435489,100
25,Shared Global,correct_hierarchy,aic_weight,0.9999999955871754,2.2359363537077064e-08,0.9999999998602319,0.999999993418519,0.9999999989234665,0.9999999999779017,0.9999999999990449,100
25,Shared Global,correct_hierarchy,bic_weight,0.999999999999998,9.934147979185018e-15,1.0,0.9999999999999971,0.9999999999999996,1.0,1.0,100
25,Shared Global,correct_hierarchy,no_penalty_weight,0.34540005659189765,0.35621825895606546,0.2131835706740196,0.005708964237758354,0.03391603109168578,0.6317531357984124,0.975322194660481,100
50,Fully Local,all_global,global_error,0.012556359269656241,0.010633644479872629,0.008698552381247282,0.0014720677223522217,0.0037560907658189535,0.019063325133174658,0.033040271699428546,100
50,Fully Local,all_global,global_analytic_error,0.005826663030165946,0.004689634320090671,0.004696950316429138,0.00041253045201301576,0.002106621686834842,0.00822518765926361,0.013054260611534117,100
50,Fully Local,all_global,local_rmse,0.9824767875671386,0.10312430546987726,0.9904946684837341,0.79845030605793,0.9125523269176483,1.0549096465110779,1.1276662409305573,100
50,Fully Local,all_global,local_analytic_rmse,0.9748863983154297,0.1024181052159408,0.9864725470542908,0.7912443548440933,0.9068973511457443,1.0513098239898682,1.1096685349941253,100
50,Fully Local,all_global,sharing_range,0.0,0.0,0.0,0.0,0.0,0.0,0.0,100
50,Fully Local,all_global,sharing_std,5.1953829824924466e-08,7.294907567638869e-08,1.4901161193847656e-08,0.0,0.0,7.450580596923828e-08,2.384185791015625e-07,100
50,Fully Local,all_global,local_estimate_std,4.870817065238953e-09,7.892388880711536e-09,0.0,0.0,0.0,7.450580596923828e-09,1.5646219253539997e-08,100
50,Fully Local,all_global,log_likelihood,-183.9168016052246,19.026724613245925,-184.21660614013672,-216.08166961669923,-196.98186492919922,-168.8672981262207,-159.38506546020508,100
50,Fully Local,all_global,effective_k,2.0,0.0,2.0,2.0,2.0,2.0,2.0,100
50,Fully Local,all_global,aic,371.8336032104492,38.05344922649185,372.43321228027344,322.77013092041017,341.7345962524414,397.96372985839844,436.1633392333984,100
50,Fully Local,all_global,bic,375.6576492213055,38.05344922649185,376.25725829112974,326.5941769312665,345.5586422632977,401.78777586925474,439.9873852442547,100
50,Fully Local,all_global,aic_weight,0.8404260379177942,0.29532684081588784,0.9965352185499896,0.07236698165782833,0.8647990261119215,0.9999627197689662,0.999999985988818,100
50,Fully Local,all_global,bic_weight,0.8404260379177942,0.29532684081588784,0.9965352185499896,0.07236698165782833,0.8647990261119215,0.9999627197689662,0.999999985988818,100
50,Fully Local,all_global,no_penalty_weight,0.8404260379177942,0.29532684081588784,0.9965352185499896,0.07236698165782833,0.8647990261119215,0.9999627197689662,0.999999985988818,100
50,Fully Local,all_local,global_error,0.10577646024525166,0.01051047613870752,0.10507038608193398,0.09106414467096328,0.09818597696721554,0.11264567822217941,0.12374062836170197,100
50,Fully Local,all_local,global_analytic_error,0.10474633276462555,0.010637817477189964,0.10428323224186897,0.08948681652545928,0.09744455479085445,0.11118467152118683,0.12369592674076557,100
50,Fully Local,all_local,local_rmse,0.10545318722724914,0.009854556067061739,0.10643422976136208,0.08779793903231621,0.09995732083916664,0.1119371596723795,0.12086111009120941,100
50,Fully Local,all_local,local_analytic_rmse,0.007195359924808144,0.001322289774070819,0.006927976384758949,0.005357114668004215,0.006144473445601761,0.008143741404637694,0.009568904852494597,100
50,Fully Local,all_local,sharing_range,0.48020174741745,0.0650299930251201,0.4756343960762024,0.38733991980552673,0.43040239065885544,0.5179523676633835,0.5860546171665191,100
50,Fully Local,all_local,sharing_std,0.10430072151124477,0.010727833482444982,0.10390528663992882,0.08849586062133312,0.09707338735461235,0.11084801331162453,0.12368845716118812,100
50,Fully Local,all_local,local_estimate_std,0.9682103663682937,0.10151358688541297,0.9787819981575012,0.7874648004770279,0.9016440063714981,1.045818954706192,1.1033000290393828,100
50,Fully Local,all_local,log_likelihood,20.09477045059204,13.761807165148351,22.92271614074707,-1.1897795557975765,13.656805992126465,28.723902225494385,35.24990673065185,100
50,Fully Local,all_local,effective_k,100.0,0.0,100.0,100.0,100.0,100.0,100.0,100
50,Fully Local,all_local,aic,159.81045909881593,27.523614330296702,154.15456771850586,129.50018653869628,142.55219554901123,172.68638801574707,202.37955911159514,100
50,Fully Local,all_local,bic,351.01275964163045,27.523614330296695,345.35686826132047,320.7024870815109,333.75449609182584,363.8886885585617,393.58185965440975,100
50,Fully Local,all_local,aic_weight,0.0016750875425391987,0.008113568086760005,1.2367018824283623e-07,1.7205119234875262e-09,1.0174545951485507e-08,9.62577316343058e-06,0.0014216231667126703,100
50,Fully Local,all_local,bic_weight,0.0016750875425391987,0.008113568086760005,1.2367018824283623e-07,1.7205119234875262e-09,1.0174545951485507e-08,9.62577316343058e-06,0.0014216231667126703,100
50,Fully Local,all_local,no_penalty_weight,0.0016750875425391987,0.008113568086760005,1.2367018824283623e-07,1.7205119234875262e-09,1.0174545951485507e-08,9.62577316343058e-06,0.0014216231667126703,100
50,Fully Local,correct_hierarchy,global_error,0.10577646024525166,0.01051047613870752,0.10507038608193398,0.09106414467096328,0.09818597696721554,0.11264567822217941,0.12374062836170197,100
50,Fully Local,correct_hierarchy,global_analytic_error,0.10474633276462555,0.010637817477189964,0.10428323224186897,0.08948681652545928,0.09744455479085445,0.11118467152118683,0.12369592674076557,100
50,Fully Local,correct_hierarchy,local_rmse,0.10545318722724914,0.009854556067061739,0.10643422976136208,0.08779793903231621,0.09995732083916664,0.1119371596723795,0.12086111009120941,100
50,Fully Local,correct_hierarchy,local_analytic_rmse,0.007195359924808144,0.001322289774070819,0.006927976384758949,0.005357114668004215,0.006144473445601761,0.008143741404637694,0.009568904852494597,100
50,Fully Local,correct_hierarchy,sharing_range,0.48020174741745,0.0650299930251201,0.4756343960762024,0.38733991980552673,0.43040239065885544,0.5179523676633835,0.5860546171665191,100
50,Fully Local,correct_hierarchy,sharing_std,0.10430072151124477,0.010727833482444982,0.10390528663992882,0.08849586062133312,0.09707338735461235,0.11084801331162453,0.12368845716118812,100
50,Fully Local,correct_hierarchy,local_estimate_std,0.9682103663682937,0.10151358688541297,0.9787819981575012,0.7874648004770279,0.9016440063714981,1.045818954706192,1.1033000290393828,100
50,Fully Local,correct_hierarchy,log_likelihood,20.09477045059204,13.761807165148351,22.92271614074707,-1.1897795557975765,13.656805992126465,28.723902225494385,35.24990673065185,100
50,Fully Local,correct_hierarchy,effective_k,100.0,0.0,100.0,100.0,100.0,100.0,100.0,100
50,Fully Local,correct_hierarchy,aic,159.81045909881593,27.523614330296702,154.15456771850586,129.50018653869628,142.55219554901123,172.68638801574707,202.37955911159514,100
50,Fully Local,correct_hierarchy,bic,351.01275964163045,27.523614330296695,345.35686826132047,320.7024870815109,333.75449609182584,363.8886885585617,393.58185965440975,100
50,Fully Local,correct_hierarchy,aic_weight,8.09573014607898e-16,5.380301584635773e-15,2.6629315495003654e-20,9.28079765864525e-24,1.0089270758688084e-21,1.5617667160251245e-18,3.7982940972945513e-16,100
50,Fully Local,correct_hierarchy,bic_weight,3.663705280829745e-36,2.434843920487378e-35,1.2051039503975444e-40,4.2000050370698187e-44,4.5658778011799484e-42,7.067741712829256e-39,1.7189098316403092e-36,100
50,Fully Local,correct_hierarchy,no_penalty_weight,0.7577479865331185,0.35882368608957926,0.9806917167644345,0.01738945379939831,0.6496743465159276,0.9996641531549177,0.9999985863257623,100
50,Shared Global,all_global,global_error,0.015200200036633759,0.010835664911908469,0.012943476904183626,0.0016393810510635376,0.007341056712903082,0.01939449179917574,0.036545869708061215,100
50,Shared Global,all_global,global_analytic_error,0.008839015788034886,0.005750429533918268,0.00761568546295166,0.00039536950207548217,0.004521481692790985,0.013853012816980481,0.018683451414108276,100
50,Shared Global,all_global,local_rmse,0.9854141700267792,0.10363385512949838,0.9941808581352234,0.8015144050121308,0.9165230244398117,1.0579613149166107,1.1302977919578552,100
50,Shared Global,all_global,local_analytic_rmse,0.9777566474676133,0.10287908150011442,0.989517867565155,0.7936062395572663,0.9051073789596558,1.0510444045066833,1.1130429923534393,100
50,Shared Global,all_global,sharing_range,0.0,0.0,0.0,0.0,0.0,0.0,0.0,100
50,Shared Global,all_global,sharing_std,5.5152922868728637e-08,7.366707868484567e-08,1.4901161193847656e-08,0.0,0.0,1.1920928955078125e-07,2.384185791015625e-07,100
50,Shared Global,all_global,local_estimate_std,7.348135113716125e-09,9.89402647731563e-09,3.725290298461914e-09,0.0,0.0,1.4901161193847656e-08,2.9802322387695312e-08,100
50,Shared Global,all_global,log_likelihood,-190.31532135009766,21.84200524601665,-188.8512420654297,-230.1922119140625,-206.43140411376953,-172.70132064819336,-161.72786178588868,100
50,Shared Global,all_global,effective_k,2.0,0.0,2.0,2.0,2.0,2.0,2.0,100
50,Shared Global,all_global,aic,384.6306427001953,43.6840104920333,381.7024841308594,327.45572357177736,349.4026412963867,416.86280822753906,464.384423828125,100
50,Shared Global,all_global,bic,388.45468871105163,43.6840104920333,385.5265301417157,331.27976958263366,353.226687307243,420.68685423839537,468.20846983898133,100
50,Shared Global,all_global,aic_weight,0.15957396208220564,0.29532684081588784,0.003464781450010409,1.4011182056045851e-08,3.728023103374587e-05,0.13520097388807845,0.9276330183421716,100
50,Shared Global,all_global,bic_weight,0.15957396208220564,0.29532684081588784,0.003464781450010409,1.4011182056045851e-08,3.728023103374587e-05,0.13520097388807845,0.9276330183421716,100
50,Shared Global,all_global,no_penalty_weight,0.15957396208220564,0.29532684081588784,0.003464781450010409,1.4011182056045851e-08,3.728023103374587e-05,0.13520097388807845,0.9276330183421716,100
50,Shared Global,all_local,global_error,0.10591848447918892,0.010711383244984971,0.1054057851433754,0.0911738969385624,0.09820817969739437,0.11249124072492123,0.12408863082528114,100
50,Shared Global,all_local,global_analytic_error,0.10482808247208596,0.010706370003228794,0.10449382662773132,0.08874565847218037,0.09731843508780003,0.11141203343868256,0.12394284382462502,100
50,Shared Global,all_local,local_rmse,0.10527425236999989,0.009835508066281126,0.1062060184776783,0.08671436458826065,0.09975363686680794,0.11190035007894039,0.12032434716820717,100
50,Shared Global,all_local,local_analytic_rmse,0.00475926743587479,0.0007242759292017649,0.0046326410956680775,0.004025780945084989,0.004313172190450132,0.004990714020095766,0.0059733172878623005,100
50,Shared Global,all_local,sharing_range,0.48001322358846665,0.06540989162947265,0.4773334711790085,0.3852563500404358,0.43138955533504486,0.5172163993120193,0.5811304867267608,100
50,Shared Global,all_local,sharing_std,0.1043265376985073,0.010735055205561688,0.10403333231806755,0.08817868009209633,0.09710694663226604,0.1109315063804388,0.12376573085784912,100
50,Shared Global,all_local,local_estimate_std,0.9695989239215851,0.10175867237598699,0.9813254177570343,0.7869558900594711,0.9002265334129333,1.0453746914863586,1.1048716187477112,100
50,Shared Global,all_local,log_likelihood,34.83367889881134,10.980404648128305,38.01651954650879,15.887061262130738,31.9312686920166,40.979841232299805,44.41282939910889,100
50,Shared Global,all_local,effective_k,100.0,0.0,100.0,100.0,100.0,100.0,100.0,100
50,Shared Global,all_local,aic,130.33264220237731,21.96080929625661,123.96696090698242,111.17434120178223,118.04031753540039,136.1374626159668,168.2258774757385,100
50,Shared Global,all_local,bic,321.534942745192,21.96080929625661,315.16926144979703,302.37664174459684,309.242618078215,327.3397631587814,359.4281780185531,100
50,Shared Global,all_local,aic_weight,0.998324912457461,0.008113568086759993,0.9999998763298117,0.9985783768332874,0.9999903742268366,0.9999999898254541,0.9999999982794882,100
50,Shared Global,all_local,bic_weight,0.998324912457461,0.008113568086759993,0.9999998763298117,0.9985783768332874,0.9999903742268366,0.9999999898254541,0.9999999982794882,100
50,Shared Global,all_local,no_penalty_weight,0.998324912457461,0.008113568086759993,0.9999998763298117,0.9985783768332874,0.9999903742268366,0.9999999898254541,0.9999999982794882,100
50,Shared Global,correct_hierarchy,global_error,0.01246697209047852,0.010321160160505403,0.010057509411126375,0.000996202975511551,0.00426744669675827,0.018540948629379272,0.03654281497001648,100
50,Shared Global,correct_hierarchy,global_analytic_error,0.003450493540003663,0.0023433100936106,0.0033190102549269795,0.00024143754126271233,0.0013239383697509766,0.00518423318862915,0.007285893382504582,100
50,Shared Global,correct_hierarchy,local_rmse,0.10531162336468697,0.009816075367614436,0.10622726008296013,0.08737296909093857,0.0998818427324295,0.11210428923368454,0.1196038007736206,100
50,Shared Global,correct_hierarchy,local_analytic_rmse,0.005419685302767902,0.0011952908924920873,0.005099236965179443,0.004009899217635393,0.004551611607894301,0.006187031394802034,0.007868354115635157,100
50,Shared Global,correct_hierarchy,sharing_range,0.0,0.0,0.0,0.0,0.0,0.0,0.0,100
50,Shared Global,correct_hierarchy,sharing_std,5.5748969316482543e-08,8.075814042068577e-08,1.1175870895385742e-08,0.0,0.0,5.960464477539063e-08,2.384185791015625e-07,100
50,Shared Global,correct_hierarchy,local_estimate_std,0.9692772006988526,0.1017421133667891,0.9807509481906891,0.786538514494896,0.9005230218172073,1.0454329252243042,1.1050761342048645,100
50,Shared Global,correct_hierarchy,log_likelihood,15.901257646083831,9.9352837674775,18.32968807220459,-1.2130064368247984,13.266188621520996,21.32605743408203,26.242498874664307,100
50,Shared Global,correct_hierarchy,effective_k,51.0,0.0,51.0,51.0,51.0,51.0,51.0,100
50,Shared Global,correct_hierarchy,aic,70.19748470783233,19.870567534955,65.34062385559082,49.51500225067139,59.34788513183594,75.46762275695801,104.4260128736496,100
50,Shared Global,correct_hierarchy,bic,167.7106579846678,19.870567534955,162.85379713242625,147.02817552750682,156.86105840867137,172.98079603379344,201.93918615048503,100
50,Shared Global,correct_hierarchy,aic_weight,0.9999999999999991,5.393352375241981e-15,1.0,0.9999999999999996,1.0,1.0,1.0,100
50,Shared Global,correct_hierarchy,bic_weight,1.0,0.0,1.0,1.0,1.0,1.0,1.0,100
50,Shared Global,correct_hierarchy,no_penalty_weight,0.24225201346688144,0.35882368608957926,0.019308283235565517,1.413674237626627e-06,0.00033584684508219503,0.3503256534840723,0.9826105462006017,100
