label,n_observations,run,shared_all_local_log_likelihood,local_all_local_log_likelihood,invalid_shared_k,valid_shared_all_local_k,local_k,invalid_shared_bic,local_bic,invalid_shared_bic_weight
INVALID: all-local optimization with shared-model penalty,2,0,1.8676509857177734,1.2949378490447998,3,4,4,-1.6558604297557111,0.18271302415018154,0.7148967491120471
INVALID: all-local optimization with shared-model penalty,2,1,1.3008038997650146,0.6638102531433105,3,4,4,-0.5221662578501935,1.44496821595316,0.7278154603924271
INVALID: all-local optimization with shared-model penalty,2,2,0.18259692192077637,-0.5321614742279053,3,4,4,1.714247697838283,3.8369116706955917,0.7429450073445939
INVALID: all-local optimization with shared-model penalty,2,3,1.1478044986724854,0.3647117614746094,3,4,4,-0.21616745566513496,2.0431651992905624,0.7557773157562216
INVALID: all-local optimization with shared-model penalty,2,4,1.8114218711853027,1.063478946685791,3,4,4,-1.5434022006907697,0.6456308288681991,0.7492312563204729
INVALID: all-local optimization with shared-model penalty,2,5,0.9732944965362549,0.07908773422241211,3,4,4,0.13285254860732598,2.614413253794957,0.7756998167234251
INVALID: all-local optimization with shared-model penalty,2,6,1.7772176265716553,1.376774549484253,3,4,4,-1.4749937114634748,0.019039623271275286,0.6785282987410817
INVALID: all-local optimization with shared-model penalty,2,7,0.6942856311798096,-0.07984590530395508,3,4,4,0.6908702793202166,2.9322805328476913,0.7541194867976863
INVALID: all-local optimization with shared-model penalty,2,8,1.3713741302490234,0.4911165237426758,3,4,4,-0.6633067188182111,1.7903556747544296,0.7732634784143559
INVALID: all-local optimization with shared-model penalty,2,9,1.752399206161499,1.1580839157104492,3,4,4,-1.4253568706431623,0.4564208908188827,0.7192791722090256
INVALID: all-local optimization with shared-model penalty,2,10,0.21068525314331055,-0.674506664276123,3,4,4,1.6580710353932147,4.121602050792028,0.7741274300192332
INVALID: all-local optimization with shared-model penalty,2,11,1.0940897464752197,0.37628912925720215,3,4,4,-0.1087379512706037,2.020010463725377,0.7435255742581418
INVALID: all-local optimization with shared-model penalty,2,12,2.2226192951202393,1.7984178066253662,3,4,4,-2.3657970485606428,-0.8242468910109513,0.6836885349858957
INVALID: all-local optimization with shared-model penalty,2,13,0.9472200870513916,0.40073513984680176,3,4,4,0.18500136757705254,1.9711184425461776,0.7095209438449426
INVALID: all-local optimization with shared-model penalty,2,14,1.793543815612793,0.9924359321594238,3,4,4,-1.5076460895457502,0.7877168579209335,0.7590871738885587
INVALID: all-local optimization with shared-model penalty,2,15,1.6602811813354492,1.0714318752288818,3,4,4,-1.2411208209910627,0.6297249717820175,0.7181741773207863
INVALID: all-local optimization with shared-model penalty,2,16,1.238483190536499,0.48557281494140625,3,4,4,-0.3975248393931623,1.8014430923569686,0.7501634038571033
INVALID: all-local optimization with shared-model penalty,2,17,2.033475399017334,1.4075915813446045,3,4,4,-1.9875092563548322,-0.04259444044942784,0.725609040254273
INVALID: all-local optimization with shared-model penalty,2,18,-0.22788071632385254,-1.0873475074768066,3,4,4,2.535202974327541,4.947283737193395,0.7695975904290524
INVALID: all-local optimization with shared-model penalty,2,19,2.093249559402466,1.5480632781982422,3,4,4,-2.107057577125096,-0.32353783415670323,0.7092532147063872
INVALID: all-local optimization with shared-model penalty,2,20,1.5601811408996582,0.9666478633880615,3,4,4,-1.0409207401194807,0.8392929954636581,0.7191212437068328
INVALID: all-local optimization with shared-model penalty,2,21,1.6797356605529785,0.6958925724029541,3,4,4,-1.2800297794261213,1.380803577433873,0.79090954993226
INVALID: all-local optimization with shared-model penalty,2,22,1.460085391998291,0.623558521270752,3,4,4,-0.8407292423167463,1.5254716796982772,0.7655048168937131
INVALID: all-local optimization with shared-model penalty,2,23,1.0017952919006348,0.41634106636047363,3,4,4,0.07585095787856622,1.9399065895188339,0.7174865042059568
INVALID: all-local optimization with shared-model penalty,2,24,2.050748586654663,1.7749507427215576,3,4,4,-2.0220556316294904,-0.7773127632033341,0.6507577019448537
INVALID: all-local optimization with shared-model penalty,2,25,0.649611234664917,-0.011236190795898438,3,4,4,0.7802190723500018,2.795061103831578,0.7325151346557618
INVALID: all-local optimization with shared-model penalty,2,26,1.4539954662322998,0.8344712257385254,3,4,4,-0.8285493907847639,1.1036462707627304,0.7243410298305499
INVALID: all-local optimization with shared-model penalty,2,27,1.0492732524871826,0.40510010719299316,3,4,4,-0.019104963294529487,1.9623885078537948,0.7292353913728578
INVALID: all-local optimization with shared-model penalty,2,28,1.5239613056182861,0.8550608158111572,3,4,4,-0.9684810695567365,1.0624670906174667,0.7340900680962915
INVALID: all-local optimization with shared-model penalty,2,29,0.8939850330352783,0.12438154220581055,3,4,4,0.2914714756092791,2.52382563782816,0.7532789159123682
INVALID: all-local optimization with shared-model penalty,2,30,-0.5497040748596191,-1.411863088607788,3,4,4,3.178849691399074,5.596314899455358,0.770074621112842
INVALID: all-local optimization with shared-model penalty,2,31,2.008788585662842,1.4726934432983398,3,4,4,-1.9381356296458478,-0.17279816435689854,0.7073749426607353
INVALID: all-local optimization with shared-model penalty,2,32,1.5792968273162842,0.943634033203125,3,4,4,-1.0791521129527326,0.8853206558335311,0.7275517384374849
INVALID: all-local optimization with shared-model penalty,2,33,-0.9566807746887207,-1.8783957958221436,3,4,4,3.992803091057277,6.529380313884069,0.7804496456554108
INVALID: all-local optimization with shared-model penalty,2,34,0.877265453338623,0.2932116985321045,3,4,4,0.32491063500258965,2.186165325175572,0.717202542876223
INVALID: all-local optimization with shared-model penalty,2,35,1.5382375717163086,0.9181950092315674,3,4,4,-0.9970336017527814,0.9361987037766464,0.7244445117185679
INVALID: all-local optimization with shared-model penalty,2,36,1.7270610332489014,1.1366515159606934,3,4,4,-1.374680524817967,0.4992856903183944,0.7184898565876208
INVALID: all-local optimization with shared-model penalty,2,37,1.6358540058135986,1.0732331275939941,3,4,4,-1.1922664699473615,0.6261224670517929,0.7128352978133303
INVALID: all-local optimization with shared-model penalty,2,38,1.8910703659057617,1.3824732303619385,3,4,4,-1.7026991901316877,0.007642261515904192,0.7016506940771126
INVALID: all-local optimization with shared-model penalty,2,39,1.8447091579437256,1.2288410663604736,3,4,4,-1.6099767742076154,0.3149065895188339,0.7236104040842416
INVALID: all-local optimization with shared-model penalty,2,40,0.41835451126098633,-0.32030320167541504,3,4,4,1.242732519157863,3.4131951255906112,0.7474826817385772
INVALID: all-local optimization with shared-model penalty,2,41,1.4516820907592773,0.9251952171325684,3,4,4,-0.8239226398387189,0.9221982879746444,0.7053821175888567
INVALID: all-local optimization with shared-model penalty,2,42,1.0383381843566895,0.28793978691101074,3,4,4,0.0027651729664568414,2.1967091484177597,0.7496923174692901
INVALID: all-local optimization with shared-model penalty,2,43,1.9166984558105469,1.752258062362671,3,4,4,-1.753955369941258,-0.7319274024855607,0.6250441458265167
INVALID: all-local optimization with shared-model penalty,2,44,1.6831495761871338,1.0560739040374756,3,4,4,-1.2868576106944318,0.66044091416483,0.7258462753302382
INVALID: all-local optimization with shared-model penalty,2,45,1.8055219650268555,1.1708881855010986,3,4,4,-1.5316023883738752,0.4308123512375839,0.7273477191997192
INVALID: all-local optimization with shared-model penalty,2,46,1.1602318286895752,0.5834050178527832,3,4,4,-0.24102211569931464,1.6057786865342147,0.7157344539342188
INVALID: all-local optimization with shared-model penalty,2,47,2.1576497554779053,2.211017608642578,3,4,4,-2.235857969275975,-1.649446495045375,0.5727807686878086
INVALID: all-local optimization with shared-model penalty,2,48,2.012277364730835,0.8670182228088379,3,4,4,-1.9451131877818342,1.0385522766221054,0.8163531963142554
INVALID: all-local optimization with shared-model penalty,2,49,1.6714494228363037,1.3318641185760498,3,4,4,-1.2634573039927717,0.10886048508768154,0.6651119096974641
INVALID: all-local optimization with shared-model penalty,2,50,1.9082272052764893,1.347949504852295,3,4,4,-1.7370128688731428,0.0766897125351913,0.7123554075497915
INVALID: all-local optimization with shared-model penalty,2,51,0.05516409873962402,-0.6797471046447754,3,4,4,1.9691133442005877,4.132082931529332,0.7467748639022447
INVALID: all-local optimization with shared-model penalty,2,52,0.9247848987579346,0.13355565071105957,3,4,4,0.2298717441639666,2.505477420817662,0.7572760091176527
INVALID: all-local optimization with shared-model penalty,2,53,1.5085585117340088,0.8355224132537842,3,4,4,-0.9376754817881818,1.1015438957322128,0.7348965645961746
INVALID: all-local optimization with shared-model penalty,2,54,1.124894380569458,0.4661874771118164,3,4,4,-0.17034721945908027,1.8402137680161483,0.7320955191281532
INVALID: all-local optimization with shared-model penalty,2,55,1.7004168033599854,0.9834251403808594,3,4,4,-1.321392065040135,0.8057384414780624,0.7433712801034764
INVALID: all-local optimization with shared-model penalty,2,56,1.1164860725402832,0.2641947269439697,3,4,4,-0.15353060340073066,2.2441992683518417,0.768322800360301
INVALID: all-local optimization with shared-model penalty,2,57,0.5890021324157715,0.07671427726745605,3,4,4,0.9014372768482928,2.619160167704869,0.7024227227899846
INVALID: all-local optimization with shared-model penalty,2,58,1.9541306495666504,1.6595325469970703,3,4,4,-1.828819757453465,-0.5464763717543595,0.6550182753285627
INVALID: all-local optimization with shared-model penalty,2,59,1.6138851642608643,1.1212091445922852,3,4,4,-1.1483287868418928,0.5301704330552108,0.6983071516521421
INVALID: all-local optimization with shared-model penalty,2,60,0.2546370029449463,-0.5411694049835205,3,4,4,1.5701675357899432,3.854927532206822,0.7581163415136648
INVALID: all-local optimization with shared-model penalty,2,61,1.766162633895874,1.2207930088043213,3,4,4,-1.4528837261119123,0.33100270463113857,0.7092910211657554
INVALID: all-local optimization with shared-model penalty,2,62,-0.9577534198760986,-1.8977696895599365,3,4,4,3.994948381432033,6.568128101359655,0.7835694283167546
INVALID: all-local optimization with shared-model penalty,2,63,1.6012847423553467,0.9310250282287598,3,4,4,-1.1231279430308576,0.9105386657822616,0.7343553067497353
INVALID: all-local optimization with shared-model penalty,2,64,1.7153561115264893,1.17262601852417,3,4,4,-1.3512706813731428,0.4273366851914413,0.70874645634097
INVALID: all-local optimization with shared-model penalty,2,65,1.8177552223205566,1.2908012866973877,3,4,4,-1.5560689029612775,0.19098614884500575,0.7054791722537576
INVALID: all-local optimization with shared-model penalty,2,66,1.8651049137115479,1.3799104690551758,3,4,4,-1.65076828574326,0.012767784129429582,0.696728641677927
INVALID: all-local optimization with shared-model penalty,2,67,1.9221408367156982,1.4824411869049072,3,4,4,-1.7648401317515607,-0.1922936515700333,0.6870305633517109
INVALID: all-local optimization with shared-model penalty,2,68,0.886843204498291,0.08284211158752441,3,4,4,0.3057551326832537,2.6069044990647323,0.7596158695257419
INVALID: all-local optimization with shared-model penalty,2,69,1.7787199020385742,1.34088134765625,3,4,4,-1.4779982623973127,0.09082602692728114,0.6866302521905279
INVALID: all-local optimization with shared-model penalty,2,70,0.9575743675231934,0.06757998466491699,3,4,4,0.16429280663344903,2.637428752909947,0.7749660553899452
INVALID: all-local optimization with shared-model penalty,2,71,1.249309778213501,0.4693410396575928,3,4,4,-0.4191780147471662,1.8339066429245956,0.7552002337981751
INVALID: all-local optimization with shared-model penalty,2,72,1.8028740882873535,1.42337965965271,3,4,4,-1.5263066348948713,-0.07417059706563878,0.6739418340425538
INVALID: all-local optimization with shared-model penalty,2,73,0.8799381256103516,0.03296804428100586,3,4,4,0.3195652904591326,2.7066526336777694,0.7673742479025507
INVALID: all-local optimization with shared-model penalty,2,74,1.8076400756835938,0.7300846576690674,3,4,4,-1.5358386096873518,1.3124194069016464,0.8059848986771704
INVALID: all-local optimization with shared-model penalty,2,75,2.185560464859009,1.7620432376861572,3,4,4,-2.291679388038182,-0.7514977531325333,0.683540539047678
INVALID: all-local optimization with shared-model penalty,2,76,1.9292957782745361,1.6112771034240723,3,4,4,-1.7791500148692365,-0.4499654846083634,0.6602912213844354
INVALID: all-local optimization with shared-model penalty,2,77,2.050786018371582,1.786837100982666,3,4,4,-2.0221304950633283,-0.8010854797255509,0.6480599839282539
INVALID: all-local optimization with shared-model penalty,2,78,1.0334773063659668,0.25567197799682617,3,4,4,0.012486928947902154,2.261244766246129,0.7548000572288961
INVALID: all-local optimization with shared-model penalty,2,79,1.7613873481750488,1.0022304058074951,3,4,4,-1.443333154670262,0.7681279106247909,0.7513322942217692
INVALID: all-local optimization with shared-model penalty,2,80,2.1278841495513916,1.158294916152954,3,4,4,-2.1763267574229475,0.45599888993387294,0.7885425919731596
INVALID: all-local optimization with shared-model penalty,2,81,1.6041758060455322,0.8928987979888916,3,4,4,-1.1289100704112287,0.9867911262619979,0.7422795776335318
INVALID: all-local optimization with shared-model penalty,2,82,1.9604716300964355,1.4020564556121826,3,4,4,-1.8415017185130353,-0.03152418898458409,0.7119736154400923
INVALID: all-local optimization with shared-model penalty,2,83,2.075913906097412,1.7495203018188477,3,4,4,-2.0723862705149885,-0.7264518813979142,0.6621672449798541
INVALID: all-local optimization with shared-model penalty,2,84,1.6957776546478271,1.2492070198059082,3,4,4,-1.3121137676158185,0.27417468262796474,0.6885060576480984
INVALID: all-local optimization with shared-model penalty,2,85,2.064401388168335,1.48746657371521,3,4,4,-2.049361234656834,-0.20234442519063878,0.7157564276916825
INVALID: all-local optimization with shared-model penalty,2,86,1.6302354335784912,1.1912345886230469,3,4,4,-1.1810293254771467,0.3901195449936874,0.6868802869986546
INVALID: all-local optimization with shared-model penalty,2,87,1.2714190483093262,0.3144218921661377,3,4,4,-0.4633965549388166,2.1437449379075058,0.7864353204495805
INVALID: all-local optimization with shared-model penalty,2,88,1.3508000373840332,0.47922420501708984,3,4,4,-0.6221585330882307,1.8141403122056015,0.7717377182322229
INVALID: all-local optimization with shared-model penalty,2,89,2.0029754638671875,1.5761244297027588,3,4,4,-1.9265093860545393,-0.37966013716573643,0.6842612427498235
INVALID: all-local optimization with shared-model penalty,2,90,1.9613995552062988,1.2435734272003174,3,4,4,-1.843357568732762,0.2854418678391464,0.7435304390151475
INVALID: all-local optimization with shared-model penalty,2,91,1.0891826152801514,0.3019235134124756,3,4,4,-0.09892368888046699,2.16874169541483,0.7565455151155821
INVALID: all-local optimization with shared-model penalty,2,92,2.0309598445892334,2.737544059753418,3,4,4,-1.982478147498631,-2.702499397267055,0.41095699395891044
INVALID: all-local optimization with shared-model penalty,2,93,1.616023302078247,0.9352259635925293,3,4,4,-1.1526050624766584,0.9021367950547226,0.7364058781563783
INVALID: all-local optimization with shared-model penalty,2,94,1.4431772232055664,0.8282930850982666,3,4,4,-0.8069129047312971,1.116002552043248,0.7234135716843619
INVALID: all-local optimization with shared-model penalty,2,95,0.7913873195648193,0.017607450485229492,3,4,4,0.4966669025501971,2.737373821269322,0.7540542736447373
INVALID: all-local optimization with shared-model penalty,2,96,0.918365478515625,-0.16604232788085938,3,4,4,0.24271058464858575,3.1046733780015,0.8070541826813349
INVALID: all-local optimization with shared-model penalty,2,97,1.4933295249938965,0.8963079452514648,3,4,4,-0.9072175083079572,0.9799728317368515,0.7198252926430188
INVALID: all-local optimization with shared-model penalty,2,98,1.5414185523986816,0.9615516662597656,3,4,4,-1.0033955631175275,0.8494853897202499,0.7163525776651766
INVALID: all-local optimization with shared-model penalty,2,99,1.9476063251495361,1.5443313121795654,3,4,4,-1.8157711086192365,-0.3160739021193497,0.6791457096866386
INVALID: all-local optimization with shared-model penalty,5,0,3.655801296234131,1.3639975786209106,6,10,10,2.3450248821363395,13.366383967099182,0.9959729240974895
INVALID: all-local optimization with shared-model penalty,5,1,4.442690372467041,3.4091029167175293,6,10,10,0.7712467296705192,9.276173290905945,0.985970487562863
INVALID: all-local optimization with shared-model penalty,5,2,0.13329637050628662,-2.1607062816619873,6,10,10,9.390034733592028,20.415791687664978,0.9959817341011318
INVALID: all-local optimization with shared-model penalty,5,3,4.620415687561035,3.2958312034606934,6,10,10,0.41579609948253093,9.502716717419617,0.9894754081162419
INVALID: all-local optimization with shared-model penalty,5,4,4.815561294555664,3.1821322441101074,6,10,10,0.02550488549327312,9.730114636120788,0.9922501739983995
INVALID: all-local optimization with shared-model penalty,5,5,3.1470422744750977,1.1232258081436157,6,10,10,3.362542925654406,13.847927508053772,0.9947417887441797
INVALID: all-local optimization with shared-model penalty,5,6,4.727331638336182,2.832207202911377,6,10,10,0.20196419793223797,10.42996471851825,0.9940239427168774
INVALID: all-local optimization with shared-model penalty,5,7,3.7468643188476562,2.0496668815612793,6,10,10,2.1628988369092887,11.995045361218445,0.9927254577792136
INVALID: all-local optimization with shared-model penalty,5,8,2.8296642303466797,1.1872717142105103,6,10,10,3.997299013911242,13.719835695919983,0.9923187977082649
INVALID: all-local optimization with shared-model penalty,5,9,3.93745756149292,2.271970272064209,6,10,10,1.7817123516187614,11.550438580212585,0.992492844080594
INVALID: all-local optimization with shared-model penalty,5,10,4.068716526031494,2.4482760429382324,6,10,10,1.519194422541613,11.197827038464538,0.9921496536761758
INVALID: all-local optimization with shared-model penalty,5,11,4.994699954986572,3.647688865661621,6,10,10,-0.3327724353685433,8.799001393017761,0.9897064094092407
INVALID: all-local optimization with shared-model penalty,5,12,2.7988786697387695,0.9272702932357788,6,10,10,4.058870135127062,14.239838537869446,0.9938826138623098
INVALID: all-local optimization with shared-model penalty,5,13,4.000880718231201,2.546018123626709,6,10,10,1.654866038142199,11.002342877087585,0.990749081118447
INVALID: all-local optimization with shared-model penalty,5,14,4.044863224029541,2.814398765563965,6,10,10,1.5669010265455192,10.465581593213074,0.9884487173965897
INVALID: all-local optimization with shared-model penalty,5,15,3.0388941764831543,1.3088237047195435,6,10,10,3.5788391216382927,13.476731714901916,0.992959049834692
INVALID: all-local optimization with shared-model penalty,5,16,4.092545986175537,2.7900032997131348,6,10,10,1.471535502253527,10.514372524914734,0.9892433747010076
INVALID: all-local optimization with shared-model penalty,5,17,5.1363630294799805,4.17484712600708,6,10,10,-0.6160985843553597,7.744684872326843,0.9849378227041368
INVALID: all-local optimization with shared-model penalty,5,18,2.51576566696167,0.610298752784729,6,10,10,4.625096140681261,14.873781618771545,0.9940850677396929
INVALID: all-local optimization with shared-model penalty,5,19,2.9562010765075684,1.0228861570358276,6,10,10,3.7442253215894645,14.048606810269348,0.9942465797748579
INVALID: all-local optimization with shared-model penalty,5,20,1.036033034324646,-0.8002711534500122,6,10,10,7.584561405955309,17.694921431241028,0.9936641797177624
INVALID: all-local optimization with shared-model penalty,5,21,4.007035255432129,2.022434711456299,6,10,10,1.6425569637403434,12.049509701428406,0.9945326362914496
INVALID: all-local optimization with shared-model penalty,5,22,4.960653781890869,6.150258541107178,6,10,10,-0.26468008917713703,3.793862042126648,0.8838362593781258
INVALID: all-local optimization with shared-model penalty,5,23,3.5630788803100586,1.8780239820480347,6,10,10,2.530469713984484,12.338331160244934,0.9926372422327328
INVALID: all-local optimization with shared-model penalty,5,24,4.065201759338379,4.660205841064453,6,10,10,1.5262239559278434,6.773967442212097,0.9323822118954039
INVALID: all-local optimization with shared-model penalty,5,25,2.759232997894287,0.8730448484420776,6,10,10,4.138161478816027,14.348289427456848,0.9939706230663937
INVALID: all-local optimization with shared-model penalty,5,26,4.916535377502441,4.2449541091918945,6,10,10,-0.17644328040028157,7.604470905957214,0.979973263692884
INVALID: all-local optimization with shared-model penalty,5,27,4.300711631774902,2.6070055961608887,6,10,10,1.0552042110547966,10.880367932019226,0.9927002007676563
INVALID: all-local optimization with shared-model penalty,5,28,5.008559226989746,4.371057033538818,6,10,10,-0.36049097937489094,7.3522650572633665,0.9792933841255925
INVALID: all-local optimization with shared-model penalty,5,29,4.610528469085693,2.9042763710021973,6,10,10,0.43557053643321453,10.285826382336609,0.9927905562490936
INVALID: all-local optimization with shared-model penalty,5,30,1.6744877099990845,-0.36335670948028564,6,10,10,6.307652054606432,16.821092543301575,0.9948146559206867
INVALID: all-local optimization with shared-model penalty,5,31,2.842258930206299,1.0375248193740845,6,10,10,3.9721096141920036,14.019329485592834,0.9934622950816201
INVALID: all-local optimization with shared-model penalty,5,32,4.674500465393066,3.185786724090576,6,10,10,0.30762654381846843,9.722805676159851,0.9910542398028568
INVALID: all-local optimization with shared-model penalty,5,33,4.736783504486084,3.7925639152526855,6,10,10,0.18306046563243328,8.509251293835632,0.9846790626184596
INVALID: all-local optimization with shared-model penalty,5,34,4.29399299621582,3.419571876525879,6,10,10,1.0686414821729606,9.255235371289245,0.9835896562978238
INVALID: all-local optimization with shared-model penalty,5,35,3.1048684120178223,1.8914510011672974,6,10,10,3.4468906505689567,12.311477122006409,0.9882524472441925
INVALID: all-local optimization with shared-model penalty,5,36,2.7739546298980713,1.0287941694259644,6,10,10,4.108718214808459,14.036790785489075,0.9930637686435348
INVALID: all-local optimization with shared-model penalty,5,37,2.6983489990234375,1.10887610912323,6,10,10,4.259929476557726,13.876626906094543,0.9919047427744779
INVALID: all-local optimization with shared-model penalty,5,38,3.48478364944458,1.8437749147415161,6,10,10,2.687060175715441,12.406829294857971,0.9923082430586627
INVALID: all-local optimization with shared-model penalty,5,39,2.383434295654297,0.6119235754013062,6,10,10,4.8897588832960075,14.870531973538391,0.9932429342459203
INVALID: all-local optimization with shared-model penalty,5,40,4.7456135749816895,3.343475341796875,6,10,10,0.16540032464122234,9.407428440747253,0.9902531268010515
INVALID: all-local optimization with shared-model penalty,5,41,4.30149507522583,2.4914379119873047,6,10,10,1.053637324152941,11.111503300366394,0.9934967774546624
INVALID: all-local optimization with shared-model penalty,5,42,3.748690128326416,2.1906862258911133,6,10,10,2.159247217951769,11.713006672558777,0.9916481039650329
INVALID: all-local optimization with shared-model penalty,5,43,5.214958667755127,4.084564208984375,6,10,10,-0.7732898609056527,7.925250706372253,0.987248467452477
INVALID: all-local optimization with shared-model penalty,5,44,0.6458512544631958,-0.7399805784225464,6,10,10,8.36492496567821,17.574340281186096,0.99009447472701
INVALID: all-local optimization with shared-model penalty,5,45,2.8649673461914062,0.9943267107009888,6,10,10,3.9266927822217887,14.105725702939026,0.9938767272189941
INVALID: all-local optimization with shared-model penalty,5,46,4.361492156982422,3.2038841247558594,6,10,10,0.9336431606397575,9.686610874829285,0.9875865534422227
INVALID: all-local optimization with shared-model penalty,5,47,4.958658218383789,3.730421543121338,6,10,10,-0.2606889621629769,8.633536038098327,0.9884232532025578
INVALID: all-local optimization with shared-model penalty,5,48,4.837409019470215,3.4996204376220703,6,10,10,-0.01819056433582844,9.095138249096863,0.9896120283051655
INVALID: all-local optimization with shared-model penalty,5,49,3.9451966285705566,2.906144618988037,6,10,10,1.766234217463488,10.282089886364929,0.986045876624202
INVALID: all-local optimization with shared-model penalty,5,50,0.5691647529602051,-0.6449410915374756,6,10,10,8.518297968684191,17.384261307415954,0.988260436961604
INVALID: all-local optimization with shared-model penalty,5,51,5.014544486999512,2.7927422523498535,6,10,10,-0.3724614993944222,10.508894619641296,0.9956821825558549
INVALID: all-local optimization with shared-model penalty,5,52,4.484983921051025,3.6374478340148926,6,10,10,0.6866596325025505,8.819483456311218,0.9831500143478262
INVALID: all-local optimization with shared-model penalty,5,53,4.516870021820068,2.7292213439941406,6,10,10,0.6228874309644645,10.635936436352722,0.9933503850274632
INVALID: all-local optimization with shared-model penalty,5,54,3.1273794174194336,1.5714167356491089,6,10,10,3.401868639765734,12.951545653042785,0.9916311813088392
INVALID: all-local optimization with shared-model penalty,5,55,4.454521656036377,2.5647902488708496,6,10,10,0.7475841625318473,10.964798626599304,0.993991820769524
INVALID: all-local optimization with shared-model penalty,5,56,2.5789437294006348,0.6968652009963989,6,10,10,4.498740015803332,14.700648722348205,0.9939459439460102
INVALID: all-local optimization with shared-model penalty,5,57,3.1729016304016113,0.9899753332138062,6,10,10,3.3108242138013786,14.114428457913391,0.9955117860408299
INVALID: all-local optimization with shared-model penalty,5,58,2.7268757820129395,1.0418096780776978,6,10,10,4.202875910578722,14.010759768185608,0.9926373241294763
INVALID: all-local optimization with shared-model penalty,5,59,3.0967044830322266,1.2146211862564087,6,10,10,3.463218508540148,13.665136751828186,0.993945972639163
INVALID: all-local optimization with shared-model penalty,5,60,3.3274002075195312,0.9854403734207153,6,10,10,3.0018270595655387,14.123498377499573,0.9961691702148673
INVALID: all-local optimization with shared-model penalty,5,61,4.723092079162598,3.9335193634033203,6,10,10,0.21044331627940593,8.227340397534363,0.9821624080259632
INVALID: all-local optimization with shared-model penalty,5,62,1.3979417085647583,-0.6772335767745972,6,10,10,6.860744057475085,17.448846277890198,0.9950037113990732
INVALID: all-local optimization with shared-model penalty,5,63,4.379772186279297,2.476656436920166,6,10,10,0.8970831020460075,11.141066250500671,0.9940712269457769
INVALID: all-local optimization with shared-model penalty,5,64,4.854398727416992,3.3327035903930664,6,10,10,-0.05216998022938313,9.42897194355487,0.991341958201905
INVALID: all-local optimization with shared-model penalty,5,65,2.960542678833008,1.2191919088363647,6,10,10,3.7355421169385856,13.655995306668274,0.9930374776845086
INVALID: all-local optimization with shared-model penalty,5,66,3.8664560317993164,2.0255560874938965,6,10,10,1.9237154110059684,12.04326694935321,0.9936930475744412
INVALID: all-local optimization with shared-model penalty,5,67,3.852567195892334,1.9654728174209595,6,10,10,1.9514930828199333,12.163433489499084,0.9939760516877482
INVALID: all-local optimization with shared-model penalty,5,68,0.3475841283798218,-1.2467130422592163,6,10,10,8.961459217844958,18.587805208859436,0.9919433886325631
INVALID: all-local optimization with shared-model penalty,5,69,1.495491623878479,-0.47502315044403076,6,10,10,6.665644226847643,17.044425425229065,0.9944555093370598
INVALID: all-local optimization with shared-model penalty,5,70,3.024876117706299,0.7139667272567749,6,10,10,3.6068752391920036,14.666445669827453,0.9960488326384597
INVALID: all-local optimization with shared-model penalty,5,71,1.4743059873580933,-0.5502655506134033,6,10,10,6.708015499888415,17.19491022556781,0.9947457367185476
INVALID: all-local optimization with shared-model penalty,5,72,3.813723564147949,1.2177866697311401,6,10,10,2.029180346308703,13.658805784878723,0.9970258331148081
INVALID: all-local optimization with shared-model penalty,5,73,4.803762912750244,3.2948970794677734,6,10,10,0.049101649104112965,9.504584965405456,0.991231146268659
INVALID: all-local optimization with shared-model penalty,5,74,3.8426809310913086,2.237788200378418,6,10,10,1.971265612421984,11.618802723584167,0.9920276253304673
INVALID: all-local optimization with shared-model penalty,5,75,4.459547996520996,3.334880828857422,6,10,10,0.7375314815626091,9.42461746662616,0.987176165410671
INVALID: all-local optimization with shared-model penalty,5,76,4.640877723693848,3.6053242683410645,6,10,10,0.37487202721690593,8.883730587658874,0.9859976566499336
INVALID: all-local optimization with shared-model penalty,5,77,3.0567946434020996,1.2180906534194946,6,10,10,3.543038187800402,13.658197817502014,0.9936792702140215
INVALID: all-local optimization with shared-model penalty,5,78,3.40262508392334,1.5919610261917114,6,10,10,2.8513773067579216,12.91045707195758,0.9935006973837484
INVALID: all-local optimization with shared-model penalty,5,79,2.5585718154907227,0.7376695871353149,6,10,10,4.539483843623156,14.619039950070373,0.9935664729743366
INVALID: all-local optimization with shared-model penalty,5,80,2.2080917358398438,0.36221420764923096,6,10,10,5.240444002924914,15.369950709042541,0.9937241664269412
INVALID: all-local optimization with shared-model penalty,5,81,4.563052177429199,4.023465633392334,6,10,10,0.5305231197462028,8.047447857556335,0.977211840360246
INVALID: all-local optimization with shared-model penalty,5,82,3.06850004196167,1.5974968671798706,6,10,10,3.5196273906812614,12.899385389981262,0.990895849280357
INVALID: all-local optimization with shared-model penalty,5,83,3.149916172027588,1.0380200147628784,6,10,10,3.3567951305494255,14.018339094815246,0.9951829840363222
INVALID: all-local optimization with shared-model penalty,5,84,4.109124183654785,2.6082420349121094,6,10,10,1.438379107295031,10.877895054516785,0.9911614795431906
INVALID: all-local optimization with shared-model penalty,5,85,2.194186210632324,0.6051763296127319,6,10,10,5.268255053339953,14.88402646511554,0.9919010240940541
INVALID: all-local optimization with shared-model penalty,5,86,2.906083106994629,1.2195760011672974,6,10,10,3.8444612606153434,13.655227122006409,0.9926478481713239
INVALID: all-local optimization with shared-model penalty,5,87,3.4932799339294434,1.6877485513687134,6,10,10,2.6700676067457145,12.718882021603577,0.9934674712955445
INVALID: all-local optimization with shared-model penalty,5,88,4.473114013671875,3.2241530418395996,6,10,10,0.7103994472608512,9.646073040661804,0.9886580109702011
INVALID: all-local optimization with shared-model penalty,5,89,3.3073201179504395,1.6272944211959839,6,10,10,3.0419872387037223,12.839790281949035,0.9926003948599461
INVALID: all-local optimization with shared-model penalty,5,90,4.1347455978393555,2.891782760620117,6,10,10,1.3871362789258903,10.310813603100769,0.9885905542817731
INVALID: all-local optimization with shared-model penalty,5,91,-0.49986350536346436,-2.5921711921691895,6,10,10,10.65635448533153,21.278721508679382,0.9950881638732658
INVALID: all-local optimization with shared-model penalty,5,92,4.2461771965026855,3.2869391441345215,6,10,10,1.1642730815992302,9.52050083607196,0.9849039927266551
INVALID: all-local optimization with shared-model penalty,5,93,3.41129732131958,1.7336982488632202,6,10,10,2.834032831965441,12.626982626614563,0.9925825503442888
INVALID: all-local optimization with shared-model penalty,5,94,0.5608583688735962,-1.9535516500473022,6,10,10,8.534910736857409,20.001482424435608,0.9967740153038266
INVALID: all-local optimization with shared-model penalty,5,95,3.847911834716797,2.387113094329834,6,10,10,1.9608038051710075,11.320152935681335,0.9908033297151225
INVALID: all-local optimization with shared-model penalty,5,96,4.782084941864014,3.1466078758239746,6,10,10,0.0924575908765739,9.801163372693054,0.9922659068930949
INVALID: all-local optimization with shared-model penalty,5,97,3.622529983520508,1.8407148122787476,6,10,10,2.4115675075635856,12.412949499783508,0.9933117412914669
INVALID: all-local optimization with shared-model penalty,5,98,2.304124355316162,0.9192098379135132,6,10,10,5.048378763972277,14.255959448513977,0.9900854741960332
INVALID: all-local optimization with shared-model penalty,5,99,3.2983665466308594,1.7527498006820679,6,10,10,3.0598943813428825,12.588879522976868,0.9915448844782522
INVALID: all-local optimization with shared-model penalty,10,0,9.040162086486816,7.918021202087402,11,20,20,7.248111849960871,30.215659455706117,0.9999897042986925
INVALID: all-local optimization with shared-model penalty,10,1,7.823517322540283,4.7057108879089355,11,20,20,9.681401377853938,36.64028008406305,0.9999986005632904
INVALID: all-local optimization with shared-model penalty,10,2,6.413243293762207,2.905482292175293,11,20,20,12.50194943541009,40.240737275530336,0.9999990524582784
INVALID: all-local optimization with shared-model penalty,10,3,6.342098712921143,3.077833652496338,11,20,20,12.644238597092219,39.896034554888246,0.9999987912202614
INVALID: all-local optimization with shared-model penalty,10,4,8.306023597717285,6.407559394836426,11,20,20,8.716388827499934,33.23658307020807,0.9999952629778516
INVALID: all-local optimization with shared-model penalty,10,5,7.924442768096924,5.896003246307373,11,20,20,9.479550486740656,34.259695367266175,0.9999958403374298
INVALID: all-local optimization with shared-model penalty,10,6,9.064386367797852,6.872500419616699,11,20,20,7.199663287338801,32.30670102064752,0.9999964675624423
INVALID: all-local optimization with shared-model penalty,10,7,3.370431900024414,0.16590332984924316,11,20,20,18.587572222885676,45.719895200182435,0.9999987168117696
INVALID: all-local optimization with shared-model penalty,10,8,9.0740966796875,6.687379360198975,11,20,20,7.180242663559504,32.67694313948297,0.9999970928959527
INVALID: all-local optimization with shared-model penalty,10,9,9.21171760559082,7.674461841583252,11,20,20,6.905000811752863,30.702778176714418,0.9999932020909139
INVALID: all-local optimization with shared-model penalty,10,10,5.269902229309082,1.4624724388122559,11,20,20,14.78863156431634,43.12675698225641,0.9999992978111213
INVALID: all-local optimization with shared-model penalty,10,11,5.444572925567627,0.7221572399139404,11,20,20,14.43929017179925,44.60738738005304,0.9999997187575942
INVALID: all-local optimization with shared-model penalty,10,12,6.062873363494873,1.974614143371582,11,20,20,13.202689295944758,42.10247357313776,0.9999994697369691
INVALID: all-local optimization with shared-model penalty,10,13,3.363039493560791,0.0035886764526367188,11,20,20,18.602357035812922,46.04452450697565,0.999998900972472
INVALID: all-local optimization with shared-model penalty,10,14,8.64832878112793,6.1291985511779785,11,20,20,8.031778460678645,33.793304757524965,0.9999974534363478
INVALID: all-local optimization with shared-model penalty,10,15,7.801467418670654,4.551806449890137,11,20,20,9.725501185593195,36.94808896010065,0.9999987734376193
INVALID: all-local optimization with shared-model penalty,10,16,7.641740798950195,5.846863746643066,11,20,20,10.044954425034113,34.35797436659479,0.9999947459703574
INVALID: all-local optimization with shared-model penalty,10,17,7.625236511230469,4.334831714630127,11,20,20,10.077963000473567,37.38203843062067,0.999998822408012
INVALID: all-local optimization with shared-model penalty,10,18,2.261960506439209,-1.5061159133911133,11,20,20,20.804515010056086,49.06393368666315,0.9999992696267036
INVALID: all-local optimization with shared-model penalty,10,19,6.792362689971924,3.2937698364257812,11,20,20,11.743710642990656,39.46416218702936,0.9999990437311393
INVALID: all-local optimization with shared-model penalty,10,20,7.021552085876465,3.858883857727051,11,20,20,11.285331851181574,38.33393414442682,0.999998661957034
INVALID: all-local optimization with shared-model penalty,10,21,7.235496997833252,4.449096202850342,11,20,20,10.857442027268,37.15350945418024,0.9999980506911084
INVALID: all-local optimization with shared-model penalty,10,22,8.628026008605957,5.671210765838623,11,20,20,8.07238400572259,34.709280328203675,0.9999983561176139
INVALID: all-local optimization with shared-model penalty,10,23,8.527811050415039,6.538590431213379,11,20,20,8.272813922104426,32.974520997454164,0.9999956739594794
INVALID: all-local optimization with shared-model penalty,10,24,6.413160800933838,3.651867389678955,11,20,20,12.502114421066828,38.74796708052301,0.9999980011295833
INVALID: all-local optimization with shared-model penalty,10,25,5.620511054992676,2.246161937713623,11,20,20,14.087413912949152,41.559377984453675,0.9999989172247301
INVALID: all-local optimization with shared-model penalty,10,26,7.014925479888916,3.232494354248047,11,20,20,11.298585063156672,39.58671315138483,0.9999992800360994
INVALID: all-local optimization with shared-model penalty,10,27,7.667184829711914,4.23273229598999,11,20,20,9.994066363510676,37.58623726790094,0.999998980386039
INVALID: all-local optimization with shared-model penalty,10,28,7.284139633178711,5.390147686004639,11,20,20,10.760156756577082,35.271406487871644,0.9999952417453347
INVALID: all-local optimization with shared-model penalty,10,29,7.167757987976074,3.7335643768310547,11,20,20,10.992920046982356,38.58457310621881,0.9999989801220038
INVALID: all-local optimization with shared-model penalty,10,30,2.679055690765381,-0.03797435760498047,11,20,20,19.970324641403742,46.12765057509088,0.999997910665693
INVALID: all-local optimization with shared-model penalty,10,31,2.3394527435302734,-1.6869412660598755,11,20,20,20.649530535873957,49.42558439200067,0.9999994358961619
INVALID: all-local optimization with shared-model penalty,10,32,8.640437126159668,4.854333400726318,11,20,20,8.047561770615168,36.343035058428285,0.9999992826753873
INVALID: all-local optimization with shared-model penalty,10,33,9.177141189575195,5.7814741134643555,11,20,20,6.974153643784113,34.48875363295221,0.9999989400629671
INVALID: all-local optimization with shared-model penalty,10,34,10.021137237548828,7.323484420776367,11,20,20,5.286161547836848,31.404733018328187,0.9999978697854709
INVALID: all-local optimization with shared-model penalty,10,35,3.5407767295837402,-0.45061397552490234,11,20,20,18.246882563767024,46.952929810930726,0.9999994158010286
INVALID: all-local optimization with shared-model penalty,10,36,8.225360870361328,5.107049942016602,11,20,20,8.877714282211848,35.83760197584772,0.9999986012691182
INVALID: all-local optimization with shared-model penalty,10,37,9.43844985961914,6.774046421051025,11,20,20,6.451536303696223,32.50360901777887,0.9999977977666629
INVALID: all-local optimization with shared-model penalty,10,38,7.695069789886475,4.957449436187744,11,20,20,9.938296443161555,36.13680298750543,0.9999979532457638
INVALID: all-local optimization with shared-model penalty,10,39,7.754595756530762,5.487607002258301,11,20,20,9.81924450987298,35.07648785536432,0.9999967231401261
INVALID: all-local optimization with shared-model penalty,10,40,2.4761085510253906,-1.7007834911346436,11,20,20,20.376218920883723,49.45326884215021,0.9999995147130375
INVALID: all-local optimization with shared-model penalty,10,41,7.2417521476745605,6.929448127746582,11,20,20,10.844931727585383,32.19280560438776,0.9999768602832825
INVALID: all-local optimization with shared-model penalty,10,42,6.6087965965271,3.0663700103759766,11,20,20,12.110842829880305,39.91896183912897,0.999999084742527
INVALID: all-local optimization with shared-model penalty,10,43,8.360897064208984,8.49030590057373,11,20,20,8.606641894516535,29.07109005873346,0.999964009663032
INVALID: all-local optimization with shared-model penalty,10,44,4.471472263336182,0.39429521560668945,11,20,20,16.38549149626214,45.26311142866754,0.9999994638278232
INVALID: all-local optimization with shared-model penalty,10,45,5.588065147399902,3.0442376136779785,11,20,20,14.1523057281347,39.963226632524965,0.9999975155591571
INVALID: all-local optimization with shared-model penalty,10,46,7.165523529052734,4.552792072296143,11,20,20,10.997388964829035,36.946117715288636,0.999997680981899
INVALID: all-local optimization with shared-model penalty,10,47,5.419554710388184,1.2495149374008179,11,20,20,14.489326602158137,43.552671985079286,0.9999995113763032
INVALID: all-local optimization with shared-model penalty,10,48,8.146860122680664,5.444955348968506,11,20,20,9.034715777573176,35.16179116194391,0.9999978788238032
INVALID: all-local optimization with shared-model penalty,10,49,-0.8345937728881836,-5.128449440002441,11,20,20,26.99762356871087,56.308600739885804,0.9999995682801771
INVALID: all-local optimization with shared-model penalty,10,50,6.501093864440918,2.718046188354492,11,20,20,12.326248294052668,40.61560948317194,0.9999992804798562
INVALID: all-local optimization with shared-model penalty,10,51,7.571985721588135,4.962225914001465,11,20,20,10.184464579758234,36.12725003187799,0.9999976740803576
INVALID: all-local optimization with shared-model penalty,10,52,6.913071155548096,3.573610305786133,11,20,20,11.502293711838313,38.904481248308656,0.9999988787819168
INVALID: all-local optimization with shared-model penalty,10,53,5.312063694000244,1.9670863151550293,11,20,20,14.704308634934016,42.11752922957086,0.999998884950113
INVALID: all-local optimization with shared-model penalty,10,54,8.614516258239746,6.166474342346191,11,20,20,8.099403506455012,33.71875317518854,0.9999972658161294
INVALID: all-local optimization with shared-model penalty,10,55,9.588519096374512,7.0889997482299805,11,20,20,6.151397830185481,31.87370236342096,0.9999974030032159
INVALID: all-local optimization with shared-model penalty,10,56,9.4697847366333,6.964634895324707,11,20,20,6.3888665496679025,32.12243206923151,0.9999974175844626
INVALID: all-local optimization with shared-model penalty,10,57,6.516825199127197,3.361290454864502,11,20,20,12.29478562468011,39.32912095015192,0.9999986523780138
INVALID: all-local optimization with shared-model penalty,10,58,3.930673599243164,-0.5042216777801514,11,20,20,17.467088824448176,47.060145215441224,0.9999996250707781
INVALID: all-local optimization with shared-model penalty,10,59,9.560040473937988,7.946557521820068,11,20,20,6.2083550750585275,30.158586816240785,0.9999937010157619
INVALID: all-local optimization with shared-model penalty,10,60,9.718757629394531,7.7726945877075195,11,20,20,5.8909207641454415,30.506312684465883,0.9999954831715329
INVALID: all-local optimization with shared-model penalty,10,61,7.722074031829834,3.9488372802734375,11,20,20,9.884287959274836,38.15402729933405,0.9999992733859617
INVALID: all-local optimization with shared-model penalty,10,62,7.124495983123779,3.08123779296875,11,20,20,11.079444056686945,39.88922627394342,0.9999994453295388
INVALID: all-local optimization with shared-model penalty,10,63,9.517269134521484,7.115822792053223,11,20,20,6.293897753891535,31.820056275774476,0.9999971354008362
INVALID: all-local optimization with shared-model penalty,10,64,8.058124542236328,5.029304504394531,11,20,20,9.212186938461848,35.99309285109186,0.9999984703238107
INVALID: all-local optimization with shared-model penalty,10,65,8.942560195922852,5.63652229309082,11,20,20,7.443315631088801,34.77865727369928,0.9999988406742601
INVALID: all-local optimization with shared-model penalty,10,66,8.389788627624512,6.887924671173096,11,20,20,8.54885876768548,32.27585251753473,0.9999929571942119
INVALID: all-local optimization with shared-model penalty,10,67,8.606827735900879,7.698049068450928,11,20,20,8.114780551132746,30.655603722979066,0.9999872556730481
INVALID: all-local optimization with shared-model penalty,10,68,8.006457328796387,4.386270999908447,11,20,20,9.31552136534173,37.27915986006403,0.9999991532159168
INVALID: all-local optimization with shared-model penalty,10,69,8.549612045288086,7.312009811401367,11,20,20,8.229211932358332,31.427682237078187,0.9999908269830665
INVALID: all-local optimization with shared-model penalty,10,70,6.828688621520996,4.453860282897949,11,20,20,11.671058779892512,37.14398129408502,0.9999970581272775
INVALID: all-local optimization with shared-model penalty,10,71,5.232384204864502,2.1671676635742188,11,20,20,14.8636676132055,41.717366532732484,0.9999985249975907
INVALID: all-local optimization with shared-model penalty,10,72,3.712315082550049,-0.8212442398071289,11,20,20,17.903805857834406,47.69419033949518,0.9999996602964735
INVALID: all-local optimization with shared-model penalty,10,73,4.851616382598877,1.4926681518554688,11,20,20,15.62520325773675,43.066365556169984,0.9999989004199774
INVALID: all-local optimization with shared-model penalty,10,74,9.600278854370117,7.016850471496582,11,20,20,6.12787831419427,32.01800091688776,0.9999976120222726
INVALID: all-local optimization with shared-model penalty,10,75,6.894741535186768,5.661617279052734,11,20,20,11.538952952560969,34.72846730177545,0.9999907858147726
INVALID: all-local optimization with shared-model penalty,10,76,8.193849563598633,7.520723819732666,11,20,20,8.940736895737238,31.01025422041559,0.9999838691148828
INVALID: all-local optimization with shared-model penalty,10,77,6.816706657409668,3.3613805770874023,11,20,20,11.695022708115168,39.32894070570612,0.9999990014483894
INVALID: all-local optimization with shared-model penalty,10,78,6.4890217781066895,3.4784793853759766,11,20,20,12.350392466721125,39.09474308912897,0.9999984421079012
INVALID: all-local optimization with shared-model penalty,10,79,7.265699863433838,4.548506259918213,11,20,20,10.797036296066828,36.954689340044496,0.9999979110073859
INVALID: all-local optimization with shared-model penalty,10,80,9.578160285949707,6.464328765869141,11,20,20,6.17211545103509,33.12304432814264,0.9999985949895868
INVALID: all-local optimization with shared-model penalty,10,81,8.234272003173828,3.480579376220703,11,20,20,8.859892016586848,39.090543107439515,0.9999997274178548
INVALID: all-local optimization with shared-model penalty,10,82,8.441261291503906,5.697108745574951,11,20,20,8.445913439926692,34.65748436873102,0.9999979665719566
INVALID: all-local optimization with shared-model penalty,10,83,7.098606109619141,3.9766650199890137,11,20,20,11.131223803696223,38.098371819902894,0.9999986063375249
INVALID: all-local optimization with shared-model penalty,10,84,6.2084126472473145,2.950106143951416,11,20,20,12.911610728439875,40.15148957197809,0.9999987839961858
INVALID: all-local optimization with shared-model penalty,10,85,5.334114074707031,1.8031468391418457,11,20,20,14.660207873520442,42.44540818159723,0.999999074193956
INVALID: all-local optimization with shared-model penalty,10,86,8.452313423156738,7.005583763122559,11,20,20,8.423809176621027,32.040534333635804,0.9999925579932465
INVALID: all-local optimization with shared-model penalty,10,87,7.9652886390686035,4.17633581161499,11,20,20,9.397858744797297,37.69903023665094,0.999999284716208
INVALID: all-local optimization with shared-model penalty,10,88,8.632342338562012,5.794936180114746,11,20,20,8.06375134581048,34.46182949965143,0.9999981476230937
INVALID: all-local optimization with shared-model penalty,10,89,4.063423156738281,-0.6274478435516357,11,20,20,17.20158970945794,47.30659754698419,0.9999997097444832
INVALID: all-local optimization with shared-model penalty,10,90,7.312331676483154,4.833013534545898,11,20,20,10.703772669968195,36.385674790789125,0.9999973500073999
INVALID: all-local optimization with shared-model penalty,10,91,8.074382781982422,5.715082168579102,11,20,20,9.17967045896966,34.62153752272272,0.9999970120903231
INVALID: all-local optimization with shared-model penalty,10,92,6.948788642883301,3.9084019660949707,11,20,20,11.430858737167902,38.23489792769098,0.9999984879150643
INVALID: all-local optimization with shared-model penalty,10,93,5.924500942230225,2.1947221755981445,11,20,20,13.479434138474055,41.66225750868463,0.9999992411126154
INVALID: all-local optimization with shared-model penalty,10,94,8.321702003479004,6.129748821258545,11,20,20,8.685032015976496,33.79220421736383,0.9999964677999336
INVALID: all-local optimization with shared-model penalty,10,95,6.308777332305908,3.4865245819091797,11,20,20,12.710881358322688,39.07865269606256,0.9999981193395685
INVALID: all-local optimization with shared-model penalty,10,96,8.081451416015625,5.250527858734131,11,20,20,9.165533190903254,35.55064614241266,0.9999981355758889
INVALID: all-local optimization with shared-model penalty,10,97,1.4112091064453125,-2.9161977767944336,11,20,20,22.50601781004388,51.88409741346979,0.9999995825246011
INVALID: all-local optimization with shared-model penalty,10,98,9.210341453552246,7.649766445159912,11,20,20,6.907753115830012,30.752168969561097,0.9999933587779525
INVALID: all-local optimization with shared-model penalty,10,99,2.0346262454986572,-2.2777609825134277,11,20,20,21.25918353193719,50.60722382490778,0.9999995762069416
INVALID: all-local optimization with shared-model penalty,25,0,15.022164344787598,4.832681179046631,26,50,50,53.64644275699801,151.27842888531677,1.0
INVALID: all-local optimization with shared-model penalty,25,1,21.26447105407715,17.819618225097656,26,50,50,41.16182933841891,125.30455479321472,1.0
INVALID: all-local optimization with shared-model penalty,25,2,21.13224983215332,14.62621784210205,26,50,50,41.42627178226657,131.69135555920593,1.0
INVALID: all-local optimization with shared-model penalty,25,3,22.555187225341797,14.640877723693848,26,50,50,38.580396995889615,131.66203579602234,1.0
INVALID: all-local optimization with shared-model penalty,25,4,21.704435348510742,15.308032989501953,26,50,50,40.281900749551724,130.32772526440613,1.0
INVALID: all-local optimization with shared-model penalty,25,5,13.943645477294922,4.790776252746582,26,50,50,55.803480491983365,151.36223873791687,1.0
INVALID: all-local optimization with shared-model penalty,25,6,17.157644271850586,9.588055610656738,26,50,50,49.37548290287204,141.76768002209656,1.0
INVALID: all-local optimization with shared-model penalty,25,7,15.723246574401855,8.142930030822754,26,50,50,52.2442782977695,144.65793118176452,1.0
INVALID: all-local optimization with shared-model penalty,25,8,20.542049407958984,12.303016662597656,26,50,50,42.60667263065524,136.33775791821472,1.0
INVALID: all-local optimization with shared-model penalty,25,9,14.354898452758789,4.697219371795654,26,50,50,54.98097454105563,151.54935249981872,1.0
INVALID: all-local optimization with shared-model penalty,25,10,19.527605056762695,15.501585006713867,26,50,50,44.63556133304782,129.9406212299823,1.0
INVALID: all-local optimization with shared-model penalty,25,11,16.743104934692383,8.99777603149414,26,50,50,50.20456157718844,142.94823918042175,1.0
INVALID: all-local optimization with shared-model penalty,25,12,9.859749794006348,-0.4009014368057251,26,50,50,63.97127185856051,161.74559411702148,1.0
INVALID: all-local optimization with shared-model penalty,25,13,21.827655792236328,14.361825942993164,26,50,50,40.03545986210055,132.2201393574237,1.0
INVALID: all-local optimization with shared-model penalty,25,14,21.013872146606445,16.501842498779297,26,50,50,41.66302715336032,127.94010624585144,1.0
INVALID: all-local optimization with shared-model penalty,25,15,13.454280853271484,4.047513961791992,26,50,50,56.78220974003024,152.84876331982605,1.0
INVALID: all-local optimization with shared-model penalty,25,16,22.933591842651367,12.970548629760742,26,50,50,37.823587761270474,135.00269398388855,1.0
INVALID: all-local optimization with shared-model penalty,25,17,19.908205032348633,12.49521255493164,26,50,50,43.87436138187594,135.95336613354675,1.0
INVALID: all-local optimization with shared-model penalty,25,18,21.213443756103516,14.332067489624023,26,50,50,41.26388393436618,132.27965626416199,1.0
INVALID: all-local optimization with shared-model penalty,25,19,20.378047943115234,13.292293548583984,26,50,50,42.93467556034274,134.35920414624206,1.0
INVALID: all-local optimization with shared-model penalty,25,20,18.427921295166016,12.509312629699707,26,50,50,46.83492885624118,135.92516598401062,1.0
INVALID: all-local optimization with shared-model penalty,25,21,21.584186553955078,16.20096206665039,26,50,50,40.52239833866305,128.54186711010925,1.0
INVALID: all-local optimization with shared-model penalty,25,22,19.781347274780273,11.602124214172363,26,50,50,44.12807689701266,137.7395428150653,1.0
INVALID: all-local optimization with shared-model penalty,25,23,5.521210670471191,-2.1973042488098145,26,50,50,72.64835010563083,165.33839974102966,1.0
INVALID: all-local optimization with shared-model penalty,25,24,22.472991943359375,17.80313491821289,26,50,50,38.74478755985446,125.33752140698425,1.0
INVALID: all-local optimization with shared-model penalty,25,25,10.28443431854248,0.44607698917388916,26,50,50,63.12190280948825,160.05163726506225,1.0
INVALID: all-local optimization with shared-model penalty,25,26,18.118759155273438,9.896509170532227,26,50,50,47.45325313602633,141.15077290234558,1.0
INVALID: all-local optimization with shared-model penalty,25,27,20.250734329223633,11.538837432861328,26,50,50,43.18930278812594,137.86611637768738,1.0
INVALID: all-local optimization with shared-model penalty,25,28,19.51173210144043,8.22866153717041,26,50,50,44.66730724369235,144.4864681690692,1.0
INVALID: all-local optimization with shared-model penalty,25,29,14.919143676757812,6.222548961639404,26,50,50,53.85248409305758,148.49869332013122,1.0
INVALID: all-local optimization with shared-model penalty,25,30,21.52118682861328,14.927031517028809,26,50,50,40.648397789346646,131.08972820935242,1.0
INVALID: all-local optimization with shared-model penalty,25,31,20.502113342285156,15.207988739013672,26,50,50,42.686544762002896,130.5278137653827,1.0
INVALID: all-local optimization with shared-model penalty,25,32,-38.3278694152832,-37.33076095581055,26,50,50,160.3465102771396,235.60531315503113,1.0
INVALID: all-local optimization with shared-model penalty,25,33,18.822202682495117,10.489737510681152,26,50,50,46.046366081582974,139.96431622204773,1.0
INVALID: all-local optimization with shared-model penalty,25,34,19.168367385864258,13.220549583435059,26,50,50,45.35403667484469,134.50269207653992,1.0
INVALID: all-local optimization with shared-model penalty,25,35,15.218453407287598,7.814198970794678,26,50,50,53.25386463199801,145.31539330182068,1.0
INVALID: all-local optimization with shared-model penalty,25,36,20.768142700195312,13.737903594970703,26,50,50,42.15448604618258,133.46798405346863,1.0
INVALID: all-local optimization with shared-model penalty,25,37,22.862686157226562,18.071584701538086,26,50,50,37.96539913212008,124.80062184033386,1.0
INVALID: all-local optimization with shared-model penalty,25,38,21.333248138427734,13.591200828552246,26,50,50,41.02427516971774,133.76138958630554,1.0
INVALID: all-local optimization with shared-model penalty,25,39,13.51449203491211,2.677565574645996,26,50,50,56.66178737674899,155.58866009411804,1.0
INVALID: all-local optimization with shared-model penalty,25,40,6.963926792144775,-3.3127236366271973,26,50,50,69.76291786228366,167.56923851666443,1.0
INVALID: all-local optimization with shared-model penalty,25,41,-2.9463424682617188,-13.12646198272705,26,50,50,89.58345638309665,187.19671520886413,1.0
INVALID: all-local optimization with shared-model penalty,25,42,19.715787887573242,12.299418449401855,26,50,50,44.259195671426724,136.34495434460632,1.0
INVALID: all-local optimization with shared-model penalty,25,43,-37.13618850708008,-45.83195877075195,26,50,50,157.96314846073335,252.60770878491394,1.0
INVALID: all-local optimization with shared-model penalty,25,44,18.977949142456055,13.950057029724121,26,50,50,45.7348731616611,133.0436771839618,1.0
INVALID: all-local optimization with shared-model penalty,25,45,13.835648536682129,3.4515037536621094,26,50,50,56.01947437320895,154.0407837360858,1.0
INVALID: all-local optimization with shared-model penalty,25,46,18.254390716552734,12.760992050170898,26,50,50,47.18199001346774,135.42180714306824,1.0
INVALID: all-local optimization with shared-model penalty,25,47,20.684335708618164,11.468091011047363,26,50,50,42.32210002933688,138.0076092213153,1.0
INVALID: all-local optimization with shared-model penalty,25,48,16.144540786743164,8.148580551147461,26,50,50,51.40168987308688,144.6466301411151,1.0
INVALID: all-local optimization with shared-model penalty,25,49,15.837456703186035,6.970601558685303,26,50,50,52.01585804020114,147.00258812603943,1.0
INVALID: all-local optimization with shared-model penalty,25,50,15.168584823608398,6.3127522468566895,26,50,50,53.35360179935641,148.31828674969665,1.0
INVALID: all-local optimization with shared-model penalty,25,51,20.159549713134766,12.08237075805664,26,50,50,43.37167202030368,136.77904972729675,1.0
INVALID: all-local optimization with shared-model penalty,25,52,18.61546516418457,12.391511917114258,26,50,50,46.45984111820407,136.16076740918152,1.0
INVALID: all-local optimization with shared-model penalty,25,53,12.478144645690918,4.358878135681152,26,50,50,58.73448215519137,152.22603497204773,1.0
INVALID: all-local optimization with shared-model penalty,25,54,20.526601791381836,11.045594215393066,26,50,50,42.63756786380954,138.8526028126239,1.0
INVALID: all-local optimization with shared-model penalty,25,55,16.293180465698242,6.665226459503174,26,50,50,51.104410515176724,147.61333832440368,1.0
INVALID: all-local optimization with shared-model penalty,25,56,15.644652366638184,4.803664684295654,26,50,50,52.40146671329684,151.33646187481872,1.0
INVALID: all-local optimization with shared-model penalty,25,57,16.186967849731445,7.751626014709473,26,50,50,51.31683574711032,145.4405392139911,1.0
INVALID: all-local optimization with shared-model penalty,25,58,19.11008644104004,16.11425018310547,26,50,50,45.47059856449313,128.7152908771991,1.0
INVALID: all-local optimization with shared-model penalty,25,59,13.077526092529297,3.377821445465088,26,50,50,57.535719261514615,154.18814835247986,1.0
INVALID: all-local optimization with shared-model penalty,25,60,21.062971115112305,13.84613037109375,26,50,50,41.5648292163486,133.25153050122253,1.0
INVALID: all-local optimization with shared-model penalty,25,61,12.68302059173584,3.298628330230713,26,50,50,58.32473026310153,154.3465345829486,1.0
INVALID: all-local optimization with shared-model penalty,25,62,7.5002593994140625,-3.2386794090270996,26,50,50,68.69025264774508,167.42115006146423,1.0
INVALID: all-local optimization with shared-model penalty,25,63,16.606372833251953,8.655889511108398,26,50,50,50.4780257800693,143.63201222119324,1.0
INVALID: all-local optimization with shared-model penalty,25,64,18.62673568725586,8.45650863647461,26,50,50,46.43730007206149,144.0307739704608,1.0
INVALID: all-local optimization with shared-model penalty,25,65,20.71700096130371,15.11723518371582,26,50,50,42.25676952396579,130.7093208759784,1.0
INVALID: all-local optimization with shared-model penalty,25,66,14.868270874023438,5.806894779205322,26,50,50,53.95422969852633,149.3300016849994,1.0
INVALID: all-local optimization with shared-model penalty,25,67,-20.724597930908203,-31.88048553466797,26,50,50,125.13996730838961,224.70476231274597,1.0
INVALID: all-local optimization with shared-model penalty,25,68,18.283382415771484,13.170686721801758,26,50,50,47.12400661503024,134.60241779980652,1.0
INVALID: all-local optimization with shared-model penalty,25,69,20.163415908813477,13.825114250183105,26,50,50,43.363939628946255,133.29356274304382,1.0
INVALID: all-local optimization with shared-model penalty,25,70,18.640073776245117,14.18017578125,26,50,50,46.410623894082974,132.58343968091003,1.0
INVALID: all-local optimization with shared-model penalty,25,71,24.710134506225586,17.370101928710938,26,50,50,34.27050243412204,126.20358738598816,1.0
INVALID: all-local optimization with shared-model penalty,25,72,18.085403442382812,10.275799751281738,26,50,50,47.51996456180758,140.39219174084656,1.0
INVALID: all-local optimization with shared-model penalty,25,73,21.67609405517578,19.865327835083008,26,50,50,40.338583336221646,121.21313557324402,1.0
INVALID: all-local optimization with shared-model penalty,25,74,14.12598705291748,5.522129058837891,26,50,50,55.43879734073825,149.89953312573425,1.0
INVALID: all-local optimization with shared-model penalty,25,75,19.4693603515625,10.364931106567383,26,50,50,44.75205074344821,140.21392903027527,1.0
INVALID: all-local optimization with shared-model penalty,25,76,18.131710052490234,11.1079683303833,26,50,50,47.42735134159274,138.72785458264343,1.0
INVALID: all-local optimization with shared-model penalty,25,77,22.131938934326172,12.2334566116333,26,50,50,39.426893577920865,136.47687802014343,1.0
INVALID: all-local optimization with shared-model penalty,25,78,21.923221588134766,16.281272888183594,26,50,50,39.84432827030368,128.38124546704285,1.0
INVALID: all-local optimization with shared-model penalty,25,79,3.4406304359436035,-6.176771640777588,26,50,50,76.809510574686,173.2973345249652,1.0
INVALID: all-local optimization with shared-model penalty,25,80,17.462270736694336,10.271973609924316,26,50,50,48.76622997318454,140.3998440235614,1.0
INVALID: all-local optimization with shared-model penalty,25,81,11.101059913635254,1.5622166395187378,26,50,50,61.4886516193027,157.81935796437256,1.0
INVALID: all-local optimization with shared-model penalty,25,82,20.51158905029297,15.799979209899902,26,50,50,42.66759334598727,129.34383282361023,1.0
INVALID: all-local optimization with shared-model penalty,25,83,17.95694351196289,10.588875770568848,26,50,50,47.77688442264743,139.76603970227234,1.0
INVALID: all-local optimization with shared-model penalty,25,84,17.917827606201172,11.07962703704834,26,50,50,47.855116234170865,138.78453716931335,1.0
INVALID: all-local optimization with shared-model penalty,25,85,7.147432327270508,-3.060060501098633,26,50,50,69.39590679203219,167.0639122456073,1.0
INVALID: all-local optimization with shared-model penalty,25,86,19.63677978515625,12.691560745239258,26,50,50,44.41721187626071,135.56066975293152,1.0
INVALID: all-local optimization with shared-model penalty,25,87,18.275423049926758,13.176532745361328,26,50,50,47.13992534671969,134.59072575268738,1.0
INVALID: all-local optimization with shared-model penalty,25,88,8.386492729187012,-2.155938148498535,26,50,50,66.91778598819918,165.2556675404071,1.0
INVALID: all-local optimization with shared-model penalty,25,89,17.84684181213379,9.314664840698242,26,50,50,47.99708782230563,142.31446156201355,1.0
INVALID: all-local optimization with shared-model penalty,25,90,15.082489967346191,7.432754993438721,26,50,50,53.525791511880826,146.0782812565326,1.0
INVALID: all-local optimization with shared-model penalty,25,91,22.776317596435547,14.971668243408203,26,50,50,38.138136253702115,131.00045475659363,1.0
INVALID: all-local optimization with shared-model penalty,25,92,19.21212387084961,11.622807502746582,26,50,50,45.26652370487399,137.69817623791687,1.0
INVALID: all-local optimization with shared-model penalty,25,93,19.657733917236328,14.572312355041504,26,50,50,44.37530361210055,131.79916653332702,1.0
INVALID: all-local optimization with shared-model penalty,25,94,17.88849449157715,13.39338207244873,26,50,50,47.91378246341891,134.15702709851257,1.0
INVALID: all-local optimization with shared-model penalty,25,95,21.679302215576172,12.744519233703613,26,50,50,40.332167015420865,135.4547527760028,1.0
INVALID: all-local optimization with shared-model penalty,25,96,18.148569107055664,14.388344764709473,26,50,50,47.39363323246188,132.1671017139911,1.0
INVALID: all-local optimization with shared-model penalty,25,97,17.213008880615234,10.17665958404541,26,50,50,49.26475368534274,140.5904720753192,1.0
INVALID: all-local optimization with shared-model penalty,25,98,19.05906867980957,13.368714332580566,26,50,50,45.57263408695407,134.2063625782489,1.0
INVALID: all-local optimization with shared-model penalty,25,99,17.587221145629883,10.213961601257324,26,50,50,48.51632915531344,140.51586804089538,1.0
INVALID: all-local optimization with shared-model penalty,50,0,32.18669128417969,14.768916130065918,51,100,100,135.13979070847606,361.6644682826828,1.0
INVALID: all-local optimization with shared-model penalty,50,1,44.398277282714844,27.720487594604492,51,100,100,110.71661871140574,335.7613253536056,1.0
INVALID: all-local optimization with shared-model penalty,50,2,29.76409912109375,12.589171409606934,51,100,100,139.98497503464793,366.02395772360074,1.0
INVALID: all-local optimization with shared-model penalty,50,3,41.007850646972656,21.385236740112305,51,100,100,117.49747198289012,348.43182706259,1.0
INVALID: all-local optimization with shared-model penalty,50,4,39.645137786865234,27.15520668029785,51,100,100,120.22289770310496,336.8918871822189,1.0
INVALID: all-local optimization with shared-model penalty,50,5,42.411128997802734,31.17746925354004,51,100,100,114.69091528122996,328.84736203573453,1.0
INVALID: all-local optimization with shared-model penalty,50,6,-14.918652534484863,-28.564966201782227,51,100,100,229.35047834580516,448.33223294637907,1.0
INVALID: all-local optimization with shared-model penalty,50,7,34.670711517333984,25.367225646972656,51,100,100,130.17175024216746,340.4678492488693,1.0
INVALID: all-local optimization with shared-model penalty,50,8,37.68455505371094,22.900117874145508,51,100,100,124.14406316941356,345.4020647945236,1.0
INVALID: all-local optimization with shared-model penalty,50,9,40.14306640625,27.13386344909668,51,100,100,119.22704046433543,336.93457364462125,1.0
INVALID: all-local optimization with shared-model penalty,50,10,28.834779739379883,8.06261157989502,51,100,100,141.84361379807567,375.0770773830246,1.0
INVALID: all-local optimization with shared-model penalty,50,11,43.23838806152344,32.105098724365234,51,100,100,113.03639715378856,326.99210309408414,1.0
INVALID: all-local optimization with shared-model penalty,50,12,19.581985473632812,-0.4727964401245117,51,100,100,160.3492023295698,392.14789342306364,1.0
INVALID: all-local optimization with shared-model penalty,50,13,40.03195571899414,21.382831573486328,51,100,100,119.44926183884715,348.43663739584196,1.0
INVALID: all-local optimization with shared-model penalty,50,14,37.55819320678711,20.924060821533203,51,100,100,124.39678686326121,349.3541788997482,1.0
INVALID: all-local optimization with shared-model penalty,50,15,40.750858306884766,24.448360443115234,51,100,100,118.0114566630659,342.30557965658414,1.0
INVALID: all-local optimization with shared-model penalty,50,16,38.77031326293945,28.753280639648438,51,100,100,121.97254675095652,333.69573926351774,1.0
INVALID: all-local optimization with shared-model penalty,50,17,27.03160858154297,9.681288719177246,51,100,100,145.4499561137495,371.8397231044601,1.0
INVALID: all-local optimization with shared-model penalty,50,18,27.09496307373047,8.394989967346191,51,100,100,145.3232471293745,374.41232060812223,1.0
INVALID: all-local optimization with shared-model penalty,50,19,37.93208312988281,25.35550308227539,51,100,100,123.6490070170698,340.49129437826383,1.0
INVALID: all-local optimization with shared-model penalty,50,20,37.352317810058594,22.945314407348633,51,100,100,124.80853765671824,345.31167172811735,1.0
INVALID: all-local optimization with shared-model penalty,50,21,27.419584274291992,7.557700157165527,51,100,100,144.67400472825145,376.08690022848356,1.0
INVALID: all-local optimization with shared-model penalty,50,22,-17.936538696289062,-39.9276123046875,51,100,100,235.38625066941356,471.0575251521896,1.0
INVALID: all-local optimization with shared-model penalty,50,23,38.750728607177734,18.54347038269043,51,100,100,122.01171606247996,354.11535977743375,1.0
INVALID: all-local optimization with shared-model penalty,50,24,34.42120361328125,18.222448348999023,51,100,100,130.67076605027293,354.75740384481657,1.0
INVALID: all-local optimization with shared-model penalty,50,25,13.893074035644531,-4.2746686935424805,51,100,100,171.72702520554637,399.7516379298996,1.0
INVALID: all-local optimization with shared-model penalty,50,26,41.14400100708008,33.06727981567383,51,100,100,117.22517126267527,325.06774091146696,1.0
INVALID: all-local optimization with shared-model penalty,50,27,34.315250396728516,16.430631637573242,51,100,100,130.8826724833784,358.3410372676681,1.0
INVALID: all-local optimization with shared-model penalty,50,28,37.126007080078125,28.608728408813477,51,100,100,125.26115911667918,333.98484372518766,1.0
INVALID: all-local optimization with shared-model penalty,50,29,41.376461029052734,25.78564453125,51,100,100,116.76025121872996,339.6310114803146,1.0
INVALID: all-local optimization with shared-model penalty,50,30,35.626041412353516,16.993165969848633,51,100,100,128.2610904521284,357.21596860311735,1.0
INVALID: all-local optimization with shared-model penalty,50,31,37.7554817199707,23.954187393188477,51,100,100,124.00220983689402,343.29392575643766,1.0
INVALID: all-local optimization with shared-model penalty,50,32,44.457603454589844,28.994760513305664,51,100,100,110.59796636765574,333.2127795162033,1.0
INVALID: all-local optimization with shared-model penalty,50,33,24.614391326904297,4.435128688812256,51,100,100,150.28439062302684,382.3320431651901,1.0
INVALID: all-local optimization with shared-model penalty,50,34,15.744950294494629,-1.098581075668335,51,100,100,168.02327268784617,393.3994626941513,1.0
INVALID: all-local optimization with shared-model penalty,50,35,37.76969528198242,19.765043258666992,51,100,100,123.97378271287059,351.6722140254806,1.0
INVALID: all-local optimization with shared-model penalty,50,36,42.093505859375,31.726634979248047,51,100,100,115.32616155808543,327.7490305843185,1.0
INVALID: all-local optimization with shared-model penalty,50,37,39.21697998046875,36.0693244934082,51,100,100,121.07921331589793,319.0636515559982,1.0
INVALID: all-local optimization with shared-model penalty,50,38,44.35089874267578,28.207401275634766,51,100,100,110.81137579148387,334.7874979915451,1.0
INVALID: all-local optimization with shared-model penalty,50,39,33.71110916137695,15.198698043823242,51,100,100,132.09095495408152,360.8049044551681,1.0
INVALID: all-local optimization with shared-model penalty,50,40,41.64861297607422,38.73649597167969,51,100,100,116.215947324687,313.72930859945524,1.0
INVALID: all-local optimization with shared-model penalty,50,41,38.52632141113281,27.99554443359375,51,100,100,122.4605304545698,335.2112116756271,1.0
INVALID: all-local optimization with shared-model penalty,50,42,37.01054382324219,17.613964080810547,51,100,100,125.49208563035106,355.9743723811935,1.0
INVALID: all-local optimization with shared-model penalty,50,43,36.46941375732422,18.136734008789062,51,100,100,126.574345762187,354.9288325252365,1.0
INVALID: all-local optimization with shared-model penalty,50,44,15.894540786743164,-2.922550678253174,51,100,100,167.7240917033491,397.04740189932096,1.0
INVALID: all-local optimization with shared-model penalty,50,45,35.97132110595703,23.580324172973633,51,100,100,127.57053106492137,344.04165219686735,1.0
INVALID: all-local optimization with shared-model penalty,50,46,38.796958923339844,29.892419815063477,51,100,100,121.91925543015574,331.41746091268766,1.0
INVALID: all-local optimization with shared-model penalty,50,47,39.63990020751953,27.616222381591797,51,100,100,120.23337286179637,335.969855779631,1.0
INVALID: all-local optimization with shared-model penalty,50,48,19.64663314819336,1.2771103382110596,51,100,100,160.2199069804487,388.6480798663925,1.0
INVALID: all-local optimization with shared-model penalty,50,49,32.901737213134766,14.060457229614258,51,100,100,133.7096988505659,363.0813860835861,1.0
INVALID: all-local optimization with shared-model penalty,50,50,42.06003952026367,29.112668991088867,51,100,100,115.39309423630809,332.9769625606369,1.0
INVALID: all-local optimization with shared-model penalty,50,51,32.252288818359375,13.433403015136719,51,100,100,135.00859564011668,364.3354945125412,1.0
INVALID: all-local optimization with shared-model penalty,50,52,43.54878234863281,33.7740364074707,51,100,100,112.4156085795698,323.6542277278732,1.0
INVALID: all-local optimization with shared-model penalty,50,53,43.8615837097168,40.28374099731445,51,100,100,111.79000585740184,310.6348185481857,1.0
INVALID: all-local optimization with shared-model penalty,50,54,38.462059020996094,28.714109420776367,51,100,100,122.58905523484324,333.7740817012619,1.0
INVALID: all-local optimization with shared-model penalty,50,55,31.365785598754883,11.672652244567871,51,100,100,136.78160207932567,367.85699605367887,1.0
INVALID: all-local optimization with shared-model penalty,50,56,45.349456787109375,38.77942657470703,51,100,100,108.81425970261668,313.64344739340055,1.0
INVALID: all-local optimization with shared-model penalty,50,57,40.29276657104492,26.892988204956055,51,100,100,118.92764013474559,337.4163241329025,1.0
INVALID: all-local optimization with shared-model penalty,50,58,37.63307189941406,18.612756729125977,51,100,100,124.2470294780073,353.97678708456266,1.0
INVALID: all-local optimization with shared-model penalty,50,59,31.91567039489746,14.640442848205566,51,100,100,135.6818324870405,361.9214148464035,1.0
INVALID: all-local optimization with shared-model penalty,50,60,47.640499114990234,32.37495040893555,51,100,100,104.23217504685496,326.4523997249435,1.0
INVALID: all-local optimization with shared-model penalty,50,61,34.48129653930664,20.465351104736328,51,100,100,130.55058019822215,350.27159833334196,1.0
INVALID: all-local optimization with shared-model penalty,50,62,40.668601989746094,33.22216796875,51,100,100,118.17596929734324,324.7579646053146,1.0
INVALID: all-local optimization with shared-model penalty,50,63,40.208580017089844,27.071521759033203,51,100,100,119.09601324265574,337.0592570247482,1.0
INVALID: all-local optimization with shared-model penalty,50,64,25.189205169677734,3.415954113006592,51,100,100,149.13476293747996,384.37039231680143,1.0
INVALID: all-local optimization with shared-model penalty,50,65,44.2055549621582,30.047346115112305,51,100,100,111.10206335251902,331.10760831259,1.0
INVALID: all-local optimization with shared-model penalty,50,66,39.4735107421875,21.768909454345703,51,100,100,120.56615179246043,347.6644816341232,1.0
INVALID: all-local optimization with shared-model penalty,50,67,37.343101501464844,18.674760818481445,51,100,100,124.82697027390574,353.8527789058517,1.0
INVALID: all-local optimization with shared-model penalty,50,68,27.6390323638916,8.97740364074707,51,100,100,144.23510854905223,373.24749326132047,1.0
INVALID: all-local optimization with shared-model penalty,50,69,26.22417640686035,7.307065486907959,51,100,100,147.06482046311473,376.5881695689987,1.0
INVALID: all-local optimization with shared-model penalty,50,70,-4.256459712982178,-27.04633331298828,51,100,100,208.0260927027998,445.2949671687912,1.0
INVALID: all-local optimization with shared-model penalty,50,71,44.508636474609375,33.92970657348633,51,100,100,110.49590032761668,323.34288739584196,1.0
INVALID: all-local optimization with shared-model penalty,50,72,21.7882022857666,3.5340723991394043,51,100,100,155.93676870530223,384.1341557445358,1.0
INVALID: all-local optimization with shared-model penalty,50,73,47.858985900878906,33.04287338256836,51,100,100,103.79520147507762,325.1165537776779,1.0
INVALID: all-local optimization with shared-model penalty,50,74,34.868797302246094,20.04010772705078,51,100,100,129.77557867234324,351.12208508871305,1.0
INVALID: all-local optimization with shared-model penalty,50,75,40.97050476074219,34.025779724121094,51,100,100,117.57216375535106,323.1507410945724,1.0
INVALID: all-local optimization with shared-model penalty,50,76,40.14552307128906,28.461488723754883,51,100,100,119.2221271342573,334.27932309530485,1.0
INVALID: all-local optimization with shared-model penalty,50,77,31.578853607177734,13.347126007080078,51,100,100,136.35546606247996,364.50804852865446,1.0
INVALID: all-local optimization with shared-model penalty,50,78,38.54018020629883,20.29753875732422,51,100,100,122.43281286423777,350.6072230281662,1.0
INVALID: all-local optimization with shared-model penalty,50,79,42.37699890136719,28.435409545898438,51,100,100,114.75917547410106,334.33148145101774,1.0
INVALID: all-local optimization with shared-model penalty,50,80,41.4516487121582,27.774106979370117,51,100,100,116.60987585251902,335.6540865840744,1.0
INVALID: all-local optimization with shared-model penalty,50,81,40.12057113647461,28.142906188964844,51,100,100,119.27203100388621,334.9164881648849,1.0
INVALID: all-local optimization with shared-model penalty,50,82,31.93646812438965,12.992661476135254,51,100,100,135.64023702805613,365.2169775905441,1.0
INVALID: all-local optimization with shared-model penalty,50,83,39.53193664550781,28.45548439025879,51,100,100,120.4492999858198,334.29133176229703,1.0
INVALID: all-local optimization with shared-model penalty,50,84,38.42467498779297,21.847911834716797,51,100,100,122.6638233012495,347.506476873381,1.0
INVALID: all-local optimization with shared-model penalty,50,85,31.660797119140625,13.731273651123047,51,100,100,136.19157903855418,363.7397532405685,1.0
INVALID: all-local optimization with shared-model penalty,50,86,34.58295440673828,18.153125762939453,51,100,100,130.34726446335887,354.8960490169357,1.0
INVALID: all-local optimization with shared-model penalty,50,87,39.9902229309082,24.910850524902344,51,100,100,119.53272741501902,341.3805994930099,1.0
INVALID: all-local optimization with shared-model penalty,50,88,38.100955963134766,29.09613609313965,51,100,100,123.3112613505659,333.0100283565353,1.0
INVALID: all-local optimization with shared-model penalty,50,89,40.6109733581543,37.46389389038086,51,100,100,118.29122656052684,316.2745127620529,1.0
INVALID: all-local optimization with shared-model penalty,50,90,41.10400390625,34.80589294433594,51,100,100,117.30516546433543,321.59051465414274,1.0
INVALID: all-local optimization with shared-model penalty,50,91,39.82478713989258,30.148984909057617,51,100,100,119.86359899705027,330.9043307246994,1.0
INVALID: all-local optimization with shared-model penalty,50,92,43.22678756713867,35.20677947998047,51,100,100,113.05959814255809,320.7887415828537,1.0
INVALID: all-local optimization with shared-model penalty,50,93,24.896686553955078,5.775236129760742,51,100,100,149.71980016892527,379.6518282832931,1.0
INVALID: all-local optimization with shared-model penalty,50,94,28.63373565673828,10.671238899230957,51,100,100,142.24570196335887,369.8598227443527,1.0
INVALID: all-local optimization with shared-model penalty,50,95,27.808643341064453,9.077742576599121,51,100,100,143.89588659470652,373.04681538961637,1.0
INVALID: all-local optimization with shared-model penalty,50,96,42.2604866027832,26.426668167114258,51,100,100,114.99220007126902,338.3489642085861,1.0
INVALID: all-local optimization with shared-model penalty,50,97,36.46775436401367,20.484716415405273,51,100,100,126.57766454880809,350.23286771200407,1.0
INVALID: all-local optimization with shared-model penalty,50,98,44.41047286987305,28.151456832885742,51,100,100,110.69222753708934,334.8993868770431,1.0
INVALID: all-local optimization with shared-model penalty,50,99,42.601318359375,31.391172409057617,51,100,100,114.31053655808543,328.4199557246994,1.0
