bias,centered_rmse,comparison,correlation,mae,mask,problem,rmse,timesteps
1.3215518462439528,1.5089315713529583,current_grid_vs_analytic,0.8960861423248927,1.4875192804349924,posterior,gaussian,2.0058349307299714,100
1.3215521921569333,1.5089315666836025,upstream_grid_vs_analytic,0.8960861407114425,1.4875194624572754,posterior,gaussian,2.0058351551234286,100
-3.4591298044463736e-07,4.017328728613011e-07,current_grid_vs_upstream,0.9999999999999679,3.628671905140818e-07,posterior,gaussian,5.30136860798687e-07,100
1.0478484266773669,2.114137881400372,current_grid_vs_analytic,0.6226327795720772,1.7737137774880574,likelihood,gaussian,2.359568881567624,100
1.0478487563425627,2.1141378669357156,upstream_grid_vs_analytic,0.6226327861548979,1.7737138382406434,likelihood,gaussian,2.359569015006798,100
-3.2966519579475307e-07,3.749530329858642e-07,current_grid_vs_upstream,0.9999999999999782,3.4567750530478396e-07,likelihood,gaussian,4.992683830002572e-07,100
-0.16172492327912008,0.7543498239574077,current_vs_analytic,0.6822025976238103,0.5149492087887364,posterior,gaussian,0.7714911585457147,10
-0.1617243942878977,0.7543497987763881,upstream_vs_analytic,0.6822026042425972,0.5149490821288663,posterior,gaussian,0.7714910230338163,10
-5.289912223815918e-07,4.052869310664876e-07,current_vs_upstream,0.9999999999998879,5.289912223815918e-07,posterior,gaussian,6.664001874625056e-07,10
-0.426370164480044,0.7974630043758234,current_vs_analytic,0.6588537133036176,0.6616074853475373,posterior,gaussian,0.90428909122407,50
-0.426369702544047,0.7974629661098988,upstream_vs_analytic,0.6588537571861375,0.6616071426208299,posterior,gaussian,0.9042888396769566,50
-4.6193599700927734e-07,4.5369080745095997e-07,current_vs_upstream,0.999999999999875,5.066394805908203e-07,posterior,gaussian,6.474721724510321e-07,50
-0.4338022154830233,0.7989981720914691,current_vs_analytic,0.6581048398796279,0.6667750380442967,posterior,gaussian,0.9091657941011024,100
-0.43380176099760687,0.7989980921980804,upstream_vs_analytic,0.6581049088400762,0.6667746580646863,posterior,gaussian,0.9091655070342236,100
-4.544854164123535e-07,4.4147440692858543e-07,current_vs_upstream,0.9999999999998826,4.544854164123535e-07,posterior,gaussian,6.336060650786549e-07,100
-0.4356327635310427,0.7993862736284747,current_vs_analytic,0.6579156139096927,0.6680741063760152,posterior,gaussian,0.9103814140937367,200
-0.43563234629852926,0.7993863048382258,upstream_vs_analytic,0.6579156000204058,0.6680738232539525,posterior,gaussian,0.9103812418456756,200
-4.172325134277344e-07,3.816559456248789e-07,current_vs_upstream,0.9999999999999127,4.172325134277344e-07,posterior,gaussian,5.65459309846469e-07,200
-0.4361408186219469,0.7994958643277135,current_vs_analytic,0.6578620698458691,0.6684352509187093,posterior,gaussian,0.9107208412819702,500
-0.4361403939388529,0.7994958326083415,upstream_vs_analytic,0.6578620821523273,0.6684349305437436,posterior,gaussian,0.9107206100573562,500
-4.246830940246582e-07,4.995223966795723e-07,current_vs_upstream,0.9999999999998493,4.3958425521850586e-07,posterior,gaussian,6.556510925292969e-07,500
-0.41110606133874505,0.8959007247457023,current_vs_analytic,0.5290775666221087,0.7755403218599672,likelihood,gaussian,0.9857212092013292,10
-0.41110556214984506,0.8959007914250222,upstream_vs_analytic,0.5290775087553491,0.7755400610896463,likelihood,gaussian,0.985721061612524,10
-4.991888999938965e-07,4.08017086091431e-07,current_vs_upstream,0.9999999999998777,4.991888999938965e-07,likelihood,gaussian,6.447228089804631e-07,10
-0.6543407851451262,0.9425434051841078,current_vs_analytic,0.5040228138190848,0.9463490181135576,likelihood,gaussian,1.147410098334677,50
-0.6543403604620321,0.9425433376952842,upstream_vs_analytic,0.5040228670927479,0.9463486828374308,likelihood,gaussian,1.1474098007091227,50
-4.246830940246582e-07,4.052869310664876e-07,current_vs_upstream,0.9999999999998955,4.246830940246582e-07,likelihood,gaussian,5.870376707193913e-07,50
-0.6613260695331915,0.9441441536160241,current_vs_analytic,0.5032401334822694,0.9514812984036845,likelihood,gaussian,1.1527186790590054,100
-0.6613256821030005,0.9441443009431931,upstream_vs_analytic,0.5032400186723872,0.9514811642932337,likelihood,gaussian,1.1527185774561413,100
-3.8743019104003906e-07,4.6838026182358597e-07,current_vs_upstream,0.9999999999998663,4.3213367462158203e-07,likelihood,gaussian,6.07850493620966e-07,100
-0.663050700127445,0.944547285279235,current_vs_analytic,0.5030434555503875,0.9527505644130152,likelihood,gaussian,1.1540389096854005,200
-0.6630502679937704,0.9445473273358106,upstream_vs_analytic,0.503043443774132,0.9527502812909525,likelihood,gaussian,1.1540386958260254,200
-4.3213367462158203e-07,3.74312898131623e-07,current_vs_upstream,0.9999999999999151,4.3213367462158203e-07,likelihood,gaussian,5.717076686993503e-07,200
-0.6635300257795675,0.9446607117252908,current_vs_analytic,0.5029876752493663,0.9531038858460825,likelihood,gaussian,1.1544071878623965,500
-0.6635296234482153,0.9446607196303717,upstream_vs_analytic,0.5029876688662679,0.9531036027240198,likelihood,gaussian,1.1544069630792695,500
-4.023313522338867e-07,3.597943922176849e-07,current_vs_upstream,0.999999999999916,4.023313522338867e-07,likelihood,gaussian,5.397430144630323e-07,500
95.10787822319777,111.18766674115658,current_grid_vs_analytic,0.6518838398947367,95.13791096685486,posterior,line,146.31543232161505,100
95.10787838711055,111.1876666367271,upstream_grid_vs_analytic,0.6518838554730602,95.1379110928374,posterior,line,146.31543234880374,100
-1.6391277313232422e-07,2.829080895607022e-07,current_grid_vs_upstream,0.9999999999999962,1.8287788737903943e-07,posterior,line,3.2696235920181253e-07,100
1.3711899606662015,2.954003448493315,current_grid_vs_analytic,0.6122235801868771,2.1347350043741518,likelihood,line,3.2567312265432924,100
1.371190379504391,2.954003440222978,upstream_grid_vs_analytic,0.6122235830516392,2.134735047970692,likelihood,line,3.256731395386267,100
-4.188381895727041e-07,5.124616250174077e-07,current_grid_vs_upstream,0.9999999999999782,4.6788429727359694e-07,likelihood,line,6.618476759497027e-07,100
0.014579882223134097,0.3254255249760391,current_vs_analytic,0.9148636847465799,0.21144789893929972,posterior,line,0.3257519689450412,10
0.014580463368420657,0.32542547156088736,upstream_vs_analytic,0.9148637100282407,0.21144774992768778,posterior,line,0.32575194159461857,10
-5.811452865600586e-07,3.6225455347130353e-07,current_vs_upstream,0.9999999999995575,5.811452865600586e-07,posterior,line,6.848052318737541e-07,10
-0.1964119422883045,0.32611442559106607,current_vs_analytic,0.9154787109846195,0.3151075562082071,posterior,line,0.38069445708081334,50
-0.19641151015462988,0.3261144184720864,upstream_vs_analytic,0.9154787073861798,0.3151072507344026,posterior,line,0.380694228031644,50
-4.3213367462158203e-07,3.472322284499122e-07,current_vs_upstream,0.9999999999995804,4.470348358154297e-07,posterior,line,5.543552409928523e-07,50
-0.20194048589843028,0.32612811448768686,current_vs_analytic,0.9154528183725755,0.3192753406792719,posterior,line,0.38358767824864753,100
-0.2019402214028191,0.3261281144739767,upstream_vs_analytic,0.9154528115023368,0.31927514323888606,posterior,line,0.38358753899282344,100
-2.644956111907959e-07,3.3484122759799605e-07,current_vs_upstream,0.9999999999996089,3.0919909477233887e-07,posterior,line,4.2670431921709637e-07,100
-0.2032907397188496,0.3261313602867275,current_vs_analytic,0.9154457447043521,0.3202929782301027,posterior,line,0.3843029911644045,200
-0.2032904901243996,0.32613129115627953,upstream_vs_analytic,0.9154457924330535,0.3202927360862333,posterior,line,0.3843028004663518,200
-2.4959444999694824e-07,3.303347476921631e-07,current_vs_upstream,0.9999999999996299,2.7194619178771973e-07,posterior,line,4.140270945265831e-07,200
-0.20366430810468905,0.3261322184006133,current_vs_analytic,0.9154435791858224,0.32057430097757167,posterior,line,0.3845014619928864,500
-0.20366406968610995,0.32613217519105553,upstream_vs_analytic,0.9154436008370717,0.32057413706479854,posterior,line,0.3845012990562685,500
-2.384185791015625e-07,3.47551816394645e-07,current_vs_upstream,0.9999999999995856,2.980232238769531e-07,posterior,line,4.2146848510894033e-07,500
-0.40299340276264584,0.5982950376261449,current_vs_analytic,0.7636169073704822,0.6117684630653926,likelihood,line,0.7213602669389867,10
-0.4029925086929742,0.5982949608707115,upstream_vs_analytic,0.76361696827987,0.6117678670189448,likelihood,line,0.7213597037996669,10
-8.940696716308594e-07,5.870376707193913e-07,current_vs_upstream,0.9999999999997624,8.940696716308594e-07,likelihood,line,1.0695671108321167e-06,10
-0.8130432836174313,0.6424441844846287,current_vs_analytic,0.7340906006638009,0.9265666326465587,likelihood,line,1.0362306264599277,50
-0.8130425981640164,0.6424441848086063,upstream_vs_analytic,0.734090607274632,0.9265660962047557,likelihood,line,1.0362300888430565,50
-6.854534149169922e-07,6.630598146106895e-07,current_vs_upstream,0.9999999999997135,7.599592208862305e-07,likelihood,line,9.5367431640625e-07,50
-0.8243156539670471,0.643839323905536,current_vs_analytic,0.7331984775681922,0.9360481665427367,likelihood,line,1.0459566780618872,100
-0.824315266536856,0.6438392578568866,upstream_vs_analytic,0.7331985043049809,0.9360478238160292,likelihood,line,1.0459563320729188,100
-3.8743019104003906e-07,5.77119491429242e-07,current_vs_upstream,0.9999999999997891,4.6193599700927734e-07,likelihood,line,6.9510363278929e-07,100
-0.827086137460852,0.6441896296493073,current_vs_analytic,0.7329751607428127,0.9383819268042723,likelihood,line,1.0483566939394355,200
-0.8270856531731132,0.6441896069417702,upstream_vs_analytic,0.7329751777016246,0.9383815617258231,likelihood,line,1.0483562979143053,200
-4.842877388000488e-07,5.092078037512831e-07,current_vs_upstream,0.9999999999998315,4.842877388000488e-07,likelihood,line,7.027283979983089e-07,200
-0.8278540986052993,0.6442890082662303,current_vs_analytic,0.7329117901533092,0.9390295908744017,likelihood,line,1.0490237055235097,500
-0.8278537111751083,0.6442890014890935,upstream_vs_analytic,0.7329117857122898,0.9390293077523391,likelihood,line,1.049023395614327,500
-3.8743019104003906e-07,5.58346330976343e-07,current_vs_upstream,0.9999999999997979,4.76837158203125e-07,likelihood,line,6.795975119466412e-07,500
106.81156941988421,109.42680437395612,current_grid_vs_analytic,0.6516301251656511,106.8363322479333,posterior,parabola,152.91480267598297,100
106.81156962850046,109.42680428004464,upstream_grid_vs_analytic,0.6516301335924496,106.83633242403793,posterior,parabola,152.91480275449854,100
-2.086162567138672e-07,3.5909240849942536e-07,current_grid_vs_upstream,0.9999999999999972,2.3570927706631747e-07,posterior,parabola,4.1529278877344395e-07,100
1.6843930557896991,3.193635652107987,current_grid_vs_analytic,0.5569846985578538,2.468516104506559,likelihood,parabola,3.610607794375868,100
1.6843934796882014,3.1936356525121807,upstream_grid_vs_analytic,0.556984699172034,2.468516175740192,likelihood,parabola,3.6106079924872803,100
-4.2389850227200255e-07,5.253431892355252e-07,current_grid_vs_upstream,0.9999999999999771,4.7138759068080356e-07,likelihood,parabola,6.75037337267058e-07,100
-0.032464529673990564,0.2047267989335805,current_vs_analytic,0.9127587602112284,0.16245882422267538,posterior,parabola,0.2072848472236794,10
-0.0324637212859958,0.20472689011791956,upstream_vs_analytic,0.9127587115940585,0.16245882049738508,posterior,parabola,0.20728481067625174,10
-8.083879947662354e-07,4.3518980940877266e-07,current_vs_upstream,0.9999999999997069,8.083879947662354e-07,posterior,parabola,9.180856824367859e-07,10
-0.28061396750384265,0.20090739835490654,current_vs_analytic,0.9141754911456585,0.3127357043226613,posterior,parabola,0.3451202420490354,50
-0.2806133789079755,0.2009074014634279,upstream_vs_analytic,0.9141754850937955,0.3127351604302777,posterior,parabola,0.3451197652771253,50
-5.885958671569824e-07,3.525471140241915e-07,current_vs_upstream,0.9999999999997499,5.960464477539062e-07,posterior,parabola,6.86100985599836e-07,50
-0.28735429542833263,0.20147415075159414,current_vs_analytic,0.9136854797138265,0.3188149422307862,posterior,parabola,0.35094775184091087,100
-0.28735401230626995,0.20147413631007235,upstream_vs_analytic,0.913685492476719,0.3188147038122071,posterior,parabola,0.3509475117313151,100
-2.8312206268310547e-07,4.1052631479370326e-07,current_vs_upstream,0.9999999999995796,3.427267074584961e-07,posterior,parabola,4.986882367933247e-07,100
-0.28896736102872783,0.20159288702660655,current_vs_analytic,0.913581946162106,0.3202680140634431,posterior,parabola,0.35233766168212743,200
-0.2889671673136323,0.20159288615465476,upstream_vs_analytic,0.9135819463900455,0.32026785015066994,posterior,parabola,0.3523375023091189,200
-1.9371509552001953e-07,4.017790783260096e-07,current_vs_upstream,0.9999999999995978,2.5331974029541016e-07,posterior,parabola,4.460403188197543e-07,200
-0.2894194212811559,0.20161284408950958,current_vs_analytic,0.9135651579228641,0.3206762500008,posterior,parabola,0.35271991766354804,500
-0.28941927226954395,0.2016128457785038,upstream_vs_analytic,0.9135651577747078,0.32067614569267167,posterior,parabola,0.3527197963595738,500
-1.4901161193847656e-07,2.9950963321688443e-07,current_vs_upstream,0.9999999999997828,2.1606683731079102e-07,posterior,parabola,3.345302391148157e-07,500
-0.7173752373724407,0.48580230541796493,current_vs_analytic,0.8410056982317541,0.7564574395193748,likelihood,parabola,0.8663896993527654,10
-0.7173742315440601,0.4858024427194084,upstream_vs_analytic,0.8410056485194449,0.7564565529002838,likelihood,parabola,0.8663889435095388,10
-1.0058283805847168e-06,5.786084626720525e-07,current_vs_upstream,0.9999999999998028,1.0058283805847168e-06,likelihood,parabola,1.1603785952288976e-06,10
-1.1098711340396827,0.47817673082412365,current_vs_analytic,0.8425703321429707,1.1133848735513718,likelihood,parabola,1.2084977948164315,50
-1.1098704113333648,0.4781767387735431,upstream_vs_analytic,0.8425703242297433,1.1133842104496987,likelihood,parabola,1.2084971342363182,50
-7.227063179016113e-07,5.462347827335887e-07,current_vs_upstream,0.9999999999998017,7.227063179016113e-07,likelihood,parabola,9.05912170026938e-07,50
-1.1227202712266868,0.4781930184883753,current_vs_analytic,0.8426143357540931,1.1252041570014442,likelihood,parabola,1.2203152749819814,100
-1.1227199657528824,0.4781929549860905,upstream_vs_analytic,0.8426143994462645,1.125203881329962,likelihood,parabola,1.220314969054499,100
-3.0547380447387695e-07,5.355614982538506e-07,current_vs_upstream,0.9999999999998156,4.0978193283081055e-07,likelihood,parabola,6.165552397244335e-07,100
-1.1251767798035568,0.478545571653381,current_vs_analytic,0.842358745873729,1.127500835723349,likelihood,parabola,1.2227136418467586,200
-1.1251763551204628,0.47854550700020454,upstream_vs_analytic,0.8423587885935531,1.1275004408425773,likelihood,parabola,1.2227132257370297,200
-4.246830940246582e-07,5.96744530891167e-07,current_vs_upstream,0.9999999999997639,4.991888999938965e-07,likelihood,parabola,7.324341373112504e-07,200
-1.1259210406511253,0.4785693372325543,current_vs_analytic,0.8423389399520363,1.1282032988137687,likelihood,parabola,1.2234078634372592,500
-1.125920787331385,0.47856931707186223,upstream_vs_analytic,0.84233895624564,1.128203090197512,likelihood,parabola,1.2234076224168111,500
-2.5331974029541016e-07,6.741849199452173e-07,current_vs_upstream,0.9999999999996988,5.21540641784668e-07,likelihood,parabola,7.202056630608185e-07,500
20.523609196280272,25.179216534733506,current_grid_vs_analytic,0.7000903382559441,20.743829566484088,posterior,banana,32.484018836108284,100
20.523609545831107,25.17921651942534,upstream_grid_vs_analytic,0.7000903404857587,20.74382984752607,posterior,banana,32.48401904509095,100
-3.4955083107461736e-07,4.671456845430529e-07,current_grid_vs_upstream,0.9999999999999949,3.682350625797194e-07,posterior,banana,5.834474047351253e-07,100
2.3178271682537397,2.5091370439071743,current_grid_vs_analytic,0.819565292370965,2.5943115711978257,likelihood,banana,3.415858821292587,100
2.3178275419383696,2.50913705195027,upstream_grid_vs_analytic,0.8195652898259317,2.5943117806169207,likelihood,banana,3.415859080763982,100
-3.736846301020408e-07,4.796845162924695e-07,current_grid_vs_upstream,0.9999999999999526,4.110530931122449e-07,likelihood,banana,6.080603900479289e-07,100
-0.27217676608386004,0.5321855121170348,current_vs_analytic,0.8105567240032907,0.4643231907014955,posterior,banana,0.5977471131700586,10
-0.2721761476856705,0.5321855093133837,upstream_vs_analytic,0.8105567325065781,0.4643228256230463,posterior,banana,0.597746829094189,10
-6.183981895446777e-07,4.1875974823225724e-07,current_vs_upstream,0.9999999999998691,6.183981895446777e-07,posterior,banana,7.468440584028761e-07,10
-0.5628014732061934,0.5619818971309757,current_vs_analytic,0.7973803093515272,0.6512959481290217,posterior,banana,0.7953421596683984,50
-0.5628010112701964,0.5619818873586019,upstream_vs_analytic,0.7973803118974863,0.6512956203034754,posterior,banana,0.7953418258873928,50
-4.6193599700927734e-07,3.950915808547393e-07,current_vs_upstream,0.9999999999998962,4.76837158203125e-07,posterior,banana,6.07850493620966e-07,50
-0.5707846958099914,0.5630571801939653,current_vs_analytic,0.7969616477424422,0.6574204445889826,posterior,banana,0.8017658992117861,100
-0.5707843009292197,0.5630571634137831,upstream_vs_analytic,0.796961665064836,0.657420124214017,posterior,banana,0.8017656063082487,100
-3.948807716369629e-07,4.424791863948477e-07,current_vs_upstream,0.9999999999998701,4.0978193283081055e-07,posterior,banana,5.93058727447164e-07,100
-0.5727449286638808,0.5633282122170051,current_vs_analytic,0.7968567197322057,0.6589251489451762,posterior,banana,0.8033526174662039,200
-0.572744481629045,0.563328249631331,upstream_vs_analytic,0.7968566736689936,0.6589248211196299,posterior,banana,0.8033523249914838,200
-4.470348358154297e-07,5.118716966306468e-07,current_vs_upstream,0.9999999999998327,4.917383193969727e-07,posterior,banana,6.795975119466412e-07,200
-0.5732877565457535,0.5634024919054005,current_vs_analytic,0.7968284048087881,0.659341689485931,posterior,banana,0.8037917763267287,500
-0.5732874212696266,0.5634025288722009,upstream_vs_analytic,0.7968283791004389,0.6593414436167713,posterior,banana,0.8037915631092238,500
-3.3527612686157227e-07,4.514215725571248e-07,current_vs_upstream,0.9999999999998646,3.7997961044311523e-07,posterior,banana,5.623090941939713e-07,500
-0.40929983777990353,0.6288103409659781,current_vs_analytic,0.5609537023255656,0.5799583030701025,likelihood,banana,0.7502858136153215,10
-0.409299182128811,0.6288103392609644,upstream_vs_analytic,0.5609537332671835,0.5799579901457175,likelihood,banana,0.7502854545123494,10
-6.556510925292969e-07,4.3392836387637365e-07,current_vs_upstream,0.9999999999997932,6.556510925292969e-07,likelihood,banana,7.86239263908441e-07,10
-0.7051023267029763,0.6390666914350781,current_vs_analytic,0.5530075950893567,0.7701534577787323,likelihood,banana,0.9516173218388408,50
-0.7051018796681405,0.6390667213273933,upstream_vs_analytic,0.5530075261055596,0.770153204458992,likelihood,banana,0.9516170106821804,50
-4.470348358154297e-07,4.369878261868709e-07,current_vs_upstream,0.9999999999997994,4.917383193969727e-07,likelihood,banana,6.251387883246848e-07,50
-0.7130677275179864,0.6394883178760583,current_vs_analytic,0.5526712656004364,0.7762734838903351,likelihood,banana,0.9578156882864343,100
-0.7130674071430207,0.6394883168587772,upstream_vs_analytic,0.5526712488068173,0.7762732380211754,likelihood,banana,0.9578154490968197,100
-3.203749656677246e-07,4.4647569258745414e-07,current_vs_upstream,0.9999999999997875,3.948807716369629e-07,likelihood,banana,5.495276723678641e-07,100
-0.7150203756808282,0.6395950019945587,current_vs_analytic,0.5525850636709061,0.7777748503864212,likelihood,banana,0.9593413908589435,200
-0.7150198764919282,0.6395950219085558,upstream_vs_analytic,0.5525850378753255,0.7777744555056496,likelihood,banana,0.9593410320781335,200
-4.991888999938965e-07,5.2930594202612e-07,current_vs_upstream,0.9999999999997022,5.289912223815918e-07,likelihood,banana,7.275674114068569e-07,200
-0.715562062692547,0.6396259217485544,current_vs_analytic,0.5525595049189447,0.778191933888237,likelihood,banana,0.9597657971283934,500
-0.7155616156577111,0.6396258895547405,upstream_vs_analytic,0.5525595701312126,0.7781915911615296,likelihood,banana,0.9597654423823391,500
-4.470348358154297e-07,4.906081447945335e-07,current_vs_upstream,0.9999999999997442,4.76837158203125e-07,likelihood,banana,6.637292340791251e-07,500
