analytic,mask,sample,stage1_exact,stage2_exact,stage2_learned
-2.07846014868443,posterior,0,-2.4444823,-2.3767161,-2.5857406
-0.5169129216302526,posterior,1,-2.0485654,-2.2497425,-2.1206279
-1.094581865654137,posterior,2,-3.4413142,-3.1417327,-3.2651453
-0.5625299958108143,posterior,3,-0.721859,-0.84631777,-0.8151617
-2.991846975093366,posterior,4,-2.892652,-3.072722,-3.196714
-2.0018400306816746,posterior,5,-2.2174559,-2.206429,-2.1190515
-0.5965945067793651,posterior,6,-1.061696,-1.1137619,-1.0200009
-0.890753551156195,posterior,7,-2.904138,-2.6886926,-2.7558985
-0.09662258594595455,posterior,8,-0.8424182,-0.82564926,-0.81017303
-1.6090576802452856,posterior,9,-1.1763005,-1.2897754,-1.0619392
-0.1075894780379405,posterior,10,-0.9443631,-0.4538479,-0.71527004
-0.6218158452661182,posterior,11,-1.0878587,-1.2040005,-1.1819868
-1.3669986896190252,posterior,12,-1.1524558,-1.0167742,-0.78173923
-0.881962466591315,posterior,13,-1.605762,-1.6875048,-1.730093
-2.6844326718974854,posterior,14,-2.7084184,-2.600648,-2.5379987
-1.3284250244426248,posterior,15,-2.1417346,-2.0799165,-2.1656756
-4.5995006326439505,posterior,16,-2.0696197,-2.2061238,-2.1252055
-0.6723985807150454,posterior,17,-1.8836393,-2.1705914,-2.2481656
-1.2237781382848674,posterior,18,-1.9590282,-2.1082273,-2.0558548
-2.075923406110215,posterior,19,-4.2609043,-4.4532056,-4.4509816
-0.43618515358969445,posterior,20,-0.9305992,-0.9321742,-0.9168496
-4.81252592584211,posterior,21,-3.0235295,-3.2074451,-3.352169
-2.4539421542219495,posterior,22,-2.9791236,-2.9547281,-2.9860606
-0.10098379959577233,posterior,23,-1.3813353,-1.2516036,-1.260078
-2.5581971960215046,posterior,24,-2.453402,-2.4959207,-2.51964
-0.700294787494784,posterior,25,-3.4569407,-2.6189713,-2.6898398
-0.6077775638728968,posterior,26,-1.0187321,-0.98915815,-1.1006098
-0.28061186419213385,posterior,27,-0.5801811,-0.78931284,-0.61454153
-1.1345214307052953,posterior,28,-1.3551884,-1.3523026,-1.4076691
-0.38176377645074744,posterior,29,-0.680449,-0.6353564,-0.60694647
-1.866240596223333,posterior,30,-1.4453692,-1.5731101,-1.4468746
-0.36811932977425565,posterior,31,-0.47744274,-0.4968028,-0.53845406
-0.5663767544601573,posterior,32,-0.4839058,-0.7851443,-0.5529356
-0.20938038707939355,posterior,33,-0.8862624,-0.68270636,-0.8427663
-0.2682813200046923,posterior,34,-0.64596844,-0.5907836,-0.5962329
-1.7378940647053063,posterior,35,-1.1743932,-1.3739614,-1.2142076
-0.0011676547814706423,posterior,36,-0.75363827,-0.54153156,-0.5815811
-0.6112094950789837,posterior,37,-1.2988739,-1.411253,-1.3028479
-0.13293220341205236,posterior,38,-0.3446107,-0.5360589,-0.61194086
-1.3946470580373298,posterior,39,-1.4629259,-1.5114799,-1.3888817
-0.36142227255058457,posterior,40,-0.6397085,-0.80041695,-0.67663383
-0.36189639924243994,posterior,41,-1.560421,-1.5376086,-1.362112
-0.9785369129269814,posterior,42,-1.2052951,-1.2064538,-1.2600918
-0.28414737283265123,posterior,43,-0.7932162,-0.7998824,-0.67340803
-0.43839917971230263,posterior,44,-0.58666325,-0.5948067,-0.6179676
-2.2237549340578298,posterior,45,-1.330131,-1.3239522,-1.3428411
-0.15842807490333147,posterior,46,-0.53087616,-0.36418962,-0.57470703
-0.4153244747517709,posterior,47,-0.6311798,-0.6117196,-0.6325798
-0.12711960506612163,posterior,48,-0.584939,-0.94750214,-0.7939925
-2.1390265965370237,posterior,49,-2.1445265,-2.1119795,-2.1732903
-0.4148365910675875,posterior,50,-1.1374979,-0.9509492,-0.8910136
-0.7722047694118568,posterior,51,-0.96761894,-0.9176488,-0.8962555
-0.06350048070945574,posterior,52,-0.78312063,-0.78189087,-0.8674021
-0.012378619414570899,posterior,53,-0.38289404,-0.21124554,-0.55361557
-1.2580460592154243,posterior,54,-0.93355227,-1.1113334,-0.91129065
-2.3365006820340204,posterior,55,-3.493187,-3.4408145,-3.4217453
-0.7479393268476032,posterior,56,-1.2742014,-1.3761044,-1.4667192
-0.4392627756301752,posterior,57,-1.0356927,-1.2510991,-1.0874372
-1.0502823961141712,posterior,58,-2.211267,-1.9730091,-2.1274767
0.0188022030341563,posterior,59,-0.70793486,-0.5867462,-0.57052755
-0.7354421538245067,posterior,60,-1.0097947,-0.9862242,-0.90602493
-0.3568953350703189,posterior,61,-0.8449125,-1.0572562,-0.92189837
-1.2162752793005203,posterior,62,-1.5266733,-1.6978736,-1.8389158
-0.13399602995869236,posterior,63,-0.68239164,-0.38627672,-0.601419
-2.157007484826762,posterior,64,-1.8318129,-1.7142978,-1.6872382
-0.24143617839958376,posterior,65,-0.7138505,-0.785419,-0.7956443
-0.6099445056995829,posterior,66,-1.1738853,-0.7455249,-0.8076887
-0.1593127006144817,posterior,67,-0.99263525,-0.64974403,-0.8839536
-1.4459739287412658,posterior,68,-1.0919981,-1.400537,-1.3282042
-0.4998653310137595,posterior,69,-0.8630533,-0.93497133,-0.88644695
-0.12519757924852515,posterior,70,-0.70191383,-0.7884693,-0.7240906
-0.33897435824061845,posterior,71,-0.47190952,-0.69863033,-0.53546286
-1.2851931615612493,posterior,72,-1.8017735,-1.894896,-1.9420652
-2.6173849126836144,posterior,73,-1.5247197,-1.5717211,-1.5871878
-0.12012341512025235,posterior,74,-0.74728966,-0.7464733,-0.6845355
-0.7048238200071527,posterior,75,-1.3061137,-1.4011817,-1.281764
-0.596480872347736,posterior,76,-1.6279674,-1.4475999,-1.5226274
-0.327853013726817,posterior,77,-1.3563595,-1.1956987,-1.2477131
-2.0974694020386266,posterior,78,-1.1648889,-1.4071136,-1.3730807
-0.5614304417422903,posterior,79,-0.9971342,-0.74861145,-0.9850316
-1.1359278937426658,posterior,80,-2.779726,-2.777011,-2.8312435
-1.8298366286861742,posterior,81,-1.5083036,-1.62601,-1.6132259
-1.1484256088625509,posterior,82,-1.2221231,-1.1357803,-1.2393274
-1.6418263717951584,posterior,83,-2.0440474,-2.1917796,-2.1184955
-0.20378278553931112,posterior,84,-0.82530165,-0.84039545,-1.0012598
-0.5790359037519242,posterior,85,-0.95969343,-0.9125881,-0.9018388
-0.9026273428090216,posterior,86,-1.3714719,-1.2928004,-1.4475226
-0.09445463618303529,posterior,87,-1.168961,-0.8707619,-0.93647766
-0.07762867490608419,posterior,88,-1.4497476,-1.4147029,-1.3680472
-0.5913860807150269,posterior,89,-1.2556629,-1.0497708,-1.1381564
-0.5215616030446248,posterior,90,-1.6579094,-1.4855084,-1.5388231
-1.1944928964254573,posterior,91,-1.297492,-1.50246,-1.3908339
-0.45668954709682974,posterior,92,-0.68301153,-0.7019806,-0.7695222
-2.808129801899196,posterior,93,-1.5650954,-1.7490973,-1.8071222
-0.25099726149156915,posterior,94,-0.80071545,-0.7520561,-0.8475895
-0.014393776565640129,posterior,95,-0.45812416,-0.5931349,-0.6288905
-0.5816903972998053,posterior,96,-1.1512218,-1.0839305,-1.1047807
-1.1154056765227642,posterior,97,-1.5385242,-1.7656884,-1.5513935
-0.04342785980558002,posterior,98,-1.4059644,-1.3834519,-1.5757046
-2.654398864059436,posterior,99,-1.3233147,-1.552733,-1.5462933
-1.2700895989479992,posterior,100,-1.2067633,-1.4307547,-1.4585605
-3.4820143414953524,posterior,101,-3.7139597,-3.4565406,-3.7535543
-0.009478625773633051,posterior,102,-0.34207058,-0.4290614,-0.58540726
-0.8451606322664087,posterior,103,-0.64338684,-0.49638224,-0.6113882
-1.014146188116747,posterior,104,-1.5418754,-1.6413336,-1.6799622
-0.5049203350473563,posterior,105,-0.9629097,-1.0853119,-0.98756933
-4.107796865997239,posterior,106,-2.8416262,-2.7026649,-2.8143344
-1.8414809306157458,posterior,107,-3.7091842,-3.158988,-3.2031565
-0.5531080787380821,posterior,108,-0.5754905,-0.78356314,-0.8617234
-0.4776862178958283,posterior,109,-2.6481647,-2.3110132,-2.3432693
-0.2587804944925814,posterior,110,-1.0001292,-1.0691524,-1.1066451
-0.34064989418827946,posterior,111,-1.3101611,-1.578208,-1.3062601
-1.3607790780210278,posterior,112,-1.1151533,-1.1176424,-1.163827
-0.5078029847979298,posterior,113,-2.773612,-2.4740157,-2.5671945
-0.9538838598303911,posterior,114,-1.0174065,-1.1840892,-1.1788659
-0.5222650761274581,posterior,115,-1.0152321,-1.025835,-1.0223932
-0.23388703453874965,posterior,116,-1.1952252,-1.147121,-1.16823
-0.5383693873987354,posterior,117,-1.7606454,-1.6061621,-1.7003284
-0.14754491271196027,posterior,118,-0.4037242,-0.43806934,-0.50758886
-0.1812362797515645,posterior,119,-0.33488894,-0.30137825,-0.5807538
-2.9028193879853825,posterior,120,-2.1829205,-2.2919207,-2.2673445
-0.09816334081898298,posterior,121,-1.3932176,-1.40837,-1.3935304
-1.2538609558002711,posterior,122,-2.3455758,-2.3508701,-2.3661733
-2.091577501909967,posterior,123,-3.4668288,-3.3453827,-3.5197186
0.04174036949628575,posterior,124,-0.25992918,-0.39730406,-0.5562525
-0.9582118910181816,posterior,125,-2.8006458,-2.4433165,-2.600627
-2.77679137403803,posterior,126,-3.5150404,-3.038148,-3.323565
-1.2779726315660065,posterior,127,-1.4882336,-1.548008,-1.4887338
-1.0428333984655966,posterior,128,-1.7090998,-1.6394277,-1.7912683
-1.453884358477182,posterior,129,-0.96377563,-1.0974069,-0.9151678
-1.0840718796285056,posterior,130,-1.127255,-1.16816,-0.91043043
-0.2135676181018742,posterior,131,-1.0322909,-0.8546438,-1.0869298
-2.6985799120486016,posterior,132,-1.4318724,-1.6626921,-1.4373035
-1.4011800239264702,posterior,133,-1.5220108,-1.8765955,-1.8990836
-0.4302539843883478,posterior,134,-0.855073,-0.65053654,-0.8610568
-0.5380105093738294,posterior,135,-0.542675,-0.8919172,-0.53896666
-0.051765530371443366,posterior,136,-1.2441697,-1.3327026,-1.2551007
-0.9920571291673905,posterior,137,-1.1266236,-1.2462907,-1.1003819
-1.6890608821064939,posterior,138,-1.6634517,-1.6824102,-1.7202148
-0.21148911904134904,posterior,139,-1.0557232,-1.0545182,-1.0747228
-0.3307441313999672,posterior,140,-0.61863804,-0.88093424,-0.70487833
-3.443364517152255,posterior,141,-1.9742584,-1.9806433,-2.0589948
-0.8953239842386018,posterior,142,-1.085443,-1.0194974,-1.050087
-1.0223052189528044,posterior,143,-1.0628734,-1.1570783,-1.1389589
-0.08725406928363022,posterior,144,-0.8085847,-0.6030235,-0.74222994
-0.14790479784273952,posterior,145,-0.6288266,-0.7904968,-0.73461676
-0.02183791319935531,posterior,146,-0.98576593,-0.48623085,-0.71795607
-0.9572763018127304,posterior,147,-1.8016815,-1.737936,-1.9203696
-0.43273867170488395,posterior,148,-0.8901315,-0.85191107,-0.9333224
-2.691777211413471,posterior,149,-1.3230791,-1.067152,-0.96875906
-0.4517043093995875,posterior,150,-1.1466913,-1.1369009,-1.2423687
-0.04316386674584742,posterior,151,-0.59496737,-0.32803726,-0.6079564
-0.49812653293201437,posterior,152,-2.2829304,-1.9945784,-2.0466347
0.02859792700081599,posterior,153,-0.54933596,-0.6471243,-0.45641184
-0.4145496939179714,posterior,154,-0.6429362,-0.61446285,-0.68897676
-0.760300545324757,posterior,155,-0.9045768,-0.54536676,-0.6734624
-3.1765967272078095,posterior,156,-2.1478243,-2.4737577,-2.539309
-0.5999021440717083,posterior,157,-0.99554443,-1.0494146,-0.86557245
-2.160588564282272,posterior,158,-3.0536876,-2.2676635,-2.371274
-0.8476753485813255,posterior,159,-1.1931844,-1.2413864,-1.251267
-0.44558211901374056,posterior,160,-1.9061985,-1.8152094,-1.9612327
-4.092438002178185,posterior,161,-2.2194324,-2.2325559,-2.3430023
-0.3199167014613197,posterior,162,-1.1845684,-0.90930986,-1.1280551
-1.5369707384641047,posterior,163,-1.4113507,-1.4748487,-1.2796793
-0.4263778630908363,posterior,164,-1.3762574,-1.3356829,-1.2575932
-0.15165797178257925,posterior,165,-0.70460844,-0.44263315,-0.5676842
-0.6140904034880155,posterior,166,-0.76419926,-0.6872635,-0.6148658
-0.8326715548856034,posterior,167,-0.9125428,-0.6621189,-0.6764579
-2.9360222753645733,posterior,168,-3.8589025,-3.7869925,-3.5562878
-0.22652724048264333,posterior,169,-1.9821119,-1.6899529,-1.7106547
-2.140669080007303,posterior,170,-3.7380877,-3.0153327,-3.1665616
-0.15179602985747184,posterior,171,-0.62662363,-0.7266159,-0.75769615
-0.6133953272163262,posterior,172,-1.8199539,-1.6595612,-1.6812277
-0.34151950289151745,posterior,173,-0.8413582,-0.91652346,-0.8944206
0.04301401124034214,posterior,174,-0.7426071,-0.5612321,-0.55399704
-1.8248033869754345,posterior,175,-1.2715507,-1.4337564,-1.4587622
-0.16709354874831742,posterior,176,-0.5734577,-0.7032032,-0.62048435
-2.804322021410834,posterior,177,-1.8035765,-1.7309408,-1.6273394
-1.6427051809761006,posterior,178,-1.3965654,-1.4786124,-1.52072
-2.464706059900662,posterior,179,-0.9987507,-1.0392442,-0.9976082
-0.09403235727991002,posterior,180,-0.88978195,-0.69390345,-0.8955717
0.007851332158701076,posterior,181,-0.4450965,-0.73029566,-0.54158735
-1.4580476729748146,posterior,182,-1.6108284,-1.6577101,-1.7274218
-0.5839230357245448,posterior,183,-1.548768,-1.4512839,-1.3722744
-0.3312143571942927,posterior,184,-0.8146887,-1.0076113,-0.9575472
-0.03688789924199283,posterior,185,-0.40074492,-0.59973717,-0.63161945
-2.4470139382328897,posterior,186,-1.3860579,-1.6007857,-1.6164947
-2.4685458198775683,posterior,187,-1.2799611,-1.5133638,-1.4590621
-2.2861485269117026,posterior,188,-1.2665858,-1.5781097,-1.4281998
-0.2649983006336292,posterior,189,-1.3642063,-1.2423978,-1.2814512
-0.2686597490158212,posterior,190,-1.0259509,-0.9845414,-1.0726109
-0.3839682564566785,posterior,191,-0.88892126,-0.98184156,-0.9734535
-0.4722341459864451,posterior,192,-1.0805569,-0.6063671,-0.79841375
-0.24196821474925911,posterior,193,-1.1906428,-1.3831196,-1.323349
-0.24835506396661006,posterior,194,-1.0561252,-0.65646553,-0.70523167
-0.4957567255263431,posterior,195,-1.6364374,-1.6801639,-1.7274022
-0.6658367720413277,posterior,196,-0.7871556,-0.7939882,-0.8798709
-0.3267700978474582,posterior,197,-0.78306675,-0.7377906,-0.7855339
-2.950743359401309,posterior,198,-3.9266639,-3.6531048,-3.6238065
-1.7047702339055222,posterior,199,-1.6346011,-1.6767168,-1.7226524
-0.446576058397368,posterior,200,-1.5561185,-1.4206829,-1.4989171
-2.0095199238859003,posterior,201,-1.2381945,-1.3070116,-1.3358021
-4.169706976206113,posterior,202,-5.140724,-5.370795,-5.412869
-1.880920252328134,posterior,203,-1.285027,-1.439395,-1.449511
-1.0972032583334863,posterior,204,-2.258936,-2.0106835,-2.2135096
-0.47026158296686627,posterior,205,-0.93391275,-0.88191175,-0.6234603
-0.23052879452393227,posterior,206,-0.7931199,-0.64792156,-0.74335957
-0.05223712162059428,posterior,207,-0.52524805,-0.043658733,-0.44647646
-1.45797295585035,posterior,208,-2.4904504,-2.5639863,-2.5247188
-2.42200972399064,posterior,209,-1.2590685,-1.3504114,-1.2938485
-0.7599575648173211,posterior,210,-0.67123175,-0.552865,-0.7382474
-2.4652932791879625,posterior,211,-2.1795,-2.151856,-2.225583
-0.5109800850786749,posterior,212,-0.7727041,-0.856462,-0.8399639
-0.6305871320967159,posterior,213,-1.3373985,-1.2562871,-1.2895675
0.029570222542474402,posterior,214,-0.7246218,-0.59883785,-0.5888643
-1.07598038136708,posterior,215,-0.994905,-0.89825344,-1.0129805
-5.3618774329952865,posterior,216,-1.7865205,-2.0882473,-2.1053057
-0.9150742737259132,posterior,217,-2.160612,-1.9415984,-1.9942255
-0.8984888477523222,posterior,218,-1.6902366,-1.5993743,-1.6826954
-0.6561776972755755,posterior,219,-0.96259785,-0.9732852,-0.97488356
-1.4735462912433313,posterior,220,-2.0150056,-1.8773031,-1.9785028
0.048911056039417374,posterior,221,-0.8521843,-0.8895283,-0.881587
-0.5744335818169279,posterior,222,-0.6932001,-0.70039225,-0.6114125
-0.5869558329880712,posterior,223,-0.97611237,-1.0641317,-1.0459743
-0.2264473217815126,posterior,224,-0.92275333,-1.0254879,-0.9887533
-0.10519444994626287,posterior,225,-1.3325205,-1.328126,-1.4836297
-0.9683301182571225,posterior,226,-1.0757294,-1.1485658,-1.1746087
-0.5786061600808206,posterior,227,-0.6010957,-0.5801935,-0.57743406
-0.5859374211127009,posterior,228,-0.90238047,-0.79693174,-0.846848
-0.10522968843652483,posterior,229,-0.49372244,-0.5041046,-0.6067877
-0.019945661775485055,posterior,230,-0.9177222,-0.66111994,-0.7824836
-0.015276648384362185,posterior,231,-0.7200775,-0.6423917,-0.7391877
0.014582385307100279,posterior,232,-0.79996014,-0.9806919,-0.89296913
-3.203281694945563,posterior,233,-2.2574034,-2.3428097,-2.3624954
-0.8961992822487245,posterior,234,-1.6124916,-1.6188202,-1.6294994
-2.235016031377488,posterior,235,-1.9338498,-2.0701828,-2.1057696
-0.33365086398183247,posterior,236,-0.5267749,-0.6042447,-0.68216753
-1.3540104640472368,posterior,237,-4.190674,-4.0011544,-4.0824113
-1.8495300999031061,posterior,238,-1.4488244,-1.5708041,-1.6066189
-0.10796707905957029,posterior,239,-0.4311738,-0.5384946,-0.65014696
-0.6797693671082382,posterior,240,-1.1975422,-0.9766512,-1.0517926
-0.20404147406373363,posterior,241,-0.97363853,-1.034482,-1.0825667
-4.151309723524739,posterior,242,-5.7535987,-4.910026,-4.851075
-0.6293078768334202,posterior,243,-0.7768965,-0.8792815,-0.8395777
0.00952406639637298,posterior,244,-0.61656475,-0.36425447,-0.66107035
-0.2735201760757986,posterior,245,-0.87350416,-1.1058707,-0.96368265
-0.16448740006824025,posterior,246,-0.5590291,-0.37198782,-0.6216483
-0.5312171758636482,posterior,247,-1.8460312,-1.7597194,-1.7047262
-0.14786614640507298,posterior,248,-0.514956,-0.26082134,-0.5437641
0.04717808888055147,posterior,249,-1.1882105,-0.87250566,-1.0604649
-0.11941921607799291,posterior,250,-0.5993676,-0.7041974,-0.6928091
-0.5483069399174599,posterior,251,-0.91024876,-0.96377707,-0.8505392
-0.7157981298364667,posterior,252,-1.363358,-1.3092499,-1.3809347
-2.217829976528108,posterior,253,-2.969314,-3.2581787,-3.1095858
-1.2867411689233192,posterior,254,-1.0918975,-1.1292381,-0.95307446
-0.14698291666713756,posterior,255,-0.3745165,-0.6393304,-0.5562968
-0.7920754129153162,posterior,256,-1.7211661,-1.811233,-1.7671084
-0.8596050569101095,posterior,257,-3.3821597,-2.5790539,-2.7171154
-0.17294475437038279,posterior,258,-1.1128845,-0.99546194,-1.0725503
-1.1206069668287084,posterior,259,-1.2723804,-1.2568407,-1.232141
-0.6247445522149948,posterior,260,-0.5823183,-0.64347553,-0.6858063
-0.7385495871027189,posterior,261,-1.2300401,-1.2478108,-1.3020749
-1.6698847294298904,posterior,262,-3.6737256,-2.8624558,-3.0539336
-0.5410926716016773,posterior,263,-0.83403635,-0.53394604,-0.55098057
-0.7488585790195439,posterior,264,-1.0813165,-0.91358423,-1.021193
-0.5326236042913006,posterior,265,-3.8942952,-3.645679,-3.851377
-2.0651744466407997,posterior,266,-1.7094793,-1.9365458,-1.7198472
-0.3367880006019063,posterior,267,-0.7996416,-0.97396994,-0.88671255
-0.9783810449404893,posterior,268,-1.1809826,-0.81171465,-0.8804178
-3.18189167424849,posterior,269,-3.0789428,-2.9702463,-3.014326
-1.5071910668267157,posterior,270,-1.2993078,-1.5016618,-1.2491393
-0.12885508200101695,posterior,271,-0.6463046,-0.8523874,-0.62440777
-2.186839804660594,posterior,272,-1.194428,-1.0576706,-0.90559196
-0.1746658705207981,posterior,273,-0.63700294,-0.949173,-0.7626128
-0.3131233305046593,posterior,274,-0.70003796,-0.8202319,-0.69446754
-0.3160323484475098,posterior,275,-0.8914895,-0.62373924,-0.7834892
-1.0102303101302623,posterior,276,-0.8847928,-0.9941554,-0.91420317
-0.3033159436428377,posterior,277,-0.6017709,-0.64423275,-0.72498035
-2.3833309961064213,posterior,278,-3.4479885,-3.1024046,-3.3427649
-0.38726085447906267,posterior,279,-3.7863832,-3.2913866,-3.2640042
-0.6114875206151414,posterior,280,-0.96808004,-1.049273,-1.0774393
-1.2665147298725732,posterior,281,-1.1776485,-1.279891,-1.3368564
-2.3622298147504237,posterior,282,-1.7884331,-1.8471723,-1.8257065
-1.2414527127206845,posterior,283,-0.8900194,-1.0411649,-0.94629145
-0.3030512165357891,posterior,284,-0.8900304,-0.8995671,-0.9330845
-1.7649917947757734,posterior,285,-2.0655742,-1.9828033,-1.9459219
-0.1340069072392362,posterior,286,-1.169508,-1.2570467,-1.1143932
-0.5207443789048353,posterior,287,-1.2947307,-1.3075156,-1.391943
0.0037475656402510757,posterior,288,-0.25342655,-0.015201092,-0.46667528
-1.3027584081631907,posterior,289,-1.3348794,-1.2641306,-1.1215916
-2.156775479189637,posterior,290,-3.2017584,-3.0649524,-3.159027
-0.45418998116707887,posterior,291,-1.1720734,-0.88694,-0.94859123
-0.9402131474707592,posterior,292,-1.2186284,-1.0595675,-1.1874127
-0.1594533583880005,posterior,293,-0.8797202,-0.78801584,-0.8996377
0.040796184689380205,posterior,294,-1.2355623,-1.2826715,-1.2529793
-0.3274447204530773,posterior,295,-0.6306219,-0.45429468,-0.5600686
-0.08489451706177581,posterior,296,-0.43532848,-0.5112562,-0.5784464
-0.18710106700826312,posterior,297,-0.8750057,-1.1015701,-0.88881207
-0.5306449222230815,posterior,298,-0.59243584,-0.5455904,-0.5103736
-0.2981362873410777,posterior,299,-1.0605226,-1.0273051,-0.9856334
-0.27512450964525254,posterior,300,-0.43270206,-0.28383017,-0.50371885
-1.6870742106669374,posterior,301,-1.6823139,-1.8841434,-1.8926458
-0.21185584741747832,posterior,302,-0.79991436,-0.57040405,-0.8272433
-1.6632944564239835,posterior,303,-1.5427752,-1.8240533,-1.758851
0.0378624309149591,posterior,304,-0.52055645,-0.56228447,-0.6308656
-0.5038842050442145,posterior,305,-0.5103059,-0.5235152,-0.5241194
-1.4812429327347938,posterior,306,-1.781476,-1.6893845,-1.8001757
-0.2893257162286671,posterior,307,-1.2705874,-1.1900492,-1.2432647
-0.05329626466018708,posterior,308,-0.6954088,-0.793695,-0.7180476
-0.6897346618905703,posterior,309,-2.7081156,-2.3478303,-2.3524065
-0.1508881454052436,posterior,310,-0.35303116,-0.32010508,-0.49821043
-0.29434193958387805,posterior,311,-1.5131154,-1.6517158,-1.6402411
-1.0715036275673424,posterior,312,-1.1896172,-1.3183565,-1.2504554
-0.009871904829948472,posterior,313,-0.7829375,-0.70281506,-0.62866926
-0.28209807702693285,posterior,314,-0.6040802,-0.36059952,-0.54188585
-1.4611071088622496,posterior,315,-1.6034331,-1.6348834,-1.6559057
-0.0652794222041701,posterior,316,-1.2432432,-1.1888986,-1.1355834
-3.3654601961711386,posterior,317,-3.692975,-3.5251193,-3.7898593
-0.4442117216946155,posterior,318,-1.2816901,-1.1761875,-1.025094
-0.4852522042296129,posterior,319,-0.9647231,-0.9807048,-0.9238162
-0.1626610716101265,posterior,320,-1.4188519,-1.3223577,-1.3345375
-0.7192563762334214,posterior,321,-0.63644934,-0.66699505,-0.6910157
-0.009258879207900111,posterior,322,-0.8228488,-0.7454052,-0.72090054
-6.341844623079238,posterior,323,-2.3980203,-2.4791641,-2.40098
-0.21008109019053617,posterior,324,-0.82394457,-0.73925066,-0.81631994
-1.593459267606261,posterior,325,-2.1687312,-2.0698986,-2.1427712
-0.23770266187610134,posterior,326,-1.1129341,-1.094069,-1.309515
-0.681355364332195,posterior,327,-2.262053,-1.689898,-1.9057207
-1.1395307209018104,posterior,328,-1.9774876,-1.8001113,-1.9879427
-4.124820499963222,posterior,329,-2.9277587,-3.0122986,-3.169191
-0.12732042935261195,posterior,330,-0.7748661,-0.7686715,-0.7717943
-2.6830558658174537,posterior,331,-4.8936963,-4.5551,-4.559351
-0.23821847881430214,posterior,332,-0.9026151,-0.64351606,-0.7920289
-0.21726605393116394,posterior,333,-0.92090654,-0.87079144,-0.812891
-0.6781537077063851,posterior,334,-0.9691229,-0.9848194,-1.1283159
-0.0996573182076336,posterior,335,-0.5969777,-0.52262974,-0.48653555
-0.030849535542092535,posterior,336,-0.7309356,-0.7492199,-0.67050314
-0.6952080743863251,posterior,337,-1.2062526,-1.1222873,-1.23983
-2.7053292070437545,posterior,338,-3.9119434,-3.2166219,-3.3957171
-0.09281368297952208,posterior,339,-0.87962914,-0.668489,-0.8356328
0.005509446856114604,posterior,340,-1.5596418,-1.509789,-1.4568963
-0.05144213934830261,posterior,341,-0.46195364,-0.55034447,-0.57130194
-0.05780219531024623,posterior,342,-0.8858862,-0.54233646,-0.6512785
-0.03348554017907053,posterior,343,-1.0366144,-0.84586143,-0.98465824
-1.0091785660164383,posterior,344,-1.7400107,-1.497325,-1.579144
-0.7428945232587743,posterior,345,-0.998724,-0.82651377,-0.88055325
-2.3433720148752686,posterior,346,-3.6359606,-3.1264591,-3.1113448
-0.4185714221840398,posterior,347,-1.4041657,-1.165,-1.1921496
-1.516724322721189,posterior,348,-1.0243626,-1.2115531,-1.2765908
-0.38422381490062263,posterior,349,-0.82789946,-0.6150608,-0.7616253
-0.559265882209951,posterior,350,-0.64866734,-0.74607086,-0.7941742
0.03862256230687538,posterior,351,-0.2867241,-0.58560467,-0.49628592
-1.2910486380134956,posterior,352,-0.9515047,-0.9491081,-0.9485793
-0.4510496784877073,posterior,353,-1.1503158,-0.6147084,-0.7923088
-0.7190758644326352,posterior,354,-1.0168815,-1.230854,-1.2372746
-0.5960862096949262,posterior,355,-1.6778955,-1.376719,-1.4848676
-1.0859100069993344,posterior,356,-1.1464086,-1.1455069,-1.0576844
-0.5288833237949027,posterior,357,-1.3396478,-1.1311665,-1.2414317
-0.11513728847366314,posterior,358,-0.72730637,-0.8903079,-0.8802252
-1.059381643156685,posterior,359,-2.1820874,-2.1568222,-2.2100992
-3.7902070002222032,posterior,360,-4.0217657,-3.4725208,-3.6216354
-0.8478866670085133,posterior,361,-3.3836493,-2.5719094,-2.732009
-0.31718888732858314,posterior,362,-1.2951288,-1.1599474,-1.0948048
-1.6807797759450462,posterior,363,-1.3085766,-1.3582606,-1.3570366
-0.8750488489883195,posterior,364,-1.51614,-1.4140239,-1.5128369
-1.2267382085032101,posterior,365,-1.4124193,-1.5287633,-1.4894519
-0.21696349887117405,posterior,366,-0.6664505,-0.52024746,-0.6939273
-0.43413993491558667,posterior,367,-0.92556953,-1.0163794,-0.9560566
-0.30426726159031814,posterior,368,-1.3605218,-1.2154574,-1.2734127
-0.01579916881924548,posterior,369,-0.33070087,-0.43029737,-0.5773816
-1.670765680159913,posterior,370,-2.090005,-1.9882116,-2.037027
-0.3708386251143159,posterior,371,-0.47541952,-0.39712763,-0.62160397
-0.7039072417893717,posterior,372,-1.0618467,-0.9872241,-0.99392605
-1.057019265692267,posterior,373,-0.8261328,-0.8517952,-0.840055
-0.38817863845881173,posterior,374,-0.8408656,-1.0010138,-0.8876052
-0.7276376903413899,posterior,375,-0.82367325,-0.9928231,-0.9669523
-1.6725802631525906,posterior,376,-1.8847466,-2.0403752,-2.1132054
-2.154750083502983,posterior,377,-0.9899621,-1.2078004,-1.1923432
-0.7197203690284616,posterior,378,-1.0767646,-1.2294369,-1.2755814
-0.01690305520795965,posterior,379,-1.421556,-1.0309105,-1.3035302
-0.3607205747296295,posterior,380,-0.55270576,-0.7160845,-0.66887856
-0.2980098678565342,posterior,381,-0.8566632,-0.4813056,-0.6364541
-1.8319934091479348,posterior,382,-1.9032531,-2.0434484,-2.0362048
-0.5086401892589094,posterior,383,-0.83533144,-1.05581,-0.9495735
-0.17491117353601926,posterior,384,-0.6480799,-0.67246675,-0.733984
-3.3370471758067533,posterior,385,-1.881906,-2.1463456,-2.1906624
-1.6337352246082568,posterior,386,-0.852962,-0.88524675,-0.9018011
-0.23398531772041908,posterior,387,-0.27538586,-0.56661844,-0.67569447
-0.6535237223273057,posterior,388,-0.9037075,-0.94565105,-0.9099879
-0.659482736453567,posterior,389,-1.1576152,-1.1406593,-1.281199
-0.4930705372530265,posterior,390,-1.1689053,-1.1963944,-1.2400069
-0.48647712310876146,posterior,391,-1.7608147,-1.4890718,-1.6068964
0.039844407604503494,posterior,392,-0.8102031,-0.44820833,-0.69757986
-0.11294917002268837,posterior,393,-0.39242363,-0.5654912,-0.57000065
-0.4287992322625159,posterior,394,-0.959229,-0.8462696,-0.6906471
-4.099640834172175,posterior,395,-4.5598283,-4.3866024,-4.3796854
-1.11786195708303,posterior,396,-1.9049444,-1.7515583,-1.840291
-0.5696951007902855,posterior,397,-0.61272,-0.67785645,-0.6214185
-0.6151896229441522,posterior,398,-1.3028836,-1.1342487,-1.1369982
-5.023768737368973,posterior,399,-1.4431996,-1.5844703,-1.6433821
-0.20212829661221127,posterior,400,-1.3432889,-1.2354608,-1.1633987
-0.8114434899498241,posterior,401,-1.1214757,-0.7106657,-0.8820367
-0.18147672901658754,posterior,402,-0.710083,-0.8331418,-0.79279757
-0.15245921663309753,posterior,403,-0.6416788,-0.73126173,-0.73046684
-0.028183802145283113,posterior,404,-0.5909643,-0.77138233,-0.7181897
-0.005436985046579003,posterior,405,-0.3546753,-0.3635211,-0.55873346
-0.7936781227242924,posterior,406,-1.3755107,-1.3313608,-1.4719911
-2.6383202282624945,posterior,407,-2.3464198,-2.5385218,-2.3494048
-0.007280089651488415,posterior,408,-0.35973692,-0.4655137,-0.5924449
-3.524366126014402,posterior,409,-5.0416565,-4.508537,-4.215097
-1.0148468451789767,posterior,410,-2.4501534,-2.1673937,-2.3319354
-1.2875749298913342,posterior,411,-1.3528051,-1.3565154,-1.4919243
-0.2715848873204347,posterior,412,-1.1677456,-0.9943161,-1.1074066
-0.8619835595394646,posterior,413,-0.96921825,-1.0793266,-1.1052957
-0.32669901926556333,posterior,414,-0.8275132,-0.8283706,-0.8497267
-0.3324299686451948,posterior,415,-0.7853012,-0.8348222,-0.8714304
0.013895877638732033,posterior,416,-0.44057226,-0.6675167,-0.56759834
-3.6994783559426,posterior,417,-1.8325787,-1.8193846,-1.8013701
-0.3531683608486801,posterior,418,-1.1245065,-1.051691,-1.1256871
-0.6760049652299605,posterior,419,-1.0680804,-1.179637,-1.0881691
-2.8035837444540013,posterior,420,-2.021748,-2.23248,-2.298788
-0.1954642424805678,posterior,421,-0.5216961,-0.59148645,-0.51436615
-0.7270868528281228,posterior,422,-0.9303255,-1.0636015,-0.86529875
-0.5912706569873944,posterior,423,-0.8450408,-0.8728614,-0.8172283
-1.2131104146005192,posterior,424,-0.8610954,-1.0618038,-1.0775094
-0.1037181177252526,posterior,425,-1.7697425,-1.7377706,-1.6992302
-1.7410527035699024,posterior,426,-2.860993,-2.5234141,-2.5667548
-1.5832593822794474,posterior,427,-1.1761346,-1.2138286,-1.2254186
-0.6566886837121858,posterior,428,-0.7413454,-1.0736318,-0.90095425
-0.7027677543476429,posterior,429,-1.0439506,-1.083509,-1.2530284
-0.5381851710178716,posterior,430,-0.8047466,-0.7373948,-0.7627349
-2.895950872195182,posterior,431,-2.6379704,-2.9230156,-2.9402328
-0.05292791960185242,posterior,432,-0.967443,-0.6049323,-0.7853923
-0.39971732784649744,posterior,433,-0.63961315,-0.48587942,-0.5717101
-0.34340244743401893,posterior,434,-0.86086655,-0.7933049,-0.8565459
-0.6567464194880371,posterior,435,-1.6173992,-1.3825259,-1.5447474
-0.004381544064724595,posterior,436,-0.8847785,-0.8414078,-0.89541817
-0.2703876644493359,posterior,437,-0.8369913,-0.79424524,-0.69490147
0.00396570012836471,posterior,438,-0.49981213,-0.17010593,-0.583086
-4.464050764677306,posterior,439,-3.4672937,-3.2110982,-3.3883328
-0.7591642875421989,posterior,440,-0.95579576,-0.9862981,-0.8206873
-2.5017814158583667,posterior,441,-2.3108935,-2.0282426,-2.1562757
-0.06191198830364275,posterior,442,-0.58240366,-0.3341322,-0.6370573
-3.6488952372997527,posterior,443,-3.6354651,-3.445901,-3.580656
-0.0578625566826739,posterior,444,-1.012125,-0.99188185,-1.054781
-0.0020655952517375925,posterior,445,-1.117672,-1.0799041,-1.0583658
-0.1804406964949085,posterior,446,-0.53498125,-0.79263353,-0.6574898
-0.10543205720529591,posterior,447,-0.4821205,-0.56260633,-0.59247255
-0.9128504036088853,posterior,448,-1.0784235,-0.66876554,-0.8096976
-2.0738619133930056,posterior,449,-4.5552735,-4.506312,-4.5940824
-1.4299327285541426,posterior,450,-2.555417,-2.263876,-2.3645563
-0.7177062346712699,posterior,451,-0.9802995,-1.0574594,-0.92650175
-0.4870671562410571,posterior,452,-2.1697493,-2.1493988,-2.2781625
-0.026877097466051436,posterior,453,-0.5691061,-0.5326443,-0.70879316
-0.7019413386911062,posterior,454,-0.67211056,-0.9194417,-0.7434602
-0.4444115307688401,posterior,455,-1.5620542,-1.2989969,-1.2344251
-0.025680698556444642,posterior,456,-0.50539637,-0.56907177,-0.68428516
-0.5454828260723461,posterior,457,-1.6158295,-1.1874313,-1.3250809
-0.6604441835950354,posterior,458,-1.150054,-1.0017471,-1.0497222
-2.0391974441800436,posterior,459,-1.3994517,-1.4775105,-1.4115758
-1.2835536803608052,posterior,460,-1.1080956,-1.0746393,-1.0942917
-0.5930593820382947,posterior,461,-0.76973677,-0.77953005,-0.8258858
-0.6830437595343273,posterior,462,-0.86803055,-0.7319274,-0.832767
-0.4088891323880418,posterior,463,-1.2672997,-1.2803411,-1.2884545
-0.443484809355058,posterior,464,-0.74276733,-0.724246,-0.84734726
-0.24748464891613153,posterior,465,-0.9021363,-0.5223422,-0.76090527
-0.09560285256431733,posterior,466,-0.7923846,-0.86288977,-0.8539071
-0.10431794255296054,posterior,467,-0.6992135,-0.7505903,-0.72053623
-0.2428224654655205,posterior,468,-0.5550165,-0.7125063,-0.6234884
-1.532986161117364,posterior,469,-3.1312022,-2.8476682,-2.8979425
-0.46447677656469044,posterior,470,-1.3334026,-1.1602693,-1.24017
0.02000581772358285,posterior,471,-0.24209213,-0.035622597,-0.49079895
-0.01198176926848496,posterior,472,-1.3828192,-1.2576752,-1.2250686
-1.568603825356253,posterior,473,-1.5405579,-1.6942444,-1.6620321
-0.27196861216348334,posterior,474,-0.8430047,-0.693717,-0.8218522
-0.035815958749859045,posterior,475,-2.0988946,-1.5757794,-1.6754622
-0.18074850419939262,posterior,476,-0.7670307,-0.93370247,-0.75911856
-0.7324762702862241,posterior,477,-1.528925,-1.3721089,-1.4607053
-0.5241608668220525,posterior,478,-1.5897398,-1.71316,-1.8581214
-0.2279212330156571,posterior,479,-1.3049932,-1.1811328,-1.2288504
-3.138326421640989,posterior,480,-3.1305318,-2.9097953,-3.1199627
0.028880613539097988,posterior,481,-0.7503629,-0.6541505,-0.6517954
-1.284983667892552,posterior,482,-2.9832606,-2.9627533,-3.142218
-3.286220893617471,posterior,483,-1.4013405,-1.5756936,-1.4251223
-0.5802606989984281,posterior,484,-2.3436003,-2.085609,-2.06498
-1.2114447356616747,posterior,485,-2.1903973,-2.3862662,-2.2506943
-1.5409196093067568,posterior,486,-1.2938628,-1.2630572,-1.3766427
-2.9490503007026447,posterior,487,-2.9382758,-2.6703672,-2.7893214
-0.9095858039184607,posterior,488,-1.7000222,-1.7600918,-1.8767772
-0.21029782289521037,posterior,489,-0.76706886,-0.58054304,-0.59932566
-0.46668312743477125,posterior,490,-0.979053,-1.1541338,-1.1176538
-0.1743840583707066,posterior,491,-1.0053511,-1.1528039,-0.9576082
-0.9126210651203612,posterior,492,-1.1632199,-1.1311965,-0.99000835
-1.4768314592676164,posterior,493,-0.8258686,-1.0498338,-0.90969944
-4.104148305754795,posterior,494,-2.5572214,-2.8385592,-2.682726
-0.359869679963548,posterior,495,-0.8253975,-0.60865355,-0.7399316
-1.3998107115807832,posterior,496,-1.9172173,-1.8758459,-2.0117297
-1.3585905422558624,posterior,497,-1.4259033,-1.6167612,-1.5915785
-0.21855241236527462,posterior,498,-0.6706815,-0.48405218,-0.6565132
-2.6992278693469203,posterior,499,-4.652641,-4.1805463,-4.2854896
-1.216113611758866,posterior,500,-1.902648,-1.8383112,-1.7524691
-0.4783128971849012,posterior,501,-0.67427397,-0.3559656,-0.5248327
-0.2595018903819811,posterior,502,-0.71090555,-1.0303001,-0.60651493
-1.360786590352701,posterior,503,-1.363225,-1.3901477,-1.4706054
-1.250630702432194,posterior,504,-1.1479807,-1.376442,-1.3498769
-1.4831363624203322,posterior,505,-0.8255286,-0.82471275,-0.8349409
-1.893740588453069,posterior,506,-1.574542,-1.8340931,-1.8088441
0.0019042466932338506,posterior,507,-0.58121777,-0.73081017,-0.69772816
0.033226305509757845,posterior,508,-0.30805206,-0.6992111,-0.49633455
-1.7037966900943822,posterior,509,-2.9008412,-2.760655,-2.9345493
-0.7145493990813647,posterior,510,-1.846076,-1.796875,-1.7453451
-1.0204297103548132,posterior,511,-1.364347,-1.2731733,-1.4311032
-1.3513997388497816,likelihood,0,-0.80059433,-0.98680687,-0.96670866
-0.8282830124129398,likelihood,1,-2.8168974,-2.78715,-2.814238
-0.37563529025334186,likelihood,2,-1.876945,-1.9042392,-1.9647017
-0.9509746647062406,likelihood,3,-1.4205885,-1.2896199,-1.3420172
-2.2607961842923947,likelihood,4,-1.3021703,-1.1977353,-1.1382232
-1.5229585592571095,likelihood,5,-1.266624,-1.4187336,-1.2946038
-0.7331360518920838,likelihood,6,-0.8758931,-1.2104926,-1.1483641
-0.3113168968032063,likelihood,7,-1.6809192,-1.8013659,-1.774571
-0.26160664844341824,likelihood,8,-0.99795485,-0.8439007,-1.0077968
-2.4419951925764414,likelihood,9,-2.8911572,-2.4561992,-2.592832
-0.2974431630256299,likelihood,10,-0.90335464,-0.8219857,-0.8959794
-1.0215611499638824,likelihood,11,-2.2167702,-1.9366083,-2.1161456
-2.588473390971073,likelihood,12,-2.8477159,-2.7381115,-2.7893076
-0.6910363868309839,likelihood,13,-1.0998278,-1.2467289,-1.12011
-2.5752562472219216,likelihood,14,-2.0423145,-1.8875208,-1.9159813
-1.31555108385712,likelihood,15,-1.8329082,-1.8643074,-1.8216681
-5.540705435224145,likelihood,16,-3.6246362,-3.494184,-3.5494375
-0.3473932531022971,likelihood,17,-1.4754348,-1.4362941,-1.2749319
-1.4977815841056252,likelihood,18,-2.2629404,-2.345564,-2.2559662
-1.0964045616018125,likelihood,19,-2.8650937,-3.0148354,-2.9608421
-0.6770534162825317,likelihood,20,-0.9726877,-1.1593313,-1.2283344
-4.695128748141815,likelihood,21,-1.9226284,-2.1552124,-2.060306
-1.8237687233040416,likelihood,22,-1.2514639,-1.2319908,-1.208879
-0.3400415301934567,likelihood,23,-2.3946276,-1.5814147,-1.8302088
-2.210944410605335,likelihood,24,-1.2941337,-1.5436258,-1.384378
-0.3048204877345947,likelihood,25,-2.3813562,-2.07309,-2.1107903
-0.8765501965211662,likelihood,26,-1.4196749,-1.3582401,-1.4788814
-0.9107962859298881,likelihood,27,-1.7110276,-1.6528277,-1.7274284
-1.0671645220745245,likelihood,28,-1.2620511,-1.0922427,-1.1753936
-1.0998004145236178,likelihood,29,-2.049953,-1.8260474,-1.852756
-2.5167463220684327,likelihood,30,-2.2685285,-2.3408484,-2.3802824
-1.2152759495874799,likelihood,31,-2.5958333,-1.9621596,-2.1193104
-1.8238070733721135,likelihood,32,-3.6987963,-2.9483938,-3.141203
-0.40493195865253384,likelihood,33,-1.2089005,-1.0713787,-1.0126
-0.8776567169978368,likelihood,34,-1.6860929,-1.4863586,-1.6872263
-2.4846643047197983,likelihood,35,-2.7401514,-2.5171585,-2.4500546
-0.3330501012014966,likelihood,36,-1.0664287,-1.0823908,-1.1468759
-1.5828057130806379,likelihood,37,-3.494021,-3.175716,-3.1357217
-0.7431464434970786,likelihood,38,-2.0655875,-1.4500699,-1.7845111
-2.320736161389159,likelihood,39,-3.3307433,-2.9458313,-3.1024475
-1.0300412673600565,likelihood,40,-2.0348668,-1.6751385,-1.7766967
-1.619391891602002,likelihood,41,-4.588736,-4.146037,-4.2893405
-1.0090460806018517,likelihood,42,-1.2392292,-1.151536,-1.2185693
-1.0550311951615425,likelihood,43,-2.2866473,-1.9745522,-2.020338
-1.452800393426526,likelihood,44,-2.9241366,-2.5453491,-2.6401348
-3.0151243094563043,likelihood,45,-2.844675,-2.5352206,-2.6604815
-0.5957362692757013,likelihood,46,-1.3052192,-1.1592011,-1.2759409
-1.6436415358066703,likelihood,47,-3.1629062,-2.9310226,-3.1793666
-0.47100361922341605,likelihood,48,-1.7373948,-1.0606279,-1.4488149
-1.6252703944525462,likelihood,49,-1.235363,-1.0023766,-1.1179733
-1.69465453349525,likelihood,50,-3.9900446,-3.5998054,-3.8419752
-1.2139175096052015,likelihood,51,-1.5450134,-1.522284,-1.531383
-0.29617666883651395,likelihood,52,-1.1586413,-1.0602741,-1.2289872
-0.26346172319454664,likelihood,53,-1.0367107,-0.89787626,-0.8880625
-2.2799729711826,likelihood,54,-2.6498508,-2.479464,-2.621942
-2.103948558411047,likelihood,55,-2.7042646,-2.693874,-2.7226996
-0.566285170988149,likelihood,56,-1.1595411,-0.820981,-0.9915409
-0.47404611819806497,likelihood,57,-1.0550947,-0.9988923,-0.9990735
-0.5823933736427367,likelihood,58,-1.1327782,-1.1276808,-1.1716876
-0.3198829238086406,likelihood,59,-1.2063909,-0.92880106,-1.0445695
-1.7795257389801555,likelihood,60,-3.1351647,-2.7041621,-2.8834481
-0.5245028360071016,likelihood,61,-1.1561065,-1.0320573,-1.114059
-1.0131210447331882,likelihood,62,-1.1296973,-0.92976665,-1.075654
-0.6776707370252337,likelihood,63,-1.61622,-1.4100437,-1.5422192
-3.0830476492828307,likelihood,64,-3.3219638,-3.317556,-3.4421945
-0.4279301631539398,likelihood,65,-0.97825813,-1.1228671,-0.9863272
-1.084555147317797,likelihood,66,-1.5567193,-1.473496,-1.4861288
-0.2841446136866916,likelihood,67,-1.0303159,-0.8895879,-0.9053178
-1.7312126443882787,likelihood,68,-1.5889039,-1.600338,-1.588079
-0.9609779895232641,likelihood,69,-1.5910649,-1.5376492,-1.7781944
-0.3920777423199677,likelihood,70,-1.1097703,-1.0236526,-1.0822887
-1.2939692138373164,likelihood,71,-2.878759,-2.207088,-2.411584
-0.7818570079067406,likelihood,72,-1.0020156,-0.8866091,-1.0175085
-3.1921188721212683,likelihood,73,-2.2140212,-2.5441217,-2.4790068
-0.798076436058145,likelihood,74,-2.1086106,-1.888401,-1.8668375
-1.3215851972440336,likelihood,75,-2.2919078,-2.3744698,-2.565473
-0.5521951595785292,likelihood,76,-1.357194,-1.1946893,-1.2271614
-1.15583444931343,likelihood,77,-3.3752594,-2.7076254,-2.8202891
-3.890653980527266,likelihood,78,-4.2999077,-4.484139,-4.583261
-0.7723070751243757,likelihood,79,-1.0289226,-0.9464998,-1.2447348
-0.6670952598447855,likelihood,80,-1.8930917,-1.7328658,-1.6010914
-1.8299330538021126,likelihood,81,-1.3238773,-1.3741994,-1.4675794
-1.6412100957658413,likelihood,82,-2.1060543,-1.9384184,-1.8199873
-1.9213029407194402,likelihood,83,-2.1461387,-2.3864536,-2.2903838
-0.57792141795584,likelihood,84,-1.8382092,-1.4178123,-1.5362453
-0.8821406660327451,likelihood,85,-1.1027727,-1.3313022,-1.3317719
-1.0447387103499826,likelihood,86,-1.5444093,-1.458188,-1.3908997
-0.35171127651970285,likelihood,87,-1.467432,-1.4384403,-1.2708426
-0.4735312611894007,likelihood,88,-2.114831,-2.1008725,-2.175189
-0.7514869295230893,likelihood,89,-1.2796035,-1.3167357,-1.2095194
-0.3072179224895582,likelihood,90,-1.3877125,-1.2494192,-1.304153
-1.6326865552359033,likelihood,91,-2.3579998,-2.0311556,-2.1204515
-0.8377130966773365,likelihood,92,-1.1500468,-1.20153,-1.2817354
-3.220873056558574,likelihood,93,-2.0839424,-2.1405177,-2.0832334
-0.5774557488893513,likelihood,94,-1.4086752,-1.2154989,-1.2637033
-0.2516481980339995,likelihood,95,-0.91600466,-0.69417524,-0.92977285
-0.9247917227926812,likelihood,96,-1.6114483,-1.6479259,-1.687285
-2.1065294583943297,likelihood,97,-3.1394324,-3.0395765,-3.0571012
-0.45992518635453056,likelihood,98,-3.0647821,-2.3983493,-2.479138
-3.2293675713036283,likelihood,99,-1.9461327,-2.2595973,-2.2964501
-1.350633425717995,likelihood,100,-1.5095706,-1.5507894,-1.3175101
-2.1544439412803715,likelihood,101,-1.2849102,-1.350874,-1.1305432
-0.5692998069852873,likelihood,102,-1.6827731,-1.5492964,-1.5069766
-1.7445793791807365,likelihood,103,-2.1382751,-2.1978598,-2.203773
-0.8547317250323521,likelihood,104,-1.0553966,-1.1952181,-1.0045786
-0.6404225134898969,likelihood,105,-0.74435663,-0.9543581,-1.071979
-3.848937055292442,likelihood,106,-2.0434337,-2.1559691,-2.0689883
-0.757964601889473,likelihood,107,-1.6747289,-1.6942506,-1.6401157
-0.862799014371125,likelihood,108,-1.2400413,-1.1306939,-1.2593617
-0.2826900308553613,likelihood,109,-2.054472,-1.9781623,-2.1009746
-0.2990892928146659,likelihood,110,-0.97063875,-0.91399336,-1.1881771
-0.7078661586405592,likelihood,111,-2.3106751,-2.1763802,-2.2428432
-1.853296390038132,likelihood,112,-1.808331,-1.9844394,-2.031125
-0.44261675326669436,likelihood,113,-2.402398,-2.4461675,-2.5985823
-1.198238341556978,likelihood,114,-1.527245,-1.3472829,-1.3551879
-0.6354737858215219,likelihood,115,-1.1717262,-1.1907506,-1.0871096
-0.5400643447159277,likelihood,116,-1.8076735,-1.7570515,-1.6383781
-0.2986438550832534,likelihood,117,-1.2639899,-1.3625393,-1.3627639
-0.7979443140549645,likelihood,118,-1.9312634,-1.4071269,-1.731689
-0.5446459724669337,likelihood,119,-1.1588864,-0.98355055,-1.0980821
-2.812171888043286,likelihood,120,-1.4360538,-1.6233664,-1.6477561
-0.5372947786211384,likelihood,121,-2.273065,-2.022242,-2.0505104
-0.7778276517242043,likelihood,122,-1.1114063,-1.1386795,-1.0293756
-1.0284655643000138,likelihood,123,-1.072011,-1.2679286,-1.289247
-0.24494892346528535,likelihood,124,-1.0484614,-0.6743574,-0.93297243
-0.4407387909072389,likelihood,125,-1.564323,-1.6149445,-1.6644859
-1.9918664557131815,likelihood,126,-1.7828445,-2.0483842,-1.9557009
-1.6690090938872504,likelihood,127,-2.0113502,-2.1393032,-2.0726237
-0.6572918757306511,likelihood,128,-1.0567904,-0.8225417,-0.9866042
-2.42186674543244,likelihood,129,-2.4282498,-2.4676685,-2.7031918
-1.867589778780826,likelihood,130,-2.1388707,-2.3015857,-2.2568655
-0.28487534740096154,likelihood,131,-1.0452332,-0.9354129,-0.9204135
-3.588750388753737,likelihood,132,-2.4715004,-2.5876613,-2.6733341
-1.2304187939849305,likelihood,133,-1.0299716,-1.1497073,-1.2493734
-0.6628827035053251,likelihood,134,-1.0804524,-1.0396438,-1.0892563
-1.8020925929581177,likelihood,135,-3.023172,-2.7387795,-2.9476042
-1.0180584998912858,likelihood,136,-3.3925648,-3.089642,-3.0670428
-1.2319258920739755,likelihood,137,-1.3868823,-1.5802336,-1.4047742
-1.494047766338412,likelihood,138,-1.1086521,-1.428719,-1.2914729
-0.5077458189121118,likelihood,139,-1.6532469,-1.5967236,-1.5962987
-1.2673844478194312,likelihood,140,-3.0707245,-2.3838744,-2.5864525
-3.78677422798856,likelihood,141,-2.41888,-2.4777918,-2.4373655
-1.1991559470070303,likelihood,142,-1.3841515,-1.498025,-1.4512372
-1.3330432691542673,likelihood,143,-1.5931582,-1.450325,-1.5423765
-0.3775107903141032,likelihood,144,-1.2997265,-1.1624103,-1.2081604
-0.9433149554029119,likelihood,145,-2.6046605,-2.1826768,-2.3795104
-0.24646820960245175,likelihood,146,-1.0083299,-0.7272992,-0.9202814
-0.9871875877336367,likelihood,147,-1.6953402,-1.8639221,-1.6935749
-0.5893018519844159,likelihood,148,-0.92852354,-1.0052633,-1.0082126
-5.051590836028117,likelihood,149,-5.43932,-4.972909,-5.189217
-0.4358902038134194,likelihood,150,-0.8910775,-0.8946042,-0.91929626
-0.36198393491645775,likelihood,151,-1.1381426,-0.9768896,-1.0992246
-0.3065948968529647,likelihood,152,-1.7066026,-1.6297579,-1.5006104
-0.3100409429132035,likelihood,153,-1.1819162,-1.121109,-1.0102224
-1.0621050087770514,likelihood,154,-1.7661815,-1.7271514,-1.7780685
-1.4956384299637888,likelihood,155,-1.9161048,-1.7862935,-1.8873324
-2.9130806987498783,likelihood,156,-1.6449862,-1.9227557,-1.7163143
-0.9831348816716383,likelihood,157,-1.2370567,-1.4509649,-1.3977618
-2.0147483564687243,likelihood,158,-2.3023758,-2.4114637,-2.3806143
-1.0341979988883752,likelihood,159,-1.2321167,-1.4290581,-1.3786964
-0.40825501560908634,likelihood,160,-2.2426457,-1.8416071,-1.7712545
-4.48213016573651,likelihood,161,-2.5469255,-2.7299304,-2.6947465
-0.5376296626144835,likelihood,162,-1.4552336,-1.3405161,-1.3865342
-2.928485503025911,likelihood,163,-4.1630645,-4.100558,-4.285534
-1.228478911943865,likelihood,164,-3.4413805,-2.6970139,-2.8279152
-0.6655086547067595,likelihood,165,-1.3196583,-1.206831,-1.452498
-1.454606487507276,likelihood,166,-2.309104,-2.0021167,-2.058022
-1.6419666769455175,likelihood,167,-2.114604,-1.9983745,-1.9949527
-2.8148478341872707,likelihood,168,-4.163611,-4.434726,-4.555605
-0.2578904514063383,likelihood,169,-1.968504,-1.8558893,-1.9480286
-1.1453343408530785,likelihood,170,-1.3466125,-1.3234873,-1.2446322
-1.2350672348763236,likelihood,171,-2.8045945,-2.6264348,-2.6353378
-0.4878210069948464,likelihood,172,-1.3694277,-1.3726511,-1.5425596
-1.1065205805807223,likelihood,173,-2.7519245,-2.4397287,-2.6398659
-0.2422710709276185,likelihood,174,-1.1332884,-0.94533587,-0.9416828
-2.224923810017083,likelihood,175,-1.8868637,-1.8824663,-1.8939376
-1.1227638912622906,likelihood,176,-2.6565938,-2.3178535,-2.4643455
-3.8567302065040137,likelihood,177,-3.5659075,-3.4484787,-3.6224422
-1.765194162081044,likelihood,178,-1.4907861,-1.5442739,-1.6371298
-3.8946770272281386,likelihood,179,-3.496966,-3.3570771,-3.5158372
-0.35151610406481837,likelihood,180,-1.2071548,-1.1244688,-1.2819095
-0.5738577548569739,likelihood,181,-1.6564631,-1.5439796,-1.6794705
-1.2018604111441842,likelihood,182,-1.0994148,-1.1916604,-1.1235061
-1.0109689514506797,likelihood,183,-2.3929324,-2.0651984,-2.1074991
-0.37115280168384845,likelihood,184,-0.9037509,-0.9865694,-0.87755775
-0.3352463531418265,likelihood,185,-0.9798808,-0.64886713,-1.0967002
-2.836239732689754,likelihood,186,-1.8872495,-2.0698843,-2.120565
-3.2687928703918923,likelihood,187,-2.6314592,-2.629314,-2.7453303
-3.0675214916005302,likelihood,188,-2.3665867,-2.3738337,-2.4718962
-0.7053456017766169,likelihood,189,-2.6046748,-2.0937333,-2.2231326
-0.40414993751884926,likelihood,190,-0.9992137,-1.0713549,-1.1247625
-0.49171722301947646,likelihood,191,-0.87726116,-1.1556606,-0.9952793
-0.8503836770755699,likelihood,192,-1.4526219,-1.3950634,-1.3134041
-0.5599583755023299,likelihood,193,-2.0655398,-1.9454722,-1.948144
-0.569430562508866,likelihood,194,-1.2243772,-1.260087,-1.1584144
-0.40911291202216865,likelihood,195,-1.4985962,-1.3726611,-1.3219986
-1.1603292371865597,likelihood,196,-1.482121,-1.6213698,-1.6432786
-0.5662452112192867,likelihood,197,-1.2375817,-1.0120139,-1.1168947
-2.3300678588946715,likelihood,198,-2.1432395,-1.9676013,-1.9467068
-1.5268607618691596,likelihood,199,-1.0302072,-1.179069,-1.264154
-0.3780799074152573,likelihood,200,-1.4518137,-1.52388,-1.5037436
-2.744433374152827,likelihood,201,-2.3480735,-2.364182,-2.430951
-2.679634871685513,likelihood,202,-1.9726477,-1.9487162,-1.7067833
-2.266466480976484,likelihood,203,-1.8893032,-1.9063754,-1.893971
-0.5816408905961938,likelihood,204,-1.1072974,-1.2538395,-1.2356958
-1.289029164337554,likelihood,205,-1.9866233,-2.0500832,-2.0556893
-0.5345287089166522,likelihood,206,-0.94247055,-1.0577288,-1.1917925
-0.5265531709579634,likelihood,207,-1.2916493,-1.0962372,-1.2752237
-1.6553335422134565,likelihood,208,-2.572628,-2.6022844,-2.6054106
-3.4381279939079974,likelihood,209,-3.1458135,-2.9961076,-3.1609344
-1.3714740806114347,likelihood,210,-1.8155389,-1.5734596,-1.6793704
-2.126713412259834,likelihood,211,-1.3623877,-1.6766338,-1.4776626
-0.8509709303125921,likelihood,212,-1.286891,-1.4214168,-1.3448691
-1.9239751132252634,likelihood,213,-3.6615233,-3.557104,-3.8239784
-0.26975195655459777,likelihood,214,-1.008801,-0.97924995,-1.0620046
-1.6606496369713282,likelihood,215,-1.8244243,-1.8958149,-1.8493896
-6.308844638453242,likelihood,216,-3.3176527,-3.4598756,-3.4032264
-0.903553021675009,likelihood,217,-2.0254807,-1.9186492,-2.0200758
-0.6992904672256317,likelihood,218,-1.1565619,-1.1513734,-1.0553899
-1.1182329739381232,likelihood,219,-1.6976061,-1.6470728,-1.7428703
-1.0525915491292124,likelihood,220,-1.0734625,-1.1345654,-1.0410409
-0.5308154610187164,likelihood,221,-2.2294655,-2.0025253,-2.0539393
-1.563940744673165,likelihood,222,-2.5170674,-2.2842345,-2.4251914
-1.0145522947875307,likelihood,223,-1.7433081,-1.6412668,-1.6591201
-0.3693786422232407,likelihood,224,-1.2414365,-1.1053872,-1.2530904
-0.3317118574401564,likelihood,225,-2.3043485,-1.8422546,-1.8527231
-1.2577950199006704,likelihood,226,-1.5090294,-1.4837189,-1.5154204
-1.6099937635202073,likelihood,227,-2.7023907,-2.3005133,-2.452568
-0.9549835486562076,likelihood,228,-1.3666677,-1.3516407,-1.3830471
-0.9297306318991677,likelihood,229,-2.192954,-2.0331702,-2.0236216
-0.24145624508027488,likelihood,230,-1.2726173,-1.0609598,-1.1194253
-0.23359288059294397,likelihood,231,-1.0831714,-0.7577934,-1.0126982
-0.3104369755335781,likelihood,232,-1.5545716,-1.3073044,-1.5305929
-3.287625723861579,likelihood,233,-1.9721012,-2.1236176,-2.077323
-1.0213958518353459,likelihood,234,-1.6359053,-1.7180991,-1.6588707
-2.063734245295308,likelihood,235,-1.6011143,-1.4831567,-1.66783
-0.6971612882295484,likelihood,236,-1.2414618,-1.3521571,-1.2393985
-0.35694456138101716,likelihood,237,-2.112731,-2.2153664,-2.2579856
-1.9402270506040278,likelihood,238,-1.6430554,-1.6378369,-1.6185322
-0.3743002071710133,likelihood,239,-1.2656493,-0.94894123,-0.99784327
-0.8923312082343913,likelihood,240,-1.2252622,-1.1595225,-1.2085495
-0.28907710528306596,likelihood,241,-1.1804819,-1.2614098,-1.2551365
-2.4353863621106004,likelihood,242,-1.3357878,-1.3850579,-1.1650839
-1.1315274368573465,likelihood,243,-1.6865888,-1.5307093,-1.5633178
-0.2364784612533713,likelihood,244,-1.262198,-1.1132102,-0.96819687
-0.347007954423043,likelihood,245,-0.73714733,-0.82423115,-0.9014926
-0.4939427020247468,likelihood,246,-1.0825691,-1.0202632,-1.1234813
-0.29165359770646304,likelihood,247,-1.5023651,-1.5737963,-1.3693967
-0.713686607181832,likelihood,248,-1.565702,-1.2648535,-1.559094
-0.48865265025919813,likelihood,249,-2.2938948,-1.837173,-1.9523664
-0.5381292055659989,likelihood,250,-1.3652158,-1.3854942,-1.409194
-0.9809620410418803,likelihood,251,-1.5466037,-1.3266373,-1.532793
-0.602240920847658,likelihood,252,-1.209681,-1.073792,-0.9891715
-1.1597082775375425,likelihood,253,-1.2608981,-1.3068371,-1.3340783
-2.0822580222172125,likelihood,254,-2.6925945,-2.208197,-2.378014
-0.4658012161727343,likelihood,255,-0.9283204,-1.1237268,-1.0660739
-0.6127599134930432,likelihood,256,-1.610601,-1.5706897,-1.503778
-0.627686944041945,likelihood,257,-2.7059364,-2.394507,-2.4099164
-0.23701653371993917,likelihood,258,-1.3378248,-1.1619515,-1.2600222
-1.409799183379205,likelihood,259,-1.5872731,-1.7263713,-1.5353665
-1.5242899926490057,likelihood,260,-2.475727,-2.0845852,-2.2583866
-0.7991017261658464,likelihood,261,-1.0941801,-1.0181546,-1.2315578
-1.3726256153621328,likelihood,262,-2.777347,-2.483821,-2.5258684
-1.593727299286171,likelihood,263,-2.4893475,-2.323007,-2.582384
-0.9566259920863898,likelihood,264,-1.1954865,-1.2937965,-1.3023171
-0.6258519028359589,likelihood,265,-4.68933,-4.3271713,-4.196096
-2.0699815402841493,likelihood,266,-1.5003147,-1.6883063,-1.7051473
-0.6262834761247213,likelihood,267,-1.2743578,-1.3115683,-1.3105092
-1.7103906796861605,likelihood,268,-2.0643635,-1.9932308,-2.0426993
-2.706192591764502,likelihood,269,-1.3911381,-1.8292212,-1.572084
-2.064007393604789,likelihood,270,-2.0284886,-2.0909872,-2.1717558
-1.1594226331089323,likelihood,271,-3.4019775,-2.547389,-2.7178793
-4.241675488947766,likelihood,272,-4.7781625,-4.645422,-4.8660517
-1.3059304956869604,likelihood,273,-2.8222604,-2.6636238,-2.8067288
-0.7812159506619857,likelihood,274,-1.3961535,-1.2685585,-1.4060144
-0.5635580051596392,likelihood,275,-1.0312042,-1.0557923,-1.1441574
-1.8464642754988538,likelihood,276,-2.3060932,-2.2687306,-2.240312
-0.6136241613332909,likelihood,277,-1.1898189,-0.99187565,-1.1051455
-1.4561688848997338,likelihood,278,-1.2879128,-1.1643925,-1.1125431
-2.296321823388433,likelihood,279,-7.0617666,-6.6647944,-6.5220633
-0.7653021945528163,likelihood,280,-1.3929253,-1.305821,-1.1589866
-1.5977743495226608,likelihood,281,-1.7281632,-1.6026392,-1.8097887
-2.588257838815932,likelihood,282,-1.8628073,-2.0931005,-2.122686
-1.9380209010724154,likelihood,283,-2.003953,-2.1814494,-2.0791593
-0.4743793020193682,likelihood,284,-1.199089,-1.1180396,-1.0608044
-2.274627166091472,likelihood,285,-2.7664623,-2.6171064,-2.4781084
-1.4381110347686785,likelihood,286,-4.2964787,-3.9684267,-4.102232
-0.7003946801421057,likelihood,287,-1.6363544,-1.5919447,-1.625957
-0.43107608954977483,likelihood,288,-1.401535,-1.2383356,-1.204884
-2.0312276082552705,likelihood,289,-2.2456174,-2.4038262,-2.3172956
-1.5975411770671177,likelihood,290,-1.949079,-2.0004234,-2.1640625
-0.6764781380049361,likelihood,291,-1.1614022,-1.0581656,-1.1475787
-1.1519881173981998,likelihood,292,-1.2595496,-1.2281823,-1.2992659
-0.2735933142072147,likelihood,293,-1.0797448,-0.7351551,-0.9855404
-0.848928238886759,likelihood,294,-3.6980386,-2.975676,-3.1520228
-0.96732031681102,likelihood,295,-1.7112594,-1.5098939,-1.6412406
-0.43403348929746655,likelihood,296,-1.1906667,-0.98250484,-1.0852213
-0.6516976964803533,likelihood,297,-1.9347677,-1.7565455,-1.8434715
-1.5432381359695166,likelihood,298,-2.5502448,-2.2066226,-2.376122
-0.6656001664744565,likelihood,299,-1.8475208,-1.5856204,-1.5653868
-0.9623330509661955,likelihood,300,-1.8537116,-1.6714005,-1.7297821
-1.3461729011627597,likelihood,301,-1.360476,-1.0460997,-1.1200347
-0.4664178817285961,likelihood,302,-1.2714701,-1.014523,-1.0756254
-1.475096022749552,likelihood,303,-0.92640257,-1.3506188,-1.3086176
-0.3496764670290102,likelihood,304,-1.2908278,-1.1529546,-1.3704219
-1.5684432554416765,likelihood,305,-2.8733416,-2.5184636,-2.607926
-1.2572491295671073,likelihood,306,-1.4363685,-1.5133333,-1.1429996
-0.42080843841121895,likelihood,307,-1.3810468,-1.3116775,-1.546031
-0.48559194366906777,likelihood,308,-1.4594984,-1.3361573,-1.5158181
-0.4647075329687959,likelihood,309,-1.889399,-1.793314,-1.8129625
-0.9096658612521362,likelihood,310,-2.559229,-1.827456,-1.9646358
-0.5762849396045953,likelihood,311,-1.9982162,-1.989862,-1.9192333
-1.6082033644105276,likelihood,312,-2.074542,-2.161656,-2.3616757
-0.2635617019143832,likelihood,313,-0.6693158,-0.68733454,-0.88635206
-0.8570854197075557,likelihood,314,-1.5187473,-1.4752913,-1.5097728
-1.4239637459663506,likelihood,315,-1.218936,-1.2978306,-1.4431071
-0.32294715558532733,likelihood,316,-1.7759442,-1.6523843,-1.748126
-2.1077932316668706,likelihood,317,-1.3595014,-1.3555923,-1.2183886
-1.658224595312864,likelihood,318,-3.2295165,-3.140561,-3.3277516
-0.6446715087712493,likelihood,319,-0.7518134,-0.98359966,-1.0799065
-0.9750779459893959,likelihood,320,-3.6615353,-2.9373612,-2.9981437
-1.5500732505012196,likelihood,321,-2.4489799,-2.0151987,-2.1579576
-0.5564097466857201,likelihood,322,-2.1914182,-1.5626545,-1.6702452
-7.614961549811525,likelihood,323,-4.0334,-4.2206616,-4.3855095
-0.48634264627236395,likelihood,324,-1.1598272,-1.2187419,-1.2291231
-2.1870384137723633,likelihood,325,-3.8047829,-3.3988352,-3.4456673
-0.27367999297712625,likelihood,326,-1.2966557,-1.0645814,-1.0740652
-0.37949164435025107,likelihood,327,-1.615087,-1.3360085,-1.254592
-0.6967440717869069,likelihood,328,-1.2681093,-0.9881315,-1.0251184
-3.5225034931784345,likelihood,329,-1.5952935,-1.7156935,-1.7153683
-0.39791437017613107,likelihood,330,-1.2085619,-1.1158767,-1.1570377
-1.3648859529609432,likelihood,331,-1.912066,-1.9077907,-1.7336087
-0.4635451110933529,likelihood,332,-1.3573318,-0.86996126,-1.0378513
-0.7901643955777303,likelihood,333,-2.0941281,-1.852633,-1.9854584
-1.1148511596278836,likelihood,334,-2.226088,-1.6080241,-1.7977386
-0.6706959426311685,likelihood,335,-1.5208907,-1.3166051,-1.5492349
-0.30868215089961315,likelihood,336,-1.1255546,-1.0128102,-1.0539994
-0.671365879175042,likelihood,337,-1.0512114,-0.9483876,-1.0226698
-1.625547713597928,likelihood,338,-1.1057863,-1.0761828,-1.0213523
-0.2998224166271698,likelihood,339,-1.1583099,-1.0695896,-1.1030135
-0.5799482579519027,likelihood,340,-2.5869617,-2.5578132,-2.689467
-0.4746868451722617,likelihood,341,-1.277421,-1.3308239,-1.344192
-0.5931901004819258,likelihood,342,-1.8169436,-1.4731693,-1.5315332
-0.4367755091732955,likelihood,343,-2.1882138,-1.5883274,-1.6534286
-0.7133890147286132,likelihood,344,-0.95772314,-1.1400933,-1.017549
-1.2054491012525352,likelihood,345,-1.560318,-1.5256548,-1.5391965
-1.8120513759255499,likelihood,346,-1.9658008,-1.9918938,-1.7569642
-1.770782928036988,likelihood,347,-4.6260824,-4.3130155,-4.490978
-1.9281833339843286,likelihood,348,-1.7807941,-1.7840195,-1.7707939
-0.7211800658788965,likelihood,349,-1.2554159,-1.2626228,-1.2272644
-0.9939764918054633,likelihood,350,-1.4779124,-1.4886813,-1.4290771
-0.2524029299960222,likelihood,351,-1.1187887,-0.8235798,-0.91312075
-2.1580394241725,likelihood,352,-2.3152432,-2.263001,-2.385931
-0.7805621480253809,likelihood,353,-1.3372078,-1.3788414,-1.2424603
-0.7388561244449898,likelihood,354,-1.4317155,-1.3616176,-1.1252089
-0.4224784565558152,likelihood,355,-1.1468539,-1.1738558,-1.0401521
-1.4202859785055653,likelihood,356,-1.2007203,-1.3776402,-1.4529691
-0.4558679509297236,likelihood,357,-0.9568963,-0.936512,-0.8917346
-0.2392982443275104,likelihood,358,-0.8791938,-0.7201657,-1.0087223
-0.9375429955267357,likelihood,359,-1.8385506,-1.8833594,-1.77248
-2.67674527772909,likelihood,360,-1.2588844,-1.5608001,-1.3112845
-0.6115425008395509,likelihood,361,-3.1892824,-2.7308326,-2.8619413
-1.3336515170627594,likelihood,362,-3.7556548,-3.3452191,-3.5370193
-2.0439739117661833,likelihood,363,-1.5376987,-1.8429456,-1.8310375
-0.8239312476563464,likelihood,364,-1.5311942,-1.2714815,-1.2751608
-1.2306754138956841,likelihood,365,-1.5871162,-1.3243399,-1.374095
-0.4971385235701874,likelihood,366,-1.1155014,-0.97984076,-1.0890646
-0.5611948271918411,likelihood,367,-0.58877563,-0.9490218,-1.018054
-0.2711717071388822,likelihood,368,-1.4908442,-1.3108916,-1.3295021
-0.2733700309788335,likelihood,369,-0.81179476,-0.9261699,-0.9003506
-1.2346704738945748,likelihood,370,-1.2690215,-1.1385164,-1.1617446
-0.8520156350335746,likelihood,371,-1.5307312,-1.256073,-1.3542304
-0.9555521607191222,likelihood,372,-1.2547898,-1.2888064,-1.2732573
-1.788320497145208,likelihood,373,-1.8197527,-1.8738332,-1.950736
-0.6182732429338185,likelihood,374,-1.219502,-1.11585,-1.1413021
-0.9594589515685774,likelihood,375,-1.2026381,-1.344914,-1.2911801
-1.3735264784651646,likelihood,376,-1.3904657,-1.5644312,-1.2193923
-2.9667629044316035,likelihood,377,-2.3474817,-2.2628012,-2.3611565
-0.8576703999256184,likelihood,378,-1.4062786,-1.4353504,-1.4526753
-0.857222362087701,likelihood,379,-3.5799084,-2.853222,-3.051714
-1.614941039577235,likelihood,380,-3.3904886,-3.050027,-3.280326
-0.8533373837946464,likelihood,381,-1.7542253,-1.2891684,-1.5626717
-1.8602200324951454,likelihood,382,-1.5854373,-1.9047122,-1.7133927
-0.6495824184653298,likelihood,383,-1.0098495,-1.0317922,-1.1311164
-0.5158952149211395,likelihood,384,-1.5314703,-1.2403693,-1.2845855
-3.591314248190203,likelihood,385,-2.0607748,-2.352375,-2.2164373
-2.7016110844314003,likelihood,386,-2.7385845,-2.518332,-2.588122
-0.5540718836669127,likelihood,387,-1.0273733,-0.96383715,-1.0938706
-1.2068785427209583,likelihood,388,-2.0022187,-1.8113413,-1.7982697
-0.6463980634618942,likelihood,389,-1.1498084,-0.9723687,-1.0523891
-0.8849074970538102,likelihood,390,-1.9883981,-1.9268341,-1.9380288
-0.4870465302908703,likelihood,391,-1.6084938,-1.6690369,-1.6111917
-0.3684575040854846,likelihood,392,-1.5854139,-1.3552842,-1.4335351
-0.4074955028881121,likelihood,393,-0.85856056,-0.9441457,-1.005774
-1.7209577193490813,likelihood,394,-3.6198058,-3.2742505,-3.5457988
-2.900523196183207,likelihood,395,-1.3909926,-1.3729806,-1.29144
-0.8916596036172862,likelihood,396,-1.1929626,-1.2738299,-1.4814963
-1.4318759393799703,likelihood,397,-2.42348,-2.1284466,-2.20163
-0.7613951400568431,likelihood,398,-1.3098454,-1.3003039,-1.3180194
-6.513254032518005,likelihood,399,-4.1873784,-4.143671,-4.254544
-0.6185637551991092,likelihood,400,-2.2271576,-1.9158707,-1.9845243
-1.2802779045663082,likelihood,401,-1.5948019,-1.6612186,-1.5444546
-0.7092371041472567,likelihood,402,-1.6846275,-1.592701,-1.6057744
-0.41715188403631237,likelihood,403,-1.307055,-1.1215076,-1.0449567
-0.2415629103625089,likelihood,404,-0.8006849,-0.6966214,-0.9706745
-0.2832831654170012,likelihood,405,-0.97787476,-1.0985589,-0.925612
-0.7098280165424682,likelihood,406,-0.7796111,-0.9174099,-0.99015474
-2.721564232528599,likelihood,407,-2.87216,-2.7947054,-2.9311833
-0.33239020930606655,likelihood,408,-1.2938204,-0.9516568,-1.0537753
-2.452395040658147,likelihood,409,-2.3006506,-2.062417,-1.987535
-0.5477448777229383,likelihood,410,-1.3999534,-1.2899947,-1.2540507
-1.2052921719181866,likelihood,411,-1.1472278,-1.1771412,-1.2732325
-0.43293152213475405,likelihood,412,-1.4130816,-1.2408133,-1.2220678
-1.1308742921670998,likelihood,413,-1.6280808,-1.4245911,-1.4080362
-0.6003818168306027,likelihood,414,-1.3417411,-1.1457024,-1.2466216
-0.9065362359381645,likelihood,415,-2.0903568,-1.9515224,-2.0359607
-0.6063617269812014,likelihood,416,-1.8070617,-1.6853423,-1.8092303
-4.549185600718891,likelihood,417,-2.9736724,-3.1343122,-3.146133
-0.4831523785314261,likelihood,418,-1.5835395,-1.3324461,-1.3420424
-0.7514436908078774,likelihood,419,-1.3547702,-1.0298018,-1.0957751
-2.905240239324219,likelihood,420,-1.8946934,-1.9550567,-1.9021273
-1.0176514478546488,likelihood,421,-2.093718,-1.909697,-2.1343546
-2.3342074557805903,likelihood,422,-4.303326,-4.1660433,-4.340865
-1.6413849292937202,likelihood,423,-3.4894156,-2.7585187,-2.7621212
-1.7090674118502136,likelihood,424,-1.769331,-1.9492865,-1.8135576
-1.9027535952482302,likelihood,425,-5.5164022,-5.4410768,-5.424078
-1.130768467700754,likelihood,426,-1.5044928,-1.5549731,-1.4141874
-2.107568695855869,likelihood,427,-1.8364444,-2.0774689,-2.0112681
-1.1101269689723763,likelihood,428,-1.460187,-1.5537944,-1.6056943
-1.0511416047299749,likelihood,429,-2.2271523,-1.5694151,-1.7675071
-1.031982543280854,likelihood,430,-1.4837399,-1.4796772,-1.5995684
-1.9636609910280016,likelihood,431,-1.1188707,-1.0375352,-1.1374125
-0.27526003265597154,likelihood,432,-1.2300181,-0.89102745,-1.0264411
-1.1296266919188,likelihood,433,-1.929286,-1.6842246,-1.8154392
-0.681317641452321,likelihood,434,-1.2352514,-1.3671694,-1.3850031
-0.42932736764844504,likelihood,435,-1.139452,-1.1824064,-1.0312214
-0.2938159084562438,likelihood,436,-1.6609449,-1.0021663,-1.3044782
-0.6595883967823891,likelihood,437,-1.3771653,-1.3411617,-1.2197299
-0.2480145641878609,likelihood,438,-1.0012536,-0.6318555,-0.9064789
-5.472577786062217,likelihood,439,-5.584284,-5.1558642,-5.3812017
-1.9845837285987888,likelihood,440,-3.4683242,-2.970932,-3.03233
-2.3083497010734524,likelihood,441,-1.5242124,-1.7273092,-1.5440364
-0.5040961337852123,likelihood,442,-1.5620217,-1.12818,-1.3975525
-2.585550592704905,likelihood,443,-1.4497151,-1.6563315,-1.3439136
-0.2566792062816624,likelihood,444,-1.7007232,-1.546854,-1.5129008
-0.5698722268057337,likelihood,445,-2.6827211,-2.2399797,-2.403284
-1.1469188972592796,likelihood,446,-2.724155,-2.353096,-2.626697
-0.5224998296281793,likelihood,447,-1.259995,-1.0375295,-1.223444
-1.7358715617099592,likelihood,448,-2.627119,-2.0690565,-2.2541938
-0.9702988974018328,likelihood,449,-2.7109222,-2.8042355,-2.7223954
-0.9620158168355539,likelihood,450,-1.8736973,-1.5190954,-1.6536059
-1.6274640934996694,likelihood,451,-2.6626892,-2.3983722,-2.5321407
-0.2709987924045013,likelihood,452,-1.8374047,-1.7484827,-1.7592831
-0.295863477092996,likelihood,453,-1.1521888,-0.9347005,-1.1269956
-1.500291430408717,likelihood,454,-2.1645103,-2.0184932,-2.1385899
-1.6171873832177217,likelihood,455,-4.4288926,-4.026228,-4.138459
-0.24303085422758955,likelihood,456,-0.9587183,-0.6623969,-0.8809838
-1.1929818292892946,likelihood,457,-3.2468576,-2.6105952,-2.782104
-0.8177776750979439,likelihood,458,-1.0371509,-1.2091756,-1.1713762
-3.1963251535273356,likelihood,459,-3.6130052,-3.3184166,-3.2652454
-1.8855217413612142,likelihood,460,-1.8490791,-1.9801011,-1.9507017
-1.0097728006905347,likelihood,461,-1.5400677,-1.3759203,-1.4147444
-1.340633568134032,likelihood,462,-2.2075734,-1.9445968,-1.9164615
-0.6153817926044587,likelihood,463,-1.5286503,-1.5185008,-1.5263119
-0.7072198677297669,likelihood,464,-1.0260391,-1.2102604,-1.2313566
-0.4934089731502302,likelihood,465,-0.91193914,-0.80461454,-1.0877738
-0.7365988157472688,likelihood,466,-2.467516,-2.071363,-2.2637334
-0.974365275363525,likelihood,467,-2.8059063,-2.3098621,-2.3765693
-0.9317354577402353,likelihood,468,-1.8768792,-1.7946391,-1.8635373
-1.409343045431965,likelihood,469,-2.9489584,-2.5829391,-2.759973
-0.4675446504938843,likelihood,470,-1.1135378,-1.0555482,-1.0703053
-0.28896239663901546,likelihood,471,-0.9793997,-0.77671003,-0.9258776
-0.3997154681154451,likelihood,472,-2.242559,-1.9905491,-2.1026344
-1.9337116301596242,likelihood,473,-2.2275052,-2.1307006,-2.1591463
-0.5447794603997926,likelihood,474,-1.1434398,-1.1154623,-1.1496587
-0.44143034801291836,likelihood,475,-3.320733,-2.6277637,-2.709477
-1.4350114409759713,likelihood,476,-3.7321439,-3.2626476,-3.4618287
-0.6837997431638263,likelihood,477,-1.3355556,-1.0949216,-1.1984987
-0.4291966253603613,likelihood,478,-1.6600714,-1.6334825,-1.5357642
-0.4318042792864397,likelihood,479,-1.7660747,-1.5933213,-1.4984126
-2.5885360652209455,likelihood,480,-1.7887287,-1.9764543,-1.781002
-0.24332755829304642,likelihood,481,-1.2273884,-1.0067902,-1.063086
-1.167919418506715,likelihood,482,-2.630937,-2.6388988,-2.594685
-4.726759192086906,likelihood,483,-3.8297567,-3.8218656,-4.0641413
-0.4968909061564495,likelihood,484,-1.921102,-1.7954574,-1.8322716
-1.2725487788469896,likelihood,485,-2.5581865,-2.4182048,-2.4569163
-1.840821572148197,likelihood,486,-1.577704,-1.6086826,-1.5918899
-2.207249210960394,likelihood,487,-1.4845161,-1.4063344,-1.2935352
-0.6255134755999567,likelihood,488,-1.2495952,-1.2353663,-0.9543438
-0.693801108754378,likelihood,489,-1.2657304,-1.2799406,-1.4043989
-0.4170911169355642,likelihood,490,-0.99403286,-1.2309227,-0.90281916
-1.430124307297095,likelihood,491,-4.346093,-3.452766,-3.526379
-1.5953933430580816,likelihood,492,-2.0067587,-2.0358863,-2.123361
-3.178903507345428,likelihood,493,-3.8360076,-3.8928275,-4.0154424
-4.563552541420456,likelihood,494,-2.7818713,-2.811655,-2.833282
-0.6786107812915654,likelihood,495,-1.142148,-1.1511216,-1.1749854
-0.9013663005921007,likelihood,496,-1.1620903,-1.1707058,-0.9572253
-1.4489198058959276,likelihood,497,-1.4352946,-1.6374931,-1.5821881
-0.6850188827256527,likelihood,498,-1.3771696,-1.240088,-1.3867035
-1.152559514271322,likelihood,499,-1.2737594,-1.6652522,-1.3715873
-0.9265850353614851,likelihood,500,-1.1634984,-1.2577071,-1.20151
-1.4099762595190095,likelihood,501,-2.2987852,-2.0988483,-2.109395
-1.5288426040859209,likelihood,502,-3.4250922,-2.9052587,-3.159049
-1.37684509080201,likelihood,503,-1.1024871,-1.4682121,-1.3431559
-1.4302667546780363,likelihood,504,-1.6092649,-1.4833574,-1.4854655
-2.5687289648032694,likelihood,505,-2.6121125,-2.6416836,-2.774961
-2.027791218063911,likelihood,506,-1.4385824,-1.7115784,-1.639504
-0.45176958981309856,likelihood,507,-1.5139432,-1.3642802,-1.6142654
-0.313599005892098,likelihood,508,-0.92947435,-0.69211245,-1.0553727
-1.1174483015696306,likelihood,509,-1.6715016,-1.8895197,-1.5809612
-2.2803861570538393,likelihood,510,-4.860658,-4.454589,-4.484551
-1.010592617734398,likelihood,511,-0.98338795,-1.0915918,-1.1466541
